<?xml version="1.0" encoding="UTF-8"?>
<alto xmlns:xsi="http://www.w3.org/2001/XMLSchema-instance" xsi:noNamespaceSchemaLocation="http://www.bl.uk/schemas/alto/alto-1-4.xsd" xmlns:xlink="http://www.w3.org/1999/xlink">
	<Description>
		<MeasurementUnit>mm10</MeasurementUnit>
		<sourceImageInformation>
			<fileName>//head1/IN/2008-13/A0011342463/003371.jp2</fileName>
		</sourceImageInformation>
		<OCRProcessing ID="OCRPROCESSING_1">
			<preProcessingStep>
				<processingSoftware>
					<softwareCreator>CCS Content Conversion Specialists GmbH, Germany</softwareCreator>
					<softwareName>CCS docWORKS</softwareName>
					<softwareVersion>6.1-0.67</softwareVersion>
				</processingSoftware>
			</preProcessingStep>
			<ocrProcessingStep>
				<processingSoftware>
					<softwareCreator>ABBYY (BIT Software), Russia</softwareCreator>
					<softwareName>Finereader</softwareName>
				</processingSoftware>
			</ocrProcessingStep>
		</OCRProcessing>
	</Description>
	<Styles>
		<TextStyle ID="TXT_0" FONTSIZE="10" FONTFAMILY="Courier New"/>
		<TextStyle ID="TXT_1" FONTSIZE="9" FONTFAMILY="Courier New"/>
		<ParagraphStyle ID="PAR_RIGHT" ALIGN="Right"/>
		<ParagraphStyle ID="PAR_LEFT" ALIGN="Left"/>
		<ParagraphStyle ID="PAR_CENTER" ALIGN="Center"/>
	</Styles>
	<Layout>
		<Page ID="P451" PHYSICAL_IMG_NR="451" HEIGHT="2350" WIDTH="1784" POSITION="Right" ACCURACY="79.08">
			<TopMargin ID="P451_TM00001" HPOS="0" VPOS="0" WIDTH="1783" HEIGHT="158"/>
			<LeftMargin ID="P451_LM00001" HPOS="0" VPOS="158" WIDTH="230" HEIGHT="2006"/>
			<RightMargin ID="P451_RM00001" HPOS="1584" VPOS="158" WIDTH="199" HEIGHT="2006"/>
			<BottomMargin ID="P451_BM00001" HPOS="0" VPOS="2164" WIDTH="1783" HEIGHT="186"/>
			<PrintSpace ID="P451_PS00001" HPOS="230" VPOS="158" WIDTH="1354" HEIGHT="2006">
				<TextBlock ID="P451_TB00001" HPOS="618" VPOS="158" WIDTH="960" HEIGHT="40" STYLEREFS="TXT_0 PAR_RIGHT">
					<TextLine ID="P451_TL00001" HPOS="620" VPOS="159" WIDTH="958" HEIGHT="39">
						<String ID="P451_ST00001" HPOS="620" VPOS="159" WIDTH="158" HEIGHT="25" CONTENT="CHINESE" WC="0.82" CC="0713000"/>
						<SP ID="P451_SP00001" HPOS="778" VPOS="184" WIDTH="19"/>
						<String ID="P451_ST00002" HPOS="797" VPOS="160" WIDTH="167" HEIGHT="25" CONTENT="OFFICIAL" WC="0.67" CC="12600464"/>
						<SP ID="P451_SP00002" HPOS="964" VPOS="185" WIDTH="20"/>
						<String ID="P451_ST00003" HPOS="984" VPOS="162" WIDTH="232" HEIGHT="26" CONTENT="DOCUMENTS." WC="0.83" CC="1302001043"/>
						<SP ID="P451_SP00003" HPOS="1216" VPOS="188" WIDTH="299"/>
						<String ID="P451_ST00004" HPOS="1515" VPOS="168" WIDTH="63" HEIGHT="30" CONTENT="3gl" WC="0.38" CC="583"/>
					</TextLine>
				</TextBlock>
				<TextBlock ID="P451_TB00002" HPOS="237" VPOS="230" WIDTH="1343" HEIGHT="202" STYLEREFS="TXT_0 PAR_LEFT">
					<TextLine ID="P451_TL00002" HPOS="240" VPOS="232" WIDTH="1340" HEIGHT="49">
						<String ID="P451_ST00005" HPOS="240" VPOS="232" WIDTH="153" HEIGHT="41" CONTENT="Emperor" WC="0.67" CC="6600423"/>
						<SP ID="P451_SP00004" HPOS="393" VPOS="273" WIDTH="15"/>
						<String ID="P451_ST00006" HPOS="408" VPOS="234" WIDTH="53" HEIGHT="31" CONTENT="the" WC="1.00" CC="000"/>
						<SP ID="P451_SP00005" HPOS="461" VPOS="273" WIDTH="16"/>
						<String ID="P451_ST00007" HPOS="477" VPOS="234" WIDTH="156" HEIGHT="31" CONTENT="intention" WC="0.72" CC="260062601"/>
						<SP ID="P451_SP00006" HPOS="633" VPOS="273" WIDTH="17"/>
						<String ID="P451_ST00008" HPOS="650" VPOS="237" WIDTH="37" HEIGHT="30" CONTENT="of" WC="1.00" CC="00"/>
						<SP ID="P451_SP00007" HPOS="687" VPOS="273" WIDTH="16"/>
						<String ID="P451_ST00009" HPOS="703" VPOS="248" WIDTH="79" HEIGHT="31" CONTENT="your" WC="0.70" CC="6005"/>
						<SP ID="P451_SP00008" HPOS="782" VPOS="279" WIDTH="13"/>
						<String ID="P451_ST00010" HPOS="795" VPOS="239" WIDTH="94" HEIGHT="40" CONTENT="King," WC="0.74" CC="05420"/>
						<SP ID="P451_SP00009" HPOS="889" VPOS="279" WIDTH="26"/>
						<String ID="P451_ST00011" HPOS="915" VPOS="243" WIDTH="31" HEIGHT="26" CONTENT="to" WC="0.86" CC="20"/>
						<SP ID="P451_SP00010" HPOS="946" VPOS="279" WIDTH="13"/>
						<String ID="P451_ST00012" HPOS="959" VPOS="240" WIDTH="76" HEIGHT="30" CONTENT="send" WC="0.71" CC="0055"/>
						<SP ID="P451_SP00011" HPOS="1035" VPOS="279" WIDTH="14"/>
						<String ID="P451_ST00013" HPOS="1049" VPOS="248" WIDTH="139" HEIGHT="33" CONTENT="presents" WC="0.89" CC="00020301"/>
						<SP ID="P451_SP00012" HPOS="1188" VPOS="281" WIDTH="11"/>
						<String ID="P451_ST00014" HPOS="1199" VPOS="248" WIDTH="33" HEIGHT="25" CONTENT="to" WC="1.00" CC="00"/>
						<SP ID="P451_SP00013" HPOS="1232" VPOS="281" WIDTH="12"/>
						<String ID="P451_ST00015" HPOS="1244" VPOS="242" WIDTH="143" HEIGHT="33" CONTENT="manifest" WC="0.72" CC="40708020"/>
						<SP ID="P451_SP00014" HPOS="1387" VPOS="281" WIDTH="15"/>
						<String ID="P451_ST00016" HPOS="1402" VPOS="242" WIDTH="46" HEIGHT="32" CONTENT="his" WC="0.69" CC="602"/>
						<SP ID="P451_SP00015" HPOS="1448" VPOS="281" WIDTH="16"/>
						<String ID="P451_ST00017" HPOS="1464" VPOS="243" WIDTH="116" HEIGHT="31" CONTENT="sincere" WC="0.66" CC="1560063"/>
					</TextLine>
					<TextLine ID="P451_TL00003" HPOS="238" VPOS="285" WIDTH="1342" HEIGHT="50">
						<String ID="P451_ST00018" HPOS="238" VPOS="285" WIDTH="85" HEIGHT="38" CONTENT="good" WC="1.00" CC="0000"/>
						<SP ID="P451_SP00016" HPOS="323" VPOS="323" WIDTH="13"/>
						<String ID="P451_ST00019" HPOS="336" VPOS="286" WIDTH="61" HEIGHT="28" CONTENT="will" WC="0.91" CC="3000"/>
						<String ID="P451_ST00020" HPOS="410" VPOS="298" WIDTH="10" HEIGHT="25" CONTENT=";" WC="0.15" CC="8"/>
						<SP ID="P451_SP00017" HPOS="420" VPOS="323" WIDTH="24"/>
						<String ID="P451_ST00021" HPOS="444" VPOS="286" WIDTH="62" HEIGHT="29" CONTENT="and" WC="0.86" CC="040"/>
						<SP ID="P451_SP00018" HPOS="506" VPOS="323" WIDTH="25"/>
						<String ID="P451_ST00022" HPOS="531" VPOS="286" WIDTH="78" HEIGHT="31" CONTENT="have" WC="1.00" CC="0000"/>
						<SP ID="P451_SP00019" HPOS="609" VPOS="323" WIDTH="25"/>
						<String ID="P451_ST00023" HPOS="634" VPOS="298" WIDTH="69" HEIGHT="22" CONTENT="now" WC="0.69" CC="602"/>
						<SP ID="P451_SP00020" HPOS="703" VPOS="323" WIDTH="26"/>
						<String ID="P451_ST00024" HPOS="729" VPOS="295" WIDTH="33" HEIGHT="25" CONTENT="to" WC="1.00" CC="00"/>
						<SP ID="P451_SP00021" HPOS="762" VPOS="323" WIDTH="29"/>
						<String ID="P451_ST00025" HPOS="791" VPOS="295" WIDTH="107" HEIGHT="25" CONTENT="return" WC="0.76" CC="500025"/>
						<SP ID="P451_SP00022" HPOS="898" VPOS="323" WIDTH="24"/>
						<String ID="P451_ST00026" HPOS="922" VPOS="290" WIDTH="111" HEIGHT="31" CONTENT="thanks" WC="0.82" CC="102500"/>
						<SP ID="P451_SP00023" HPOS="1033" VPOS="323" WIDTH="16"/>
						<String ID="P451_ST00027" HPOS="1049" VPOS="293" WIDTH="49" HEIGHT="38" CONTENT="(to" WC="0.90" CC="200"/>
						<SP ID="P451_SP00024" HPOS="1098" VPOS="331" WIDTH="24"/>
						<String ID="P451_ST00028" HPOS="1122" VPOS="303" WIDTH="52" HEIGHT="29" CONTENT="my" WC="0.72" CC="05"/>
						<SP ID="P451_SP00025" HPOS="1174" VPOS="332" WIDTH="16"/>
						<String ID="P451_ST00029" HPOS="1190" VPOS="294" WIDTH="182" HEIGHT="41" CONTENT="Sovereign)" WC="0.94" CC="1000000120"/>
						<SP ID="P451_SP00026" HPOS="1372" VPOS="335" WIDTH="16"/>
						<String ID="P451_ST00030" HPOS="1388" VPOS="295" WIDTH="48" HEIGHT="29" CONTENT="for" WC="0.80" CC="600"/>
						<SP ID="P451_SP00027" HPOS="1436" VPOS="335" WIDTH="11"/>
						<String ID="P451_ST00031" HPOS="1447" VPOS="295" WIDTH="46" HEIGHT="30" CONTENT="his" WC="0.90" CC="003"/>
						<SP ID="P451_SP00028" HPOS="1493" VPOS="335" WIDTH="16"/>
						<String ID="P451_ST00032" HPOS="1509" VPOS="304" WIDTH="71" HEIGHT="21" CONTENT="con" SUBS_TYPE="HypPart1" SUBS_CONTENT="consenting" WC="0.75" CC="0251"/>
						<HYP CONTENT="-"/>
					</TextLine>
					<TextLine ID="P451_TL00004" HPOS="238" VPOS="336" WIDTH="1337" HEIGHT="46">
						<String ID="P451_ST00033" HPOS="238" VPOS="336" WIDTH="126" HEIGHT="39" CONTENT="senting" SUBS_TYPE="HypPart2" SUBS_CONTENT="consenting" WC="0.80" CC="3010251"/>
						<SP ID="P451_SP00029" HPOS="364" VPOS="375" WIDTH="13"/>
						<String ID="P451_ST00034" HPOS="377" VPOS="336" WIDTH="69" HEIGHT="30" CONTENT="that" WC="1.00" CC="0000"/>
						<SP ID="P451_SP00030" HPOS="446" VPOS="375" WIDTH="15"/>
						<String ID="P451_ST00035" HPOS="461" VPOS="336" WIDTH="54" HEIGHT="30" CONTENT="the" WC="0.76" CC="070"/>
						<SP ID="P451_SP00031" HPOS="515" VPOS="375" WIDTH="24"/>
						<String ID="P451_ST00036" HPOS="539" VPOS="337" WIDTH="210" HEIGHT="33" CONTENT="Ambassador" WC="0.91" CC="3500000000"/>
						<SP ID="P451_SP00032" HPOS="749" VPOS="375" WIDTH="13"/>
						<String ID="P451_ST00037" HPOS="762" VPOS="341" WIDTH="81" HEIGHT="30" CONTENT="from" WC="0.64" CC="2506"/>
						<SP ID="P451_SP00033" HPOS="843" VPOS="375" WIDTH="27"/>
						<String ID="P451_ST00038" HPOS="870" VPOS="341" WIDTH="143" HEIGHT="41" CONTENT="England" WC="0.67" CC="1424044"/>
						<SP ID="P451_SP00034" HPOS="1013" VPOS="382" WIDTH="16"/>
						<String ID="P451_ST00039" HPOS="1029" VPOS="342" WIDTH="111" HEIGHT="30" CONTENT="should" WC="0.72" CC="000644"/>
						<SP ID="P451_SP00035" HPOS="1140" VPOS="382" WIDTH="25"/>
						<String ID="P451_ST00040" HPOS="1165" VPOS="345" WIDTH="133" HEIGHT="37" CONTENT="proceed" WC="0.91" CC="0200003"/>
						<SP ID="P451_SP00036" HPOS="1298" VPOS="382" WIDTH="15"/>
						<String ID="P451_ST00041" HPOS="1313" VPOS="351" WIDTH="32" HEIGHT="24" CONTENT="to" WC="1.00" CC="00"/>
						<SP ID="P451_SP00037" HPOS="1345" VPOS="382" WIDTH="17"/>
						<String ID="P451_ST00042" HPOS="1362" VPOS="346" WIDTH="97" HEIGHT="30" CONTENT="Court" WC="0.90" CC="00400"/>
						<SP ID="P451_SP00038" HPOS="1459" VPOS="382" WIDTH="15"/>
						<String ID="P451_ST00043" HPOS="1474" VPOS="346" WIDTH="101" HEIGHT="31" CONTENT="where" WC="0.88" CC="60000"/>
					</TextLine>
					<TextLine ID="P451_TL00005" HPOS="239" VPOS="386" WIDTH="969" HEIGHT="46">
						<String ID="P451_ST00044" HPOS="239" VPOS="386" WIDTH="40" HEIGHT="31" CONTENT="he" WC="0.76" CC="40"/>
						<SP ID="P451_SP00039" HPOS="279" VPOS="417" WIDTH="13"/>
						<String ID="P451_ST00045" HPOS="292" VPOS="386" WIDTH="61" HEIGHT="30" CONTENT="will" WC="0.60" CC="4604"/>
						<SP ID="P451_SP00040" HPOS="353" VPOS="417" WIDTH="16"/>
						<String ID="P451_ST00046" HPOS="369" VPOS="387" WIDTH="159" HEIGHT="42" CONTENT="assuredly" WC="0.87" CC="000200008"/>
						<SP ID="P451_SP00041" HPOS="528" VPOS="429" WIDTH="16"/>
						<String ID="P451_ST00047" HPOS="544" VPOS="389" WIDTH="40" HEIGHT="30" CONTENT="be" WC="1.00" CC="00"/>
						<SP ID="P451_SP00042" HPOS="584" VPOS="429" WIDTH="12"/>
						<String ID="P451_ST00048" HPOS="596" VPOS="392" WIDTH="144" HEIGHT="31" CONTENT="received" WC="0.82" CC="50001006"/>
						<SP ID="P451_SP00043" HPOS="740" VPOS="429" WIDTH="15"/>
						<String ID="P451_ST00049" HPOS="755" VPOS="393" WIDTH="62" HEIGHT="30" CONTENT="and" WC="0.81" CC="004"/>
						<SP ID="P451_SP00044" HPOS="817" VPOS="429" WIDTH="13"/>
						<String ID="P451_ST00050" HPOS="830" VPOS="393" WIDTH="165" HEIGHT="39" CONTENT="presented" WC="0.74" CC="050703006"/>
						<SP ID="P451_SP00045" HPOS="995" VPOS="432" WIDTH="15"/>
						<String ID="P451_ST00051" HPOS="1010" VPOS="393" WIDTH="73" HEIGHT="31" CONTENT="with" WC="0.73" CC="6400"/>
						<SP ID="P451_SP00046" HPOS="1083" VPOS="432" WIDTH="16"/>
						<String ID="P451_ST00052" HPOS="1099" VPOS="393" WIDTH="109" HEIGHT="39" CONTENT='gifts."' WC="0.83" CC="0234001"/>
					</TextLine>
				</TextBlock>
				<TextBlock ID="P451_TB00003" HPOS="237" VPOS="436" WIDTH="1338" HEIGHT="83" STYLEREFS="TXT_0 PAR_LEFT">
					<TextLine ID="P451_TL00006" HPOS="281" VPOS="437" WIDTH="1294" HEIGHT="50">
						<String ID="P451_ST00053" HPOS="281" VPOS="437" WIDTH="71" HEIGHT="31" CONTENT="The" WC="1.00" CC="000"/>
						<SP ID="P451_SP00047" HPOS="352" VPOS="468" WIDTH="16"/>
						<String ID="P451_ST00054" HPOS="368" VPOS="438" WIDTH="122" HEIGHT="41" CONTENT="foreign" WC="0.79" CC="4030502"/>
						<SP ID="P451_SP00048" HPOS="490" VPOS="479" WIDTH="16"/>
						<String ID="P451_ST00055" HPOS="506" VPOS="440" WIDTH="104" HEIGHT="31" CONTENT="officer" WC="0.93" CC="0000005"/>
						<SP ID="P451_SP00049" HPOS="610" VPOS="479" WIDTH="14"/>
						<String ID="P451_ST00056" HPOS="624" VPOS="443" WIDTH="301" HEIGHT="37" CONTENT="above-mentioned," WC="0.80" CC="6001022050300027"/>
						<SP ID="P451_SP00050" HPOS="925" VPOS="480" WIDTH="30"/>
						<String ID="P451_ST00057" HPOS="955" VPOS="456" WIDTH="80" HEIGHT="30" CONTENT="may," WC="0.66" CC="0085"/>
						<SP ID="P451_SP00051" HPOS="1035" VPOS="486" WIDTH="24"/>
						<String ID="P451_ST00058" HPOS="1059" VPOS="445" WIDTH="164" HEIGHT="41" CONTENT="agreeably" WC="0.80" CC="005000057"/>
						<SP ID="P451_SP00052" HPOS="1223" VPOS="486" WIDTH="25"/>
						<String ID="P451_ST00059" HPOS="1248" VPOS="451" WIDTH="33" HEIGHT="24" CONTENT="to" WC="1.00" CC="00"/>
						<SP ID="P451_SP00053" HPOS="1281" VPOS="486" WIDTH="23"/>
						<String ID="P451_ST00060" HPOS="1304" VPOS="457" WIDTH="56" HEIGHT="19" CONTENT="our" WC="0.98" CC="000"/>
						<SP ID="P451_SP00054" HPOS="1360" VPOS="486" WIDTH="21"/>
						<String ID="P451_ST00061" HPOS="1381" VPOS="448" WIDTH="194" HEIGHT="39" CONTENT="regulations," WC="0.93" CC="000020000104"/>
					</TextLine>
					<TextLine ID="P451_TL00007" HPOS="238" VPOS="489" WIDTH="229" HEIGHT="30">
						<String ID="P451_ST00062" HPOS="238" VPOS="492" WIDTH="109" HEIGHT="27" CONTENT="return" WC="0.82" CC="400006"/>
						<SP ID="P451_SP00055" HPOS="347" VPOS="519" WIDTH="16"/>
						<String ID="P451_ST00063" HPOS="363" VPOS="489" WIDTH="104" HEIGHT="30" CONTENT="home." WC="0.82" CC="10402"/>
					</TextLine>
				</TextBlock>
				<TextBlock ID="P451_TB00004" HPOS="237" VPOS="539" WIDTH="1340" HEIGHT="99" STYLEREFS="TXT_0 PAR_LEFT">
					<TextLine ID="P451_TL00008" HPOS="282" VPOS="540" WIDTH="1295" HEIGHT="49">
						<String ID="P451_ST00064" HPOS="282" VPOS="540" WIDTH="62" HEIGHT="30" CONTENT="Let" WC="0.72" CC="800"/>
						<SP ID="P451_SP00056" HPOS="344" VPOS="570" WIDTH="21"/>
						<String ID="P451_ST00065" HPOS="365" VPOS="541" WIDTH="62" HEIGHT="30" CONTENT="this" WC="0.77" CC="3050"/>
						<SP ID="P451_SP00057" HPOS="427" VPOS="571" WIDTH="24"/>
						<String ID="P451_ST00066" HPOS="451" VPOS="542" WIDTH="112" HEIGHT="31" CONTENT="decree" WC="1.00" CC="000000"/>
						<SP ID="P451_SP00058" HPOS="563" VPOS="573" WIDTH="19"/>
						<String ID="P451_ST00067" HPOS="582" VPOS="543" WIDTH="39" HEIGHT="30" CONTENT="be" WC="0.82" CC="30"/>
						<SP ID="P451_SP00059" HPOS="621" VPOS="573" WIDTH="16"/>
						<String ID="P451_ST00068" HPOS="637" VPOS="545" WIDTH="90" HEIGHT="29" CONTENT="made" WC="0.97" CC="0000"/>
						<SP ID="P451_SP00060" HPOS="727" VPOS="574" WIDTH="24"/>
						<String ID="P451_ST00069" HPOS="751" VPOS="546" WIDTH="114" HEIGHT="30" CONTENT="known" WC="0.70" CC="06053"/>
						<SP ID="P451_SP00061" HPOS="865" VPOS="576" WIDTH="23"/>
						<String ID="P451_ST00070" HPOS="888" VPOS="547" WIDTH="42" HEIGHT="41" CONTENT="by" WC="0.42" CC="47"/>
						<SP ID="P451_SP00062" HPOS="930" VPOS="588" WIDTH="14"/>
						<String ID="P451_ST00071" HPOS="944" VPOS="558" WIDTH="18" HEIGHT="20" CONTENT="a" WC="1.00" CC="0"/>
						<SP ID="P451_SP00063" HPOS="962" VPOS="588" WIDTH="20"/>
						<String ID="P451_ST00072" HPOS="982" VPOS="549" WIDTH="125" HEIGHT="35" CONTENT="Woo-lu," WC="0.65" CC="0880007"/>
						<SP ID="P451_SP00064" HPOS="1107" VPOS="588" WIDTH="25"/>
						<String ID="P451_ST00073" HPOS="1132" VPOS="550" WIDTH="54" HEIGHT="39" CONTENT="(an" WC="0.75" CC="204"/>
						<SP ID="P451_SP00065" HPOS="1186" VPOS="589" WIDTH="23"/>
						<String ID="P451_ST00074" HPOS="1209" VPOS="558" WIDTH="123" HEIGHT="31" CONTENT="express" WC="0.89" CC="0106000"/>
						<SP ID="P451_SP00066" HPOS="1332" VPOS="589" WIDTH="26"/>
						<String ID="P451_ST00075" HPOS="1358" VPOS="548" WIDTH="163" HEIGHT="40" CONTENT="travelling" WC="0.95" CC="0100000020"/>
						<SP ID="P451_SP00067" HPOS="1521" VPOS="589" WIDTH="26"/>
						<String ID="P451_ST00076" HPOS="1547" VPOS="555" WIDTH="30" HEIGHT="24" CONTENT="at" WC="1.00" CC="00"/>
					</TextLine>
					<TextLine ID="P451_TL00009" HPOS="238" VPOS="591" WIDTH="718" HEIGHT="47">
						<String ID="P451_ST00077" HPOS="238" VPOS="591" WIDTH="97" HEIGHT="32" CONTENT="about" WC="0.88" CC="00102"/>
						<SP ID="P451_SP00068" HPOS="335" VPOS="623" WIDTH="15"/>
						<String ID="P451_ST00078" HPOS="350" VPOS="602" WIDTH="60" HEIGHT="21" CONTENT="one" WC="0.70" CC="170"/>
						<SP ID="P451_SP00069" HPOS="410" VPOS="623" WIDTH="16"/>
						<String ID="P451_ST00079" HPOS="426" VPOS="592" WIDTH="145" HEIGHT="32" CONTENT="hundred" WC="0.87" CC="0160000"/>
						<SP ID="P451_SP00070" HPOS="571" VPOS="624" WIDTH="16"/>
						<String ID="P451_ST00080" HPOS="587" VPOS="595" WIDTH="131" HEIGHT="40" CONTENT="English" WC="0.66" CC="2725500"/>
						<SP ID="P451_SP00071" HPOS="718" VPOS="635" WIDTH="16"/>
						<String ID="P451_ST00081" HPOS="734" VPOS="597" WIDTH="87" HEIGHT="30" CONTENT="miles" WC="0.89" CC="05000"/>
						<SP ID="P451_SP00072" HPOS="821" VPOS="635" WIDTH="15"/>
						<String ID="P451_ST00082" HPOS="836" VPOS="608" WIDTH="18" HEIGHT="20" CONTENT="a" WC="1.00" CC="0"/>
						<SP ID="P451_SP00073" HPOS="854" VPOS="635" WIDTH="15"/>
						<String ID="P451_ST00083" HPOS="869" VPOS="598" WIDTH="87" HEIGHT="40" CONTENT="day.)" WC="0.63" CC="30707"/>
					</TextLine>
				</TextBlock>
				<TextBlock ID="P451_TB00005" HPOS="1325" VPOS="651" WIDTH="207" HEIGHT="37" STYLEREFS="TXT_1 PAR_RIGHT">
					<TextLine ID="P451_TL00010" HPOS="1326" VPOS="651" WIDTH="206" HEIGHT="37">
						<String ID="P451_ST00084" HPOS="1326" VPOS="651" WIDTH="129" HEIGHT="37" CONTENT="Bespect" WC="0.32" CC="8768662"/>
						<SP ID="P451_SP00074" HPOS="1455" VPOS="688" WIDTH="16"/>
						<String ID="P451_ST00085" HPOS="1471" VPOS="651" WIDTH="61" HEIGHT="29" CONTENT="this." WC="0.76" CC="00065"/>
					</TextLine>
				</TextBlock>
				<TextBlock ID="P451_TB00006" HPOS="282" VPOS="695" WIDTH="508" HEIGHT="42" STYLEREFS="TXT_0 PAR_LEFT">
					<TextLine ID="P451_TL00011" HPOS="283" VPOS="695" WIDTH="507" HEIGHT="42">
						<String ID="P451_ST00086" HPOS="283" VPOS="695" WIDTH="187" HEIGHT="33" CONTENT="Translated" WC="0.76" CC="0405240006"/>
						<SP ID="P451_SP00075" HPOS="470" VPOS="728" WIDTH="16"/>
						<String ID="P451_ST00087" HPOS="486" VPOS="698" WIDTH="42" HEIGHT="39" CONTENT="by" WC="0.43" CC="46"/>
						<SP ID="P451_SP00076" HPOS="528" VPOS="737" WIDTH="18"/>
						<String ID="P451_ST00088" HPOS="546" VPOS="698" WIDTH="61" HEIGHT="31" CONTENT="Mr." WC="0.92" CC="002"/>
						<SP ID="P451_SP00077" HPOS="607" VPOS="737" WIDTH="19"/>
						<String ID="P451_ST00089" HPOS="626" VPOS="699" WIDTH="164" HEIGHT="33" CONTENT="Morrison." WC="0.81" CC="020770000"/>
					</TextLine>
				</TextBlock>
				<TextBlock ID="P451_TB00007" HPOS="864" VPOS="824" WIDTH="102" HEIGHT="30" STYLEREFS="TXT_0 PAR_CENTER">
					<TextLine ID="P451_TL00012" HPOS="865" VPOS="825" WIDTH="101" HEIGHT="29">
						<String ID="P451_ST00090" HPOS="865" VPOS="825" WIDTH="60" HEIGHT="29" CONTENT="No." WC="0.86" CC="400"/>
						<SP ID="P451_SP00078" HPOS="925" VPOS="854" WIDTH="14"/>
						<String ID="P451_ST00091" HPOS="939" VPOS="828" WIDTH="27" HEIGHT="26" CONTENT="2." WC="0.57" CC="80"/>
					</TextLine>
				</TextBlock>
				<TextBlock ID="P451_TB00008" HPOS="276" VPOS="893" WIDTH="1266" HEIGHT="84" STYLEREFS="TXT_1 PAR_LEFT">
					<TextLine ID="P451_TL00013" HPOS="277" VPOS="894" WIDTH="1265" HEIGHT="43">
						<String ID="P451_ST00092" HPOS="277" VPOS="894" WIDTH="91" HEIGHT="30" CONTENT="Ho'$" WC="0.47" CC="0658"/>
						<SP ID="P451_SP00079" HPOS="368" VPOS="924" WIDTH="18"/>
						<String ID="P451_ST00093" HPOS="386" VPOS="894" WIDTH="122" HEIGHT="40" CONTENT="Beport" WC="0.64" CC="807500"/>
						<SP ID="P451_SP00080" HPOS="508" VPOS="934" WIDTH="16"/>
						<String ID="P451_ST00094" HPOS="524" VPOS="895" WIDTH="90" HEIGHT="38" CONTENT="from" WC="0.65" CC="4053"/>
						<SP ID="P451_SP00081" HPOS="614" VPOS="934" WIDTH="37"/>
						<String ID="P451_ST00095" HPOS="651" VPOS="896" WIDTH="206" HEIGHT="41" CONTENT="Tung-chow," WC="0.70" CC="0042302276"/>
						<SP ID="P451_SP00082" HPOS="857" VPOS="937" WIDTH="27"/>
						<String ID="P451_ST00096" HPOS="884" VPOS="897" WIDTH="262" HEIGHT="39" CONTENT="misrepresenting" WC="0.88" CC="000037003000200"/>
						<SP ID="P451_SP00083" HPOS="1146" VPOS="937" WIDTH="37"/>
						<String ID="P451_ST00097" HPOS="1183" VPOS="897" WIDTH="46" HEIGHT="30" CONTENT="the" WC="0.79" CC="041"/>
						<SP ID="P451_SP00084" HPOS="1229" VPOS="937" WIDTH="40"/>
						<String ID="P451_ST00098" HPOS="1269" VPOS="896" WIDTH="133" HEIGHT="31" CONTENT="Conduct" WC="0.61" CC="5850043"/>
						<SP ID="P451_SP00085" HPOS="1402" VPOS="937" WIDTH="32"/>
						<String ID="P451_ST00099" HPOS="1434" VPOS="898" WIDTH="40" HEIGHT="37" CONTENT="of" WC="0.42" CC="74"/>
						<SP ID="P451_SP00086" HPOS="1474" VPOS="937" WIDTH="25"/>
						<String ID="P451_ST00100" HPOS="1499" VPOS="898" WIDTH="43" HEIGHT="28" CONTENT="the" WC="1.00" CC="000"/>
					</TextLine>
					<TextLine ID="P451_TL00014" HPOS="809" VPOS="948" WIDTH="211" HEIGHT="29">
						<String ID="P451_ST00101" HPOS="809" VPOS="948" WIDTH="211" HEIGHT="29" CONTENT="Ambassador." WC="0.73" CC="52204100605"/>
					</TextLine>
				</TextBlock>
				<TextBlock ID="P451_TB00009" HPOS="280" VPOS="1028" WIDTH="1191" HEIGHT="41" STYLEREFS="TXT_0 PAR_LEFT">
					<TextLine ID="P451_TL00015" HPOS="281" VPOS="1029" WIDTH="1190" HEIGHT="40">
						<String ID="P451_ST00102" HPOS="281" VPOS="1029" WIDTH="59" HEIGHT="31" CONTENT="His" WC="0.65" CC="360"/>
						<SP ID="P451_SP00087" HPOS="340" VPOS="1060" WIDTH="17"/>
						<String ID="P451_ST00103" HPOS="357" VPOS="1029" WIDTH="164" HEIGHT="40" CONTENT="Majesty's" WC="0.74" CC="006000663"/>
						<SP ID="P451_SP00088" HPOS="521" VPOS="1069" WIDTH="16"/>
						<String ID="P451_ST00104" HPOS="537" VPOS="1029" WIDTH="85" HEIGHT="31" CONTENT="edict" WC="0.81" CC="05400"/>
						<SP ID="P451_SP00089" HPOS="622" VPOS="1069" WIDTH="14"/>
						<String ID="P451_ST00105" HPOS="636" VPOS="1030" WIDTH="54" HEIGHT="30" CONTENT="has" WC="1.00" CC="000"/>
						<SP ID="P451_SP00090" HPOS="690" VPOS="1069" WIDTH="15"/>
						<String ID="P451_ST00106" HPOS="705" VPOS="1030" WIDTH="79" HEIGHT="30" CONTENT="been" WC="0.87" CC="0005"/>
						<SP ID="P451_SP00091" HPOS="784" VPOS="1069" WIDTH="17"/>
						<String ID="P451_ST00107" HPOS="801" VPOS="1030" WIDTH="200" HEIGHT="39" CONTENT="respectfully" WC="0.87" CC="300200000027"/>
						<SP ID="P451_SP00092" HPOS="1001" VPOS="1069" WIDTH="15"/>
						<String ID="P451_ST00108" HPOS="1016" VPOS="1030" WIDTH="152" HEIGHT="35" CONTENT="received," WC="0.79" CC="600060005"/>
						<SP ID="P451_SP00093" HPOS="1168" VPOS="1069" WIDTH="25"/>
						<String ID="P451_ST00109" HPOS="1193" VPOS="1030" WIDTH="60" HEIGHT="30" CONTENT="and" WC="0.84" CC="003"/>
						<SP ID="P451_SP00094" HPOS="1253" VPOS="1069" WIDTH="16"/>
						<String ID="P451_ST00110" HPOS="1269" VPOS="1030" WIDTH="24" HEIGHT="30" CONTENT="is" WC="0.91" CC="01"/>
						<SP ID="P451_SP00095" HPOS="1293" VPOS="1069" WIDTH="16"/>
						<String ID="P451_ST00111" HPOS="1309" VPOS="1040" WIDTH="31" HEIGHT="20" CONTENT="as" WC="0.87" CC="20"/>
						<SP ID="P451_SP00096" HPOS="1340" VPOS="1069" WIDTH="15"/>
						<String ID="P451_ST00112" HPOS="1355" VPOS="1029" WIDTH="116" HEIGHT="31" CONTENT="follows" WC="0.79" CC="7030020"/>
					</TextLine>
				</TextBlock>
				<TextBlock ID="P451_TB00010" HPOS="235" VPOS="1080" WIDTH="1344" HEIGHT="134" STYLEREFS="TXT_0 PAR_LEFT">
					<TextLine ID="P451_TL00016" HPOS="279" VPOS="1081" WIDTH="1300" HEIGHT="41">
						<String ID="P451_ST00113" HPOS="279" VPOS="1082" WIDTH="182" HEIGHT="30" CONTENT="Ho-she-tae" WC="0.78" CC="2330030053"/>
						<SP ID="P451_SP00097" HPOS="461" VPOS="1112" WIDTH="23"/>
						<String ID="P451_ST00114" HPOS="484" VPOS="1082" WIDTH="54" HEIGHT="29" CONTENT="has" WC="0.81" CC="500"/>
						<SP ID="P451_SP00098" HPOS="538" VPOS="1112" WIDTH="16"/>
						<String ID="P451_ST00115" HPOS="554" VPOS="1081" WIDTH="102" HEIGHT="30" CONTENT="stated" WC="0.86" CC="002005"/>
						<SP ID="P451_SP00099" HPOS="656" VPOS="1112" WIDTH="16"/>
						<String ID="P451_ST00116" HPOS="672" VPOS="1087" WIDTH="31" HEIGHT="24" CONTENT="to" WC="1.00" CC="00"/>
						<SP ID="P451_SP00100" HPOS="703" VPOS="1112" WIDTH="26"/>
						<String ID="P451_ST00117" HPOS="729" VPOS="1082" WIDTH="59" HEIGHT="29" CONTENT="His" WC="0.55" CC="760"/>
						<SP ID="P451_SP00101" HPOS="788" VPOS="1112" WIDTH="28"/>
						<String ID="P451_ST00118" HPOS="816" VPOS="1082" WIDTH="145" HEIGHT="40" CONTENT="Majesty," WC="0.80" CC="00000375"/>
						<SP ID="P451_SP00102" HPOS="961" VPOS="1122" WIDTH="21"/>
						<String ID="P451_ST00119" HPOS="982" VPOS="1081" WIDTH="67" HEIGHT="29" CONTENT="that" WC="1.00" CC="0000"/>
						<SP ID="P451_SP00103" HPOS="1049" VPOS="1122" WIDTH="26"/>
						<String ID="P451_ST00120" HPOS="1075" VPOS="1081" WIDTH="53" HEIGHT="29" CONTENT="the" WC="1.00" CC="000"/>
						<SP ID="P451_SP00104" HPOS="1128" VPOS="1122" WIDTH="25"/>
						<String ID="P451_ST00121" HPOS="1153" VPOS="1081" WIDTH="128" HEIGHT="40" CONTENT="English" WC="0.76" CC="1400215"/>
						<SP ID="P451_SP00105" HPOS="1281" VPOS="1122" WIDTH="24"/>
						<String ID="P451_ST00122" HPOS="1305" VPOS="1081" WIDTH="236" HEIGHT="30" CONTENT="tribute-bearer" WC="0.93" CC="20301002000000"/>
						<SP ID="P451_SP00106" HPOS="1541" VPOS="1122" WIDTH="15"/>
						<String ID="P451_ST00123" HPOS="1556" VPOS="1082" WIDTH="23" HEIGHT="29" CONTENT="is" WC="0.71" CC="50"/>
					</TextLine>
					<TextLine ID="P451_TL00017" HPOS="236" VPOS="1131" WIDTH="1343" HEIGHT="43">
						<String ID="P451_ST00124" HPOS="236" VPOS="1132" WIDTH="84" HEIGHT="42" CONTENT="daily" WC="0.49" CC="50666"/>
						<SP ID="P451_SP00107" HPOS="320" VPOS="1174" WIDTH="14"/>
						<String ID="P451_ST00125" HPOS="334" VPOS="1132" WIDTH="172" HEIGHT="41" CONTENT="practising" WC="0.78" CC="3300060331"/>
						<SP ID="P451_SP00108" HPOS="506" VPOS="1174" WIDTH="15"/>
						<String ID="P451_ST00126" HPOS="521" VPOS="1132" WIDTH="54" HEIGHT="30" CONTENT="the" WC="0.89" CC="030"/>
						<SP ID="P451_SP00109" HPOS="575" VPOS="1174" WIDTH="16"/>
						<String ID="P451_ST00127" HPOS="591" VPOS="1142" WIDTH="176" HEIGHT="31" CONTENT="ceremony," WC="0.82" CC="000040065"/>
						<SP ID="P451_SP00110" HPOS="767" VPOS="1174" WIDTH="24"/>
						<String ID="P451_ST00128" HPOS="791" VPOS="1132" WIDTH="61" HEIGHT="31" CONTENT="and" WC="0.84" CC="040"/>
						<SP ID="P451_SP00111" HPOS="852" VPOS="1174" WIDTH="15"/>
						<String ID="P451_ST00129" HPOS="867" VPOS="1132" WIDTH="158" HEIGHT="31" CONTENT="manifests" WC="0.76" CC="004260304"/>
						<SP ID="P451_SP00112" HPOS="1025" VPOS="1174" WIDTH="15"/>
						<String ID="P451_ST00130" HPOS="1040" VPOS="1132" WIDTH="53" HEIGHT="31" CONTENT="the" WC="1.00" CC="000"/>
						<SP ID="P451_SP00113" HPOS="1093" VPOS="1174" WIDTH="12"/>
						<String ID="P451_ST00131" HPOS="1105" VPOS="1132" WIDTH="123" HEIGHT="39" CONTENT="highest" WC="0.95" CC="0300000"/>
						<SP ID="P451_SP00114" HPOS="1228" VPOS="1174" WIDTH="11"/>
						<String ID="P451_ST00132" HPOS="1239" VPOS="1132" WIDTH="132" HEIGHT="40" CONTENT="possible" WC="0.89" CC="40000050"/>
						<SP ID="P451_SP00115" HPOS="1371" VPOS="1174" WIDTH="16"/>
						<String ID="P451_ST00133" HPOS="1387" VPOS="1137" WIDTH="121" HEIGHT="35" CONTENT="respect" WC="0.90" CC="0006000"/>
						<SP ID="P451_SP00116" HPOS="1508" VPOS="1174" WIDTH="12"/>
						<String ID="P451_ST00134" HPOS="1520" VPOS="1131" WIDTH="59" HEIGHT="30" CONTENT="and" WC="0.55" CC="067"/>
					</TextLine>
					<TextLine ID="P451_TL00018" HPOS="237" VPOS="1185" WIDTH="192" HEIGHT="29">
						<String ID="P451_ST00135" HPOS="237" VPOS="1185" WIDTH="192" HEIGHT="29" CONTENT="veneration." WC="0.93" CC="00200001030"/>
					</TextLine>
				</TextBlock>
				<TextBlock ID="P451_TB00011" HPOS="232" VPOS="1231" WIDTH="1352" HEIGHT="200" STYLEREFS="TXT_0 PAR_LEFT">
					<TextLine ID="P451_TL00019" HPOS="276" VPOS="1232" WIDTH="1308" HEIGHT="43">
						<String ID="P451_ST00136" HPOS="276" VPOS="1237" WIDTH="70" HEIGHT="30" CONTENT="The" WC="1.00" CC="000"/>
						<SP ID="P451_SP00117" HPOS="346" VPOS="1267" WIDTH="23"/>
						<String ID="P451_ST00137" HPOS="369" VPOS="1236" WIDTH="67" HEIGHT="30" CONTENT="said" WC="0.85" CC="0032"/>
						<SP ID="P451_SP00118" HPOS="436" VPOS="1267" WIDTH="15"/>
						<String ID="P451_ST00138" HPOS="451" VPOS="1236" WIDTH="116" HEIGHT="35" CONTENT="nation," WC="0.85" CC="2000034"/>
						<SP ID="P451_SP00119" HPOS="567" VPOS="1271" WIDTH="29"/>
						<String ID="P451_ST00139" HPOS="596" VPOS="1235" WIDTH="161" HEIGHT="40" CONTENT="separated" WC="0.79" CC="003077000"/>
						<SP ID="P451_SP00120" HPOS="757" VPOS="1275" WIDTH="16"/>
						<String ID="P451_ST00140" HPOS="773" VPOS="1236" WIDTH="40" HEIGHT="39" CONTENT="by" WC="0.64" CC="07"/>
						<SP ID="P451_SP00121" HPOS="813" VPOS="1275" WIDTH="15"/>
						<String ID="P451_ST00141" HPOS="828" VPOS="1246" WIDTH="18" HEIGHT="18" CONTENT="a" WC="1.00" CC="0"/>
						<SP ID="P451_SP00122" HPOS="846" VPOS="1275" WIDTH="15"/>
						<String ID="P451_ST00142" HPOS="861" VPOS="1240" WIDTH="67" HEIGHT="25" CONTENT="vast" WC="1.00" CC="0000"/>
						<SP ID="P451_SP00123" HPOS="928" VPOS="1275" WIDTH="20"/>
						<String ID="P451_ST00143" HPOS="948" VPOS="1244" WIDTH="107" HEIGHT="26" CONTENT="ocean," WC="0.75" CC="000086"/>
						<SP ID="P451_SP00124" HPOS="1055" VPOS="1275" WIDTH="25"/>
						<String ID="P451_ST00144" HPOS="1080" VPOS="1232" WIDTH="90" HEIGHT="32" CONTENT="offers" WC="0.65" CC="066051"/>
						<SP ID="P451_SP00125" HPOS="1170" VPOS="1275" WIDTH="23"/>
						<String ID="P451_ST00145" HPOS="1193" VPOS="1244" WIDTH="42" HEIGHT="31" CONTENT="up" WC="0.62" CC="34"/>
						<SP ID="P451_SP00126" HPOS="1235" VPOS="1275" WIDTH="16"/>
						<String ID="P451_ST00146" HPOS="1251" VPOS="1245" WIDTH="18" HEIGHT="19" CONTENT="a" WC="1.00" CC="0"/>
						<SP ID="P451_SP00127" HPOS="1269" VPOS="1275" WIDTH="15"/>
						<String ID="P451_ST00147" HPOS="1284" VPOS="1234" WIDTH="118" HEIGHT="30" CONTENT="sincere" WC="0.83" CC="0470000"/>
						<SP ID="P451_SP00128" HPOS="1402" VPOS="1275" WIDTH="17"/>
						<String ID="P451_ST00148" HPOS="1419" VPOS="1234" WIDTH="165" HEIGHT="30" CONTENT="tributeof" WC="0.88" CC="040000005"/>
					</TextLine>
					<TextLine ID="P451_TL00020" HPOS="233" VPOS="1285" WIDTH="1351" HEIGHT="45">
						<String ID="P451_ST00149" HPOS="233" VPOS="1288" WIDTH="159" HEIGHT="42" CONTENT="profound" WC="0.86" CC="60030010"/>
						<SP ID="P451_SP00129" HPOS="392" VPOS="1330" WIDTH="16"/>
						<String ID="P451_ST00150" HPOS="408" VPOS="1292" WIDTH="123" HEIGHT="36" CONTENT="respect" WC="0.83" CC="6004000"/>
						<SP ID="P451_SP00130" HPOS="531" VPOS="1330" WIDTH="11"/>
						<String ID="P451_ST00151" HPOS="542" VPOS="1286" WIDTH="61" HEIGHT="31" CONTENT="and" WC="0.53" CC="058"/>
						<SP ID="P451_SP00131" HPOS="603" VPOS="1330" WIDTH="15"/>
						<String ID="P451_ST00152" HPOS="618" VPOS="1286" WIDTH="191" HEIGHT="30" CONTENT="veneration." WC="0.86" CC="00420004003"/>
						<SP ID="P451_SP00132" HPOS="809" VPOS="1330" WIDTH="46"/>
						<String ID="P451_ST00153" HPOS="855" VPOS="1286" WIDTH="131" HEIGHT="30" CONTENT="Tribute" WC="0.90" CC="0100400"/>
						<SP ID="P451_SP00133" HPOS="986" VPOS="1330" WIDTH="16"/>
						<String ID="P451_ST00154" HPOS="1002" VPOS="1297" WIDTH="60" HEIGHT="18" CONTENT="was" WC="0.65" CC="307"/>
						<SP ID="P451_SP00134" HPOS="1062" VPOS="1330" WIDTH="20"/>
						<String ID="P451_ST00155" HPOS="1082" VPOS="1286" WIDTH="65" HEIGHT="28" CONTENT="first" WC="0.87" CC="33000"/>
						<SP ID="P451_SP00135" HPOS="1147" VPOS="1330" WIDTH="15"/>
						<String ID="P451_ST00156" HPOS="1162" VPOS="1289" WIDTH="69" HEIGHT="25" CONTENT="sent" WC="0.84" CC="0060"/>
						<SP ID="P451_SP00136" HPOS="1231" VPOS="1330" WIDTH="14"/>
						<String ID="P451_ST00157" HPOS="1245" VPOS="1285" WIDTH="32" HEIGHT="28" CONTENT="in" WC="0.37" CC="74"/>
						<SP ID="P451_SP00137" HPOS="1277" VPOS="1330" WIDTH="21"/>
						<String ID="P451_ST00158" HPOS="1298" VPOS="1285" WIDTH="50" HEIGHT="29" CONTENT="the" WC="0.86" CC="210"/>
						<SP ID="P451_SP00138" HPOS="1348" VPOS="1330" WIDTH="16"/>
						<String ID="P451_ST00159" HPOS="1364" VPOS="1285" WIDTH="76" HEIGHT="29" CONTENT="58th" WC="0.64" CC="8220"/>
						<SP ID="P451_SP00139" HPOS="1440" VPOS="1330" WIDTH="19"/>
						<String ID="P451_ST00160" HPOS="1459" VPOS="1295" WIDTH="75" HEIGHT="30" CONTENT="year" WC="0.73" CC="7003"/>
						<SP ID="P451_SP00140" HPOS="1534" VPOS="1330" WIDTH="15"/>
						<String ID="P451_ST00161" HPOS="1549" VPOS="1285" WIDTH="35" HEIGHT="30" CONTENT="of" WC="0.68" CC="06"/>
					</TextLine>
					<TextLine ID="P451_TL00021" HPOS="236" VPOS="1335" WIDTH="1345" HEIGHT="45">
						<String ID="P451_ST00162" HPOS="236" VPOS="1340" WIDTH="174" HEIGHT="40" CONTENT="Kien-lung" WC="0.87" CC="010700020"/>
						<String ID="P451_ST00163" HPOS="423" VPOS="1353" WIDTH="8" HEIGHT="23" CONTENT=";" WC="0.22" CC="7"/>
						<SP ID="P451_SP00141" HPOS="431" VPOS="1380" WIDTH="25"/>
						<String ID="P451_ST00164" HPOS="456" VPOS="1338" WIDTH="63" HEIGHT="31" CONTENT="and" WC="0.97" CC="000"/>
						<SP ID="P451_SP00142" HPOS="519" VPOS="1380" WIDTH="15"/>
						<String ID="P451_ST00165" HPOS="534" VPOS="1348" WIDTH="72" HEIGHT="20" CONTENT="now" WC="0.93" CC="001"/>
						<SP ID="P451_SP00143" HPOS="606" VPOS="1380" WIDTH="14"/>
						<String ID="P451_ST00166" HPOS="620" VPOS="1342" WIDTH="154" HEIGHT="36" CONTENT="prostrate" WC="0.88" CC="250000200"/>
						<SP ID="P451_SP00144" HPOS="774" VPOS="1380" WIDTH="27"/>
						<String ID="P451_ST00167" HPOS="801" VPOS="1337" WIDTH="52" HEIGHT="29" CONTENT="she" WC="1.00" CC="000"/>
						<SP ID="P451_SP00145" HPOS="853" VPOS="1380" WIDTH="27"/>
						<String ID="P451_ST00168" HPOS="880" VPOS="1337" WIDTH="92" HEIGHT="29" CONTENT="sends" WC="0.78" CC="00550"/>
						<SP ID="P451_SP00146" HPOS="972" VPOS="1380" WIDTH="24"/>
						<String ID="P451_ST00169" HPOS="996" VPOS="1347" WIDTH="40" HEIGHT="18" CONTENT="an" WC="1.00" CC="00"/>
						<SP ID="P451_SP00147" HPOS="1036" VPOS="1380" WIDTH="24"/>
						<String ID="P451_ST00170" HPOS="1060" VPOS="1335" WIDTH="210" HEIGHT="30" CONTENT="Ambassador" WC="0.83" CC="5000000423"/>
						<SP ID="P451_SP00148" HPOS="1270" VPOS="1380" WIDTH="15"/>
						<String ID="P451_ST00171" HPOS="1285" VPOS="1340" WIDTH="32" HEIGHT="24" CONTENT="to" WC="1.00" CC="00"/>
						<SP ID="P451_SP00149" HPOS="1317" VPOS="1380" WIDTH="17"/>
						<String ID="P451_ST00172" HPOS="1334" VPOS="1335" WIDTH="97" HEIGHT="29" CONTENT="Court" WC="0.87" CC="00600"/>
						<SP ID="P451_SP00150" HPOS="1431" VPOS="1380" WIDTH="22"/>
						<String ID="P451_ST00173" HPOS="1453" VPOS="1341" WIDTH="32" HEIGHT="23" CONTENT="to" WC="1.00" CC="00"/>
						<SP ID="P451_SP00151" HPOS="1485" VPOS="1380" WIDTH="22"/>
						<String ID="P451_ST00174" HPOS="1507" VPOS="1336" WIDTH="74" HEIGHT="29" CONTENT="offer" WC="0.67" CC="03308"/>
					</TextLine>
					<TextLine ID="P451_TL00022" HPOS="233" VPOS="1386" WIDTH="953" HEIGHT="45">
						<String ID="P451_ST00175" HPOS="233" VPOS="1397" WIDTH="152" HEIGHT="34" CONTENT="presents," WC="0.86" CC="300000006"/>
						<SP ID="P451_SP00152" HPOS="385" VPOS="1431" WIDTH="24"/>
						<String ID="P451_ST00176" HPOS="409" VPOS="1390" WIDTH="75" HEIGHT="29" CONTENT="with" WC="0.69" CC="5600"/>
						<SP ID="P451_SP00153" HPOS="484" VPOS="1431" WIDTH="15"/>
						<String ID="P451_ST00177" HPOS="499" VPOS="1394" WIDTH="125" HEIGHT="35" CONTENT="respect" WC="0.83" CC="7004000"/>
						<SP ID="P451_SP00154" HPOS="624" VPOS="1431" WIDTH="14"/>
						<String ID="P451_ST00178" HPOS="638" VPOS="1388" WIDTH="121" HEIGHT="41" CONTENT="worthy" WC="0.82" CC="400006"/>
						<SP ID="P451_SP00155" HPOS="759" VPOS="1431" WIDTH="16"/>
						<String ID="P451_ST00179" HPOS="775" VPOS="1387" WIDTH="37" HEIGHT="31" CONTENT="of" WC="0.85" CC="02"/>
						<SP ID="P451_SP00156" HPOS="812" VPOS="1431" WIDTH="17"/>
						<String ID="P451_ST00180" HPOS="829" VPOS="1386" WIDTH="76" HEIGHT="41" CONTENT="high" WC="0.83" CC="0042"/>
						<SP ID="P451_SP00157" HPOS="905" VPOS="1431" WIDTH="21"/>
						<String ID="P451_ST00181" HPOS="926" VPOS="1386" WIDTH="260" HEIGHT="31" CONTENT="commendation." WC="0.93" CC="0020000006000"/>
					</TextLine>
				</TextBlock>
				<TextBlock ID="P451_TB00012" HPOS="233" VPOS="1435" WIDTH="1346" HEIGHT="95" STYLEREFS="TXT_0 PAR_LEFT">
					<TextLine ID="P451_TL00023" HPOS="278" VPOS="1435" WIDTH="1301" HEIGHT="47">
						<String ID="P451_ST00182" HPOS="278" VPOS="1442" WIDTH="142" HEIGHT="40" CONTENT="To-day*" WC="0.84" CC="0004050"/>
						<SP ID="P451_SP00158" HPOS="420" VPOS="1482" WIDTH="20"/>
						<String ID="P451_ST00183" HPOS="440" VPOS="1441" WIDTH="189" HEIGHT="34" CONTENT="Ho-she-tae," WC="0.74" CC="07300240055"/>
						<SP ID="P451_SP00159" HPOS="629" VPOS="1482" WIDTH="15"/>
						<String ID="P451_ST00184" HPOS="644" VPOS="1440" WIDTH="60" HEIGHT="29" CONTENT="and" WC="0.73" CC="034"/>
						<SP ID="P451_SP00160" HPOS="704" VPOS="1482" WIDTH="18"/>
						<String ID="P451_ST00185" HPOS="722" VPOS="1437" WIDTH="309" HEIGHT="41" CONTENT="Moo-kih-tang-yih," WC="0.86" CC="10010002005007006"/>
						<SP ID="P451_SP00161" HPOS="1031" VPOS="1482" WIDTH="14"/>
						<String ID="P451_ST00186" HPOS="1045" VPOS="1437" WIDTH="77" HEIGHT="29" CONTENT="have" WC="0.91" CC="0300"/>
						<SP ID="P451_SP00162" HPOS="1122" VPOS="1482" WIDTH="15"/>
						<String ID="P451_ST00187" HPOS="1137" VPOS="1435" WIDTH="136" HEIGHT="40" CONTENT="brought" WC="1.00" CC="0000000"/>
						<SP ID="P451_SP00163" HPOS="1273" VPOS="1482" WIDTH="14"/>
						<String ID="P451_ST00188" HPOS="1287" VPOS="1436" WIDTH="54" HEIGHT="31" CONTENT="the" WC="1.00" CC="000"/>
						<SP ID="P451_SP00164" HPOS="1341" VPOS="1482" WIDTH="17"/>
						<String ID="P451_ST00189" HPOS="1358" VPOS="1436" WIDTH="221" HEIGHT="32" CONTENT="Ambassadors" WC="0.79" CC="40000004174"/>
					</TextLine>
					<TextLine ID="P451_TL00024" HPOS="234" VPOS="1492" WIDTH="451" HEIGHT="38">
						<String ID="P451_ST00190" HPOS="234" VPOS="1506" WIDTH="34" HEIGHT="21" CONTENT="to" WC="0.50" CC="72"/>
						<SP ID="P451_SP00165" HPOS="268" VPOS="1527" WIDTH="15"/>
						<String ID="P451_ST00191" HPOS="283" VPOS="1496" WIDTH="54" HEIGHT="29" CONTENT="the" WC="0.78" CC="600"/>
						<SP ID="P451_SP00166" HPOS="337" VPOS="1527" WIDTH="16"/>
						<String ID="P451_ST00192" HPOS="353" VPOS="1494" WIDTH="98" HEIGHT="30" CONTENT="house" WC="0.85" CC="02050"/>
						<SP ID="P451_SP00167" HPOS="451" VPOS="1527" WIDTH="16"/>
						<String ID="P451_ST00193" HPOS="467" VPOS="1497" WIDTH="32" HEIGHT="26" CONTENT="at" WC="1.00" CC="00"/>
						<SP ID="P451_SP00168" HPOS="499" VPOS="1527" WIDTH="17"/>
						<String ID="P451_ST00194" HPOS="516" VPOS="1492" WIDTH="169" HEIGHT="38" CONTENT="Hay-teen." WC="0.84" CC="006000070"/>
					</TextLine>
				</TextBlock>
				<TextBlock ID="P451_TB00013" HPOS="231" VPOS="1536" WIDTH="1344" HEIGHT="146" STYLEREFS="TXT_0 PAR_LEFT">
					<TextLine ID="P451_TL00025" HPOS="279" VPOS="1537" WIDTH="1296" HEIGHT="45">
						<String ID="P451_ST00195" HPOS="279" VPOS="1547" WIDTH="31" HEIGHT="30" CONTENT="It" WC="0.85" CC="02"/>
						<SP ID="P451_SP00169" HPOS="310" VPOS="1577" WIDTH="16"/>
						<String ID="P451_ST00196" HPOS="326" VPOS="1547" WIDTH="24" HEIGHT="30" CONTENT="is" WC="0.62" CC="24"/>
						<SP ID="P451_SP00170" HPOS="350" VPOS="1577" WIDTH="16"/>
						<String ID="P451_ST00197" HPOS="366" VPOS="1544" WIDTH="143" HEIGHT="35" CONTENT="ordered," WC="0.79" CC="03400503"/>
						<SP ID="P451_SP00171" HPOS="509" VPOS="1579" WIDTH="25"/>
						<String ID="P451_ST00198" HPOS="534" VPOS="1543" WIDTH="68" HEIGHT="30" CONTENT="that" WC="0.90" CC="0003"/>
						<SP ID="P451_SP00172" HPOS="602" VPOS="1579" WIDTH="12"/>
						<String ID="P451_ST00199" HPOS="614" VPOS="1552" WIDTH="41" HEIGHT="21" CONTENT="on" WC="0.36" CC="56"/>
						<SP ID="P451_SP00173" HPOS="655" VPOS="1579" WIDTH="16"/>
						<String ID="P451_ST00200" HPOS="671" VPOS="1542" WIDTH="53" HEIGHT="30" CONTENT="the" WC="1.00" CC="000"/>
						<SP ID="P451_SP00174" HPOS="724" VPOS="1579" WIDTH="16"/>
						<String ID="P451_ST00201" HPOS="740" VPOS="1541" WIDTH="55" HEIGHT="37" CONTENT="7th" WC="0.95" CC="100"/>
						<SP ID="P451_SP00175" HPOS="795" VPOS="1579" WIDTH="17"/>
						<String ID="P451_ST00202" HPOS="812" VPOS="1541" WIDTH="90" HEIGHT="41" CONTENT="(29th" WC="0.57" CC="48340"/>
						<SP ID="P451_SP00176" HPOS="902" VPOS="1582" WIDTH="18"/>
						<String ID="P451_ST00203" HPOS="920" VPOS="1540" WIDTH="141" HEIGHT="40" CONTENT="August)" WC="0.76" CC="5005202"/>
						<SP ID="P451_SP00177" HPOS="1061" VPOS="1582" WIDTH="16"/>
						<String ID="P451_ST00204" HPOS="1077" VPOS="1539" WIDTH="38" HEIGHT="29" CONTENT="he" WC="0.94" CC="10"/>
						<SP ID="P451_SP00178" HPOS="1115" VPOS="1582" WIDTH="26"/>
						<String ID="P451_ST00205" HPOS="1141" VPOS="1539" WIDTH="39" HEIGHT="29" CONTENT="be" WC="1.00" CC="00"/>
						<SP ID="P451_SP00179" HPOS="1180" VPOS="1582" WIDTH="26"/>
						<String ID="P451_ST00206" HPOS="1206" VPOS="1537" WIDTH="152" HEIGHT="31" CONTENT="admitted" WC="0.88" CC="03110002"/>
						<SP ID="P451_SP00180" HPOS="1358" VPOS="1582" WIDTH="20"/>
						<String ID="P451_ST00207" HPOS="1378" VPOS="1543" WIDTH="32" HEIGHT="25" CONTENT="to" WC="0.68" CC="06"/>
						<SP ID="P451_SP00181" HPOS="1410" VPOS="1582" WIDTH="21"/>
						<String ID="P451_ST00208" HPOS="1431" VPOS="1549" WIDTH="38" HEIGHT="19" CONTENT="an" WC="0.72" CC="05"/>
						<SP ID="P451_SP00182" HPOS="1469" VPOS="1582" WIDTH="16"/>
						<String ID="P451_ST00209" HPOS="1485" VPOS="1539" WIDTH="90" HEIGHT="30" CONTENT="inter" SUBS_TYPE="HypPart1" SUBS_CONTENT="interview," WC="0.78" CC="143002"/>
						<HYP CONTENT="-"/>
					</TextLine>
					<TextLine ID="P451_TL00026" HPOS="233" VPOS="1591" WIDTH="1342" HEIGHT="44">
						<String ID="P451_ST00210" HPOS="233" VPOS="1599" WIDTH="89" HEIGHT="35" CONTENT="view," SUBS_TYPE="HypPart2" SUBS_CONTENT="interview," WC="0.63" CC="53035"/>
						<SP ID="P451_SP00183" HPOS="322" VPOS="1634" WIDTH="26"/>
						<String ID="P451_ST00211" HPOS="348" VPOS="1598" WIDTH="57" HEIGHT="30" CONTENT="&amp;c." WC="0.74" CC="205"/>
						<SP ID="P451_SP00184" HPOS="405" VPOS="1634" WIDTH="12"/>
						<String ID="P451_ST00212" HPOS="417" VPOS="1597" WIDTH="56" HEIGHT="29" CONTENT="&amp;c." WC="1.00" CC="000"/>
						<SP ID="P451_SP00185" HPOS="473" VPOS="1634" WIDTH="17"/>
						<String ID="P451_ST00213" HPOS="490" VPOS="1594" WIDTH="151" HEIGHT="41" CONTENT="(Exactly" WC="0.87" CC="20000007"/>
						<SP ID="P451_SP00186" HPOS="641" VPOS="1635" WIDTH="16"/>
						<String ID="P451_ST00214" HPOS="657" VPOS="1593" WIDTH="52" HEIGHT="30" CONTENT="the" WC="1.00" CC="000"/>
						<SP ID="P451_SP00187" HPOS="709" VPOS="1635" WIDTH="14"/>
						<String ID="P451_ST00215" HPOS="723" VPOS="1603" WIDTH="82" HEIGHT="20" CONTENT="same" WC="1.00" CC="0000"/>
						<SP ID="P451_SP00188" HPOS="805" VPOS="1635" WIDTH="15"/>
						<String ID="P451_ST00216" HPOS="820" VPOS="1603" WIDTH="32" HEIGHT="20" CONTENT="as" WC="0.82" CC="03"/>
						<SP ID="P451_SP00189" HPOS="852" VPOS="1635" WIDTH="15"/>
						<String ID="P451_ST00217" HPOS="867" VPOS="1592" WIDTH="33" HEIGHT="30" CONTENT="in" WC="0.50" CC="63"/>
						<SP ID="P451_SP00190" HPOS="900" VPOS="1635" WIDTH="11"/>
						<String ID="P451_ST00218" HPOS="911" VPOS="1592" WIDTH="52" HEIGHT="31" CONTENT="the" WC="0.94" CC="010"/>
						<SP ID="P451_SP00191" HPOS="963" VPOS="1635" WIDTH="17"/>
						<String ID="P451_ST00219" HPOS="980" VPOS="1591" WIDTH="182" HEIGHT="32" CONTENT="Vermillion" WC="0.86" CC="0042000023"/>
						<SP ID="P451_SP00192" HPOS="1162" VPOS="1635" WIDTH="14"/>
						<String ID="P451_ST00220" HPOS="1176" VPOS="1591" WIDTH="109" HEIGHT="39" CONTENT="Edict)" WC="0.90" CC="041000"/>
						<SP ID="P451_SP00193" HPOS="1285" VPOS="1635" WIDTH="16"/>
						<String ID="P451_ST00221" HPOS="1301" VPOS="1592" WIDTH="60" HEIGHT="30" CONTENT="and" WC="0.88" CC="030"/>
						<SP ID="P451_SP00194" HPOS="1361" VPOS="1635" WIDTH="16"/>
						<String ID="P451_ST00222" HPOS="1377" VPOS="1602" WIDTH="40" HEIGHT="20" CONTENT="on" WC="0.80" CC="03"/>
						<SP ID="P451_SP00195" HPOS="1417" VPOS="1635" WIDTH="15"/>
						<String ID="P451_ST00223" HPOS="1432" VPOS="1592" WIDTH="53" HEIGHT="31" CONTENT="the" WC="0.87" CC="210"/>
						<SP ID="P451_SP00196" HPOS="1485" VPOS="1635" WIDTH="17"/>
						<String ID="P451_ST00224" HPOS="1502" VPOS="1594" WIDTH="73" HEIGHT="29" CONTENT="12th" WC="0.57" CC="0808"/>
					</TextLine>
					<TextLine ID="P451_TL00027" HPOS="234" VPOS="1647" WIDTH="302" HEIGHT="35">
						<String ID="P451_ST00225" HPOS="234" VPOS="1653" WIDTH="39" HEIGHT="29" CONTENT="be" WC="1.00" CC="00"/>
						<SP ID="P451_SP00197" HPOS="273" VPOS="1682" WIDTH="17"/>
						<String ID="P451_ST00226" HPOS="290" VPOS="1647" WIDTH="133" HEIGHT="35" CONTENT="ordered" WC="0.83" CC="0280000"/>
						<SP ID="P451_SP00198" HPOS="423" VPOS="1682" WIDTH="11"/>
						<String ID="P451_ST00227" HPOS="434" VPOS="1647" WIDTH="102" HEIGHT="30" CONTENT="home." WC="0.87" CC="02300"/>
					</TextLine>
				</TextBlock>
				<TextBlock ID="P451_TB00014" HPOS="857" VPOS="1744" WIDTH="100" HEIGHT="31" STYLEREFS="TXT_0 PAR_CENTER">
					<TextLine ID="P451_TL00028" HPOS="858" VPOS="1745" WIDTH="99" HEIGHT="30">
						<String ID="P451_ST00228" HPOS="858" VPOS="1745" WIDTH="60" HEIGHT="30" CONTENT="No." WC="0.61" CC="640"/>
						<SP ID="P451_SP00199" HPOS="918" VPOS="1775" WIDTH="11"/>
						<String ID="P451_ST00229" HPOS="929" VPOS="1749" WIDTH="28" HEIGHT="26" CONTENT="3." WC="0.60" CC="70"/>
					</TextLine>
				</TextBlock>
				<TextBlock ID="P451_TB00015" HPOS="232" VPOS="1827" WIDTH="1339" HEIGHT="92" STYLEREFS="TXT_1 PAR_LEFT">
					<TextLine ID="P451_TL00029" HPOS="233" VPOS="1828" WIDTH="1338" HEIGHT="49">
						<String ID="P451_ST00230" HPOS="233" VPOS="1839" WIDTH="120" HEIGHT="33" CONTENT="Outline" WC="0.83" CC="0400401"/>
						<SP ID="P451_SP00200" HPOS="353" VPOS="1872" WIDTH="16"/>
						<String ID="P451_ST00231" HPOS="369" VPOS="1837" WIDTH="41" HEIGHT="40" CONTENT="of" WC="0.57" CC="53"/>
						<SP ID="P451_SP00201" HPOS="410" VPOS="1877" WIDTH="4"/>
						<String ID="P451_ST00232" HPOS="414" VPOS="1836" WIDTH="47" HEIGHT="30" CONTENT="the" WC="1.00" CC="000"/>
						<SP ID="P451_SP00202" HPOS="461" VPOS="1877" WIDTH="15"/>
						<String ID="P451_ST00233" HPOS="476" VPOS="1835" WIDTH="163" HEIGHT="37" CONTENT="Ceremony" WC="0.92" CC="00010500"/>
						<SP ID="P451_SP00203" HPOS="639" VPOS="1877" WIDTH="17"/>
						<String ID="P451_ST00234" HPOS="656" VPOS="1836" WIDTH="26" HEIGHT="26" CONTENT="to" WC="0.69" CC="06"/>
						<SP ID="P451_SP00204" HPOS="682" VPOS="1877" WIDTH="17"/>
						<String ID="P451_ST00235" HPOS="699" VPOS="1832" WIDTH="33" HEIGHT="29" CONTENT="be" WC="0.94" CC="01"/>
						<SP ID="P451_SP00205" HPOS="732" VPOS="1877" WIDTH="15"/>
						<String ID="P451_ST00236" HPOS="747" VPOS="1831" WIDTH="142" HEIGHT="30" CONTENT="observed" WC="0.78" CC="47220000"/>
						<SP ID="P451_SP00206" HPOS="889" VPOS="1877" WIDTH="14"/>
						<String ID="P451_ST00237" HPOS="903" VPOS="1839" WIDTH="37" HEIGHT="21" CONTENT="on" WC="0.55" CC="44"/>
						<SP ID="P451_SP00207" HPOS="940" VPOS="1877" WIDTH="15"/>
						<String ID="P451_ST00238" HPOS="955" VPOS="1830" WIDTH="47" HEIGHT="29" CONTENT="the" WC="1.00" CC="000"/>
						<SP ID="P451_SP00208" HPOS="1002" VPOS="1877" WIDTH="15"/>
						<String ID="P451_ST00239" HPOS="1017" VPOS="1829" WIDTH="131" HEIGHT="39" CONTENT="English" WC="0.90" CC="1000310"/>
						<SP ID="P451_SP00209" HPOS="1148" VPOS="1877" WIDTH="15"/>
						<String ID="P451_ST00240" HPOS="1163" VPOS="1828" WIDTH="228" HEIGHT="30" CONTENT="Ambassador's" WC="0.76" CC="604020006061"/>
						<SP ID="P451_SP00210" HPOS="1391" VPOS="1877" WIDTH="8"/>
						<String ID="P451_ST00241" HPOS="1399" VPOS="1830" WIDTH="172" HEIGHT="39" CONTENT="presenting" WC="0.74" CC="7030600007"/>
					</TextLine>
					<TextLine ID="P451_TL00030" HPOS="425" VPOS="1880" WIDTH="967" HEIGHT="39">
						<String ID="P451_ST00242" HPOS="425" VPOS="1888" WIDTH="47" HEIGHT="29" CONTENT="the" WC="0.94" CC="001"/>
						<SP ID="P451_SP00211" HPOS="472" VPOS="1917" WIDTH="15"/>
						<String ID="P451_ST00243" HPOS="487" VPOS="1886" WIDTH="190" HEIGHT="33" CONTENT="Piaou-wan," WC="0.73" CC="7300302044"/>
						<SP ID="P451_SP00212" HPOS="677" VPOS="1919" WIDTH="25"/>
						<String ID="P451_ST00244" HPOS="702" VPOS="1894" WIDTH="36" HEIGHT="19" CONTENT="or" WC="0.70" CC="50"/>
						<SP ID="P451_SP00213" HPOS="738" VPOS="1919" WIDTH="16"/>
						<String ID="P451_ST00245" HPOS="754" VPOS="1883" WIDTH="120" HEIGHT="36" CONTENT="Official" WC="1.00" CC="00000000"/>
						<SP ID="P451_SP00214" HPOS="874" VPOS="1919" WIDTH="11"/>
						<String ID="P451_ST00246" HPOS="885" VPOS="1883" WIDTH="169" HEIGHT="28" CONTENT="Document" WC="0.75" CC="67003300"/>
						<SP ID="P451_SP00215" HPOS="1054" VPOS="1919" WIDTH="1"/>
						<String ID="P451_ST00247" HPOS="1055" VPOS="1882" WIDTH="88" HEIGHT="37" CONTENT="from" WC="0.71" CC="3070"/>
						<SP ID="P451_SP00216" HPOS="1143" VPOS="1919" WIDTH="16"/>
						<String ID="P451_ST00248" HPOS="1159" VPOS="1880" WIDTH="45" HEIGHT="30" CONTENT="his" WC="0.91" CC="002"/>
						<SP ID="P451_SP00217" HPOS="1204" VPOS="1919" WIDTH="15"/>
						<String ID="P451_ST00249" HPOS="1219" VPOS="1880" WIDTH="173" HEIGHT="39" CONTENT="Sovereign." WC="0.70" CC="0654041006"/>
					</TextLine>
				</TextBlock>
				<TextBlock ID="P451_TB00016" HPOS="230" VPOS="1962" WIDTH="1342" HEIGHT="95" STYLEREFS="TXT_1 PAR_LEFT">
					<TextLine ID="P451_TL00031" HPOS="276" VPOS="1963" WIDTH="1296" HEIGHT="42">
						<String ID="P451_ST00250" HPOS="276" VPOS="1976" WIDTH="110" HEIGHT="29" CONTENT="About" WC="0.94" CC="10010"/>
						<SP ID="P451_SP00218" HPOS="386" VPOS="2005" WIDTH="25"/>
						<String ID="P451_ST00251" HPOS="411" VPOS="1971" WIDTH="71" HEIGHT="31" CONTENT="four" WC="0.68" CC="0244"/>
						<SP ID="P451_SP00219" HPOS="482" VPOS="2005" WIDTH="25"/>
						<String ID="P451_ST00252" HPOS="507" VPOS="1967" WIDTH="122" HEIGHT="32" CONTENT="o'clock" WC="0.81" CC="0714000"/>
						<SP ID="P451_SP00220" HPOS="629" VPOS="2005" WIDTH="22"/>
						<String ID="P451_ST00253" HPOS="651" VPOS="1966" WIDTH="32" HEIGHT="30" CONTENT="in" WC="0.44" CC="64"/>
						<SP ID="P451_SP00221" HPOS="683" VPOS="2005" WIDTH="24"/>
						<String ID="P451_ST00254" HPOS="707" VPOS="1965" WIDTH="54" HEIGHT="31" CONTENT="the" WC="1.00" CC="000"/>
						<SP ID="P451_SP00222" HPOS="761" VPOS="2005" WIDTH="15"/>
						<String ID="P451_ST00255" HPOS="776" VPOS="1965" WIDTH="144" HEIGHT="39" CONTENT="morning" WC="0.68" CC="5003443"/>
						<SP ID="P451_SP00223" HPOS="920" VPOS="2005" WIDTH="23"/>
						<String ID="P451_ST00256" HPOS="943" VPOS="1963" WIDTH="38" HEIGHT="30" CONTENT="of" WC="0.65" CC="70"/>
						<SP ID="P451_SP00224" HPOS="981" VPOS="2005" WIDTH="18"/>
						<String ID="P451_ST00257" HPOS="999" VPOS="1963" WIDTH="67" HEIGHT="30" CONTENT="that" WC="0.96" CC="0010"/>
						<SP ID="P451_SP00225" HPOS="1066" VPOS="2005" WIDTH="28"/>
						<String ID="P451_ST00258" HPOS="1094" VPOS="1963" WIDTH="69" HEIGHT="40" CONTENT="day," WC="0.70" CC="0065"/>
						<SP ID="P451_SP00226" HPOS="1163" VPOS="2005" WIDTH="25"/>
						<String ID="P451_ST00259" HPOS="1188" VPOS="1968" WIDTH="231" HEIGHT="35" CONTENT="arrangements" WC="0.86" CC="000060010203"/>
						<SP ID="P451_SP00227" HPOS="1419" VPOS="2005" WIDTH="26"/>
						<String ID="P451_ST00260" HPOS="1445" VPOS="1964" WIDTH="75" HEIGHT="29" CONTENT="shall" WC="0.92" CC="03000"/>
						<SP ID="P451_SP00228" HPOS="1520" VPOS="2005" WIDTH="15"/>
						<String ID="P451_ST00261" HPOS="1535" VPOS="1964" WIDTH="37" HEIGHT="29" CONTENT="be" WC="1.00" CC="00"/>
					</TextLine>
					<TextLine ID="P451_TL00032" HPOS="231" VPOS="2014" WIDTH="1341" HEIGHT="43">
						<String ID="P451_ST00262" HPOS="231" VPOS="2027" WIDTH="91" HEIGHT="30" CONTENT="made" WC="0.61" CC="5603"/>
						<SP ID="P451_SP00229" HPOS="322" VPOS="2057" WIDTH="10"/>
						<String ID="P451_ST00263" HPOS="332" VPOS="2026" WIDTH="49" HEIGHT="30" CONTENT="for" WC="0.68" CC="152"/>
						<SP ID="P451_SP00230" HPOS="381" VPOS="2057" WIDTH="11"/>
						<String ID="P451_ST00264" HPOS="392" VPOS="2024" WIDTH="55" HEIGHT="30" CONTENT="the" WC="1.00" CC="000"/>
						<SP ID="P451_SP00231" HPOS="447" VPOS="2057" WIDTH="11"/>
						<String ID="P451_ST00265" HPOS="458" VPOS="2021" WIDTH="144" HEIGHT="33" CONTENT="occasion" WC="0.88" CC="00000305"/>
						<SP ID="P451_SP00232" HPOS="602" VPOS="2057" WIDTH="11"/>
						<String ID="P451_ST00266" HPOS="613" VPOS="2020" WIDTH="31" HEIGHT="28" CONTENT="in" WC="0.68" CC="14"/>
						<SP ID="P451_SP00233" HPOS="644" VPOS="2057" WIDTH="12"/>
						<String ID="P451_ST00267" HPOS="656" VPOS="2018" WIDTH="52" HEIGHT="30" CONTENT="the" WC="0.92" CC="020"/>
						<SP ID="P451_SP00234" HPOS="708" VPOS="2057" WIDTH="13"/>
						<String ID="P451_ST00268" HPOS="721" VPOS="2021" WIDTH="89" HEIGHT="36" CONTENT="great" WC="0.90" CC="30010"/>
						<SP ID="P451_SP00235" HPOS="810" VPOS="2057" WIDTH="13"/>
						<String ID="P451_ST00269" HPOS="823" VPOS="2015" WIDTH="289" HEIGHT="40" CONTENT="Kuang-ming-teen" WC="0.62" CC="320153700435674"/>
						<SP ID="P451_SP00236" HPOS="1112" VPOS="2057" WIDTH="9"/>
						<String ID="P451_ST00270" HPOS="1121" VPOS="2015" WIDTH="27" HEIGHT="35" CONTENT="t," WC="0.59" CC="80"/>
						<SP ID="P451_SP00237" HPOS="1148" VPOS="2057" WIDTH="17"/>
						<String ID="P451_ST00271" HPOS="1165" VPOS="2014" WIDTH="127" HEIGHT="41" CONTENT="(Palace" WC="0.74" CC="2750020"/>
						<SP ID="P451_SP00238" HPOS="1292" VPOS="2057" WIDTH="11"/>
						<String ID="P451_ST00272" HPOS="1303" VPOS="2025" WIDTH="33" HEIGHT="20" CONTENT="or" WC="0.56" CC="25"/>
						<SP ID="P451_SP00239" HPOS="1336" VPOS="2057" WIDTH="12"/>
						<String ID="P451_ST00273" HPOS="1348" VPOS="2015" WIDTH="75" HEIGHT="29" CONTENT="Hall" WC="0.67" CC="5141"/>
						<SP ID="P451_SP00240" HPOS="1423" VPOS="2057" WIDTH="12"/>
						<String ID="P451_ST00274" HPOS="1435" VPOS="2015" WIDTH="37" HEIGHT="29" CONTENT="of" WC="0.97" CC="00"/>
						<SP ID="P451_SP00241" HPOS="1472" VPOS="2057" WIDTH="6"/>
						<String ID="P451_ST00275" HPOS="1478" VPOS="2014" WIDTH="94" HEIGHT="40" CONTENT="Light" WC="0.75" CC="07202"/>
					</TextLine>
				</TextBlock>
				<TextBlock ID="P451_TB00017" HPOS="907" VPOS="2120" WIDTH="594" HEIGHT="35" STYLEREFS="TXT_1 PAR_RIGHT">
					<TextLine ID="P451_TL00033" HPOS="908" VPOS="2122" WIDTH="593" HEIGHT="33">
						<String ID="P451_ST00276" HPOS="908" VPOS="2126" WIDTH="17" HEIGHT="29" CONTENT="f" WC="0.13" CC="8"/>
						<SP ID="P451_SP00242" HPOS="925" VPOS="2155" WIDTH="21"/>
						<String ID="P451_ST00277" HPOS="946" VPOS="2124" WIDTH="53" HEIGHT="24" CONTENT="The" WC="0.91" CC="020"/>
						<SP ID="P451_SP00243" HPOS="999" VPOS="2155" WIDTH="12"/>
						<String ID="P451_ST00278" HPOS="1011" VPOS="2131" WIDTH="66" HEIGHT="17" CONTENT="same" WC="0.54" CC="8270"/>
						<SP ID="P451_SP00244" HPOS="1077" VPOS="2155" WIDTH="13"/>
						<String ID="P451_ST00279" HPOS="1090" VPOS="2124" WIDTH="119" HEIGHT="31" CONTENT="probably" WC="0.57" CC="26475025"/>
						<SP ID="P451_SP00245" HPOS="1209" VPOS="2155" WIDTH="12"/>
						<String ID="P451_ST00280" HPOS="1221" VPOS="2132" WIDTH="26" HEIGHT="16" CONTENT="as" WC="0.34" CC="67"/>
						<SP ID="P451_SP00246" HPOS="1247" VPOS="2155" WIDTH="13"/>
						<String ID="P451_ST00281" HPOS="1260" VPOS="2124" WIDTH="98" HEIGHT="24" CONTENT="Barrow" WC="0.56" CC="703077"/>
						<SP ID="P451_SP00247" HPOS="1358" VPOS="2155" WIDTH="13"/>
						<String ID="P451_ST00282" HPOS="1371" VPOS="2122" WIDTH="130" HEIGHT="25" CONTENT="describes." WC="0.69" CC="5170401270"/>
					</TextLine>
				</TextBlock>
				<TextBlock ID="P451_TB00018" HPOS="331" VPOS="2127" WIDTH="402" HEIGHT="37" STYLEREFS="TXT_1 PAR_LEFT">
					<TextLine ID="P451_TL00034" HPOS="331" VPOS="2128" WIDTH="402" HEIGHT="36">
						<String ID="P451_ST00283" HPOS="331" VPOS="2138" WIDTH="16" HEIGHT="15" CONTENT="*" WC="0.56" CC="4"/>
						<SP ID="P451_SP00248" HPOS="347" VPOS="2153" WIDTH="19"/>
						<String ID="P451_ST00284" HPOS="366" VPOS="2133" WIDTH="108" HEIGHT="31" CONTENT="To-day," WC="0.68" CC="0441370"/>
						<SP ID="P451_SP00249" HPOS="474" VPOS="2164" WIDTH="19"/>
						<String ID="P451_ST00285" HPOS="493" VPOS="2131" WIDTH="48" HEIGHT="24" CONTENT="viz." WC="0.61" CC="4640"/>
						<SP ID="P451_SP00250" HPOS="541" VPOS="2164" WIDTH="11"/>
						<String ID="P451_ST00286" HPOS="552" VPOS="2129" WIDTH="61" HEIGHT="27" CONTENT="28th" WC="0.42" CC="6555"/>
						<SP ID="P451_SP00251" HPOS="613" VPOS="2164" WIDTH="13"/>
						<String ID="P451_ST00287" HPOS="626" VPOS="2128" WIDTH="107" HEIGHT="32" CONTENT="August." WC="0.68" CC="3040651"/>
					</TextLine>
				</TextBlock>
			</PrintSpace>
		</Page>
	</Layout>
</alto>
