<?xml version="1.0" encoding="UTF-8"?>
<alto xmlns:xsi="http://www.w3.org/2001/XMLSchema-instance" xsi:noNamespaceSchemaLocation="http://www.bl.uk/schemas/alto/alto-1-4.xsd" xmlns:xlink="http://www.w3.org/1999/xlink">
	<Description>
		<MeasurementUnit>mm10</MeasurementUnit>
		<sourceImageInformation>
			<fileName>//head1/IN/2008-13/A0011342463/002977.jp2</fileName>
		</sourceImageInformation>
		<OCRProcessing ID="OCRPROCESSING_1">
			<preProcessingStep>
				<processingSoftware>
					<softwareCreator>CCS Content Conversion Specialists GmbH, Germany</softwareCreator>
					<softwareName>CCS docWORKS</softwareName>
					<softwareVersion>6.1-0.67</softwareVersion>
				</processingSoftware>
			</preProcessingStep>
			<ocrProcessingStep>
				<processingSoftware>
					<softwareCreator>ABBYY (BIT Software), Russia</softwareCreator>
					<softwareName>Finereader</softwareName>
				</processingSoftware>
			</ocrProcessingStep>
		</OCRProcessing>
	</Description>
	<Styles>
		<TextStyle ID="TXT_0" FONTSIZE="10" FONTFAMILY="Courier New"/>
		<ParagraphStyle ID="PAR_LEFT" ALIGN="Left"/>
		<ParagraphStyle ID="PAR_RIGHT" ALIGN="Right"/>
	</Styles>
	<Layout>
		<Page ID="P59" PHYSICAL_IMG_NR="59" HEIGHT="2350" WIDTH="1784" PRINTED_IMG_NR="29" POSITION="Right" ACCURACY="79.73">
			<TopMargin ID="P59_TM00001" HPOS="0" VPOS="0" WIDTH="1783" HEIGHT="179">
				<TextBlock ID="P59_TB00001" HPOS="736" VPOS="140" WIDTH="235" HEIGHT="25" STYLEREFS="TXT_0 PAR_LEFT">
					<TextLine ID="P59_TL00001" HPOS="737" VPOS="141" WIDTH="234" HEIGHT="24">
						<String ID="P59_ST00001" HPOS="737" VPOS="141" WIDTH="83" HEIGHT="24" CONTENT="RICE" WC="0.84" CC="6000"/>
						<SP ID="P59_SP00001" HPOS="820" VPOS="165" WIDTH="19"/>
						<String ID="P59_ST00002" HPOS="839" VPOS="142" WIDTH="132" HEIGHT="23" CONTENT="FIELDS." WC="0.84" CC="0004150"/>
					</TextLine>
				</TextBlock>
				<TextBlock ID="P59_TB00002" HPOS="1479" VPOS="147" WIDTH="44" HEIGHT="30" STYLEREFS="TXT_0 PAR_RIGHT">
					<TextLine ID="P59_TL00002" HPOS="1480" VPOS="147" WIDTH="43" HEIGHT="30">
						<String ID="P59_ST00003" HPOS="1480" VPOS="147" WIDTH="43" HEIGHT="30" CONTENT="29" WC="0.46" CC="72"/>
					</TextLine>
				</TextBlock>
			</TopMargin>
			<LeftMargin ID="P59_LM00001" HPOS="0" VPOS="179" WIDTH="174" HEIGHT="1944"/>
			<RightMargin ID="P59_RM00001" HPOS="1523" VPOS="179" WIDTH="260" HEIGHT="1944"/>
			<BottomMargin ID="P59_BM00001" HPOS="0" VPOS="2123" WIDTH="1783" HEIGHT="227"/>
			<PrintSpace ID="P59_PS00001" HPOS="174" VPOS="179" WIDTH="1349" HEIGHT="1944">
				<TextBlock ID="P59_TB00003" HPOS="176" VPOS="218" WIDTH="1346" HEIGHT="876" STYLEREFS="TXT_0 PAR_LEFT">
					<TextLine ID="P59_TL00003" HPOS="178" VPOS="219" WIDTH="1344" HEIGHT="50">
						<String ID="P59_ST00004" HPOS="178" VPOS="219" WIDTH="127" HEIGHT="33" CONTENT="hollow" WC="0.77" CC="523020"/>
						<SP ID="P59_SP00002" HPOS="305" VPOS="252" WIDTH="19"/>
						<String ID="P59_ST00005" HPOS="324" VPOS="220" WIDTH="41" HEIGHT="33" CONTENT="of" WC="0.73" CC="05"/>
						<SP ID="P59_SP00003" HPOS="365" VPOS="253" WIDTH="18"/>
						<String ID="P59_ST00006" HPOS="383" VPOS="221" WIDTH="59" HEIGHT="33" CONTENT="the" WC="0.96" CC="100"/>
						<SP ID="P59_SP00004" HPOS="442" VPOS="254" WIDTH="26"/>
						<String ID="P59_ST00007" HPOS="468" VPOS="220" WIDTH="161" HEIGHT="45" CONTENT="cylinder." WC="0.84" CC="080200020"/>
						<SP ID="P59_SP00005" HPOS="629" VPOS="265" WIDTH="52"/>
						<String ID="P59_ST00008" HPOS="681" VPOS="220" WIDTH="141" HEIGHT="46" CONTENT="Having" WC="0.72" CC="605201"/>
						<SP ID="P59_SP00006" HPOS="822" VPOS="266" WIDTH="26"/>
						<String ID="P59_ST00009" HPOS="848" VPOS="221" WIDTH="90" HEIGHT="34" CONTENT="done" WC="0.93" CC="2000"/>
						<SP ID="P59_SP00007" HPOS="938" VPOS="266" WIDTH="24"/>
						<String ID="P59_ST00010" HPOS="962" VPOS="222" WIDTH="79" HEIGHT="39" CONTENT="this," WC="0.70" CC="42007"/>
						<SP ID="P59_SP00008" HPOS="1041" VPOS="266" WIDTH="26"/>
						<String ID="P59_ST00011" HPOS="1067" VPOS="222" WIDTH="81" HEIGHT="46" CONTENT="they" WC="0.71" CC="0307"/>
						<SP ID="P59_SP00009" HPOS="1148" VPOS="268" WIDTH="18"/>
						<String ID="P59_ST00012" HPOS="1166" VPOS="224" WIDTH="95" HEIGHT="45" CONTENT="place" WC="0.82" CC="14300"/>
						<SP ID="P59_SP00010" HPOS="1261" VPOS="269" WIDTH="18"/>
						<String ID="P59_ST00013" HPOS="1279" VPOS="224" WIDTH="42" HEIGHT="32" CONTENT="its" WC="0.77" CC="240"/>
						<SP ID="P59_SP00011" HPOS="1321" VPOS="269" WIDTH="17"/>
						<String ID="P59_ST00014" HPOS="1338" VPOS="236" WIDTH="91" HEIGHT="33" CONTENT="open" WC="0.84" CC="2300"/>
						<SP ID="P59_SP00012" HPOS="1429" VPOS="269" WIDTH="26"/>
						<String ID="P59_ST00015" HPOS="1455" VPOS="224" WIDTH="67" HEIGHT="33" CONTENT="end" WC="0.58" CC="066"/>
					</TextLine>
					<TextLine ID="P59_TL00004" HPOS="179" VPOS="276" WIDTH="1343" HEIGHT="49">
						<String ID="P59_ST00016" HPOS="179" VPOS="277" WIDTH="157" HEIGHT="33" CONTENT="between" WC="0.96" CC="0030000"/>
						<SP ID="P59_SP00013" HPOS="336" VPOS="310" WIDTH="17"/>
						<String ID="P59_ST00017" HPOS="353" VPOS="278" WIDTH="58" HEIGHT="32" CONTENT="the" WC="1.00" CC="000"/>
						<SP ID="P59_SP00014" HPOS="411" VPOS="310" WIDTH="18"/>
						<String ID="P59_ST00018" HPOS="429" VPOS="277" WIDTH="74" HEIGHT="45" CONTENT="lips," WC="0.59" CC="34334"/>
						<SP ID="P59_SP00015" HPOS="503" VPOS="322" WIDTH="26"/>
						<String ID="P59_ST00019" HPOS="529" VPOS="277" WIDTH="69" HEIGHT="32" CONTENT="and" WC="0.64" CC="406"/>
						<SP ID="P59_SP00016" HPOS="598" VPOS="322" WIDTH="24"/>
						<String ID="P59_ST00020" HPOS="622" VPOS="276" WIDTH="131" HEIGHT="46" CONTENT="forcing" WC="0.78" CC="4050050"/>
						<SP ID="P59_SP00017" HPOS="753" VPOS="322" WIDTH="17"/>
						<String ID="P59_ST00021" HPOS="770" VPOS="277" WIDTH="101" HEIGHT="33" CONTENT="down" WC="0.81" CC="2022"/>
						<SP ID="P59_SP00018" HPOS="871" VPOS="322" WIDTH="18"/>
						<String ID="P59_ST00022" HPOS="889" VPOS="278" WIDTH="59" HEIGHT="33" CONTENT="the" WC="0.87" CC="300"/>
						<SP ID="P59_SP00019" HPOS="948" VPOS="322" WIDTH="16"/>
						<String ID="P59_ST00023" HPOS="964" VPOS="278" WIDTH="126" HEIGHT="46" CONTENT="piston," WC="0.53" CC="4088045"/>
						<SP ID="P59_SP00020" HPOS="1090" VPOS="324" WIDTH="26"/>
						<String ID="P59_ST00024" HPOS="1116" VPOS="279" WIDTH="95" HEIGHT="33" CONTENT="drive" WC="0.77" CC="50050"/>
						<SP ID="P59_SP00021" HPOS="1211" VPOS="324" WIDTH="16"/>
						<String ID="P59_ST00025" HPOS="1227" VPOS="280" WIDTH="59" HEIGHT="33" CONTENT="the" WC="0.91" CC="100"/>
						<SP ID="P59_SP00022" HPOS="1286" VPOS="324" WIDTH="17"/>
						<String ID="P59_ST00026" HPOS="1303" VPOS="280" WIDTH="219" HEIGHT="45" CONTENT="masticatory" WC="0.90" CC="00000000028"/>
					</TextLine>
					<TextLine ID="P59_TL00005" HPOS="179" VPOS="332" WIDTH="1342" HEIGHT="48">
						<String ID="P59_ST00027" HPOS="179" VPOS="332" WIDTH="74" HEIGHT="34" CONTENT="into" WC="0.69" CC="1550"/>
						<SP ID="P59_SP00023" HPOS="253" VPOS="366" WIDTH="17"/>
						<String ID="P59_ST00028" HPOS="270" VPOS="333" WIDTH="88" HEIGHT="33" CONTENT="their" WC="0.86" CC="50010"/>
						<SP ID="P59_SP00024" HPOS="358" VPOS="366" WIDTH="17"/>
						<String ID="P59_ST00029" HPOS="375" VPOS="333" WIDTH="149" HEIGHT="33" CONTENT="mouths." WC="0.87" CC="0030310"/>
						<SP ID="P59_SP00025" HPOS="524" VPOS="366" WIDTH="52"/>
						<String ID="P59_ST00030" HPOS="576" VPOS="333" WIDTH="67" HEIGHT="32" CONTENT="But" WC="0.68" CC="602"/>
						<SP ID="P59_SP00026" HPOS="643" VPOS="366" WIDTH="17"/>
						<String ID="P59_ST00031" HPOS="660" VPOS="333" WIDTH="96" HEIGHT="33" CONTENT="these" WC="0.88" CC="50000"/>
						<SP ID="P59_SP00027" HPOS="756" VPOS="366" WIDTH="18"/>
						<String ID="P59_ST00032" HPOS="774" VPOS="334" WIDTH="224" HEIGHT="34" CONTENT="instruments" WC="0.83" CC="20018010004"/>
						<SP ID="P59_SP00028" HPOS="998" VPOS="368" WIDTH="18"/>
						<String ID="P59_ST00033" HPOS="1016" VPOS="346" WIDTH="66" HEIGHT="28" CONTENT="are," WC="0.72" CC="0406"/>
						<SP ID="P59_SP00029" HPOS="1082" VPOS="374" WIDTH="24"/>
						<String ID="P59_ST00034" HPOS="1106" VPOS="335" WIDTH="17" HEIGHT="33" CONTENT="I" WC="0.75" CC="2"/>
						<SP ID="P59_SP00030" HPOS="1123" VPOS="374" WIDTH="23"/>
						<String ID="P59_ST00035" HPOS="1146" VPOS="342" WIDTH="146" HEIGHT="38" CONTENT="suspect," WC="0.82" CC="50100006"/>
						<SP ID="P59_SP00031" HPOS="1292" VPOS="380" WIDTH="17"/>
						<String ID="P59_ST00036" HPOS="1309" VPOS="337" WIDTH="160" HEIGHT="33" CONTENT="confined" WC="0.76" CC="02600406"/>
						<SP ID="P59_SP00032" HPOS="1469" VPOS="380" WIDTH="16"/>
						<String ID="P59_ST00037" HPOS="1485" VPOS="342" WIDTH="36" HEIGHT="28" CONTENT="to" WC="0.95" CC="10"/>
					</TextLine>
					<TextLine ID="P59_TL00006" HPOS="178" VPOS="389" WIDTH="1343" HEIGHT="39">
						<String ID="P59_ST00038" HPOS="178" VPOS="389" WIDTH="59" HEIGHT="32" CONTENT="old" WC="0.85" CC="111"/>
						<SP ID="P59_SP00033" HPOS="237" VPOS="421" WIDTH="17"/>
						<String ID="P59_ST00039" HPOS="254" VPOS="401" WIDTH="92" HEIGHT="27" CONTENT="men," WC="0.84" CC="0023"/>
						<SP ID="P59_SP00034" HPOS="346" VPOS="428" WIDTH="25"/>
						<String ID="P59_ST00040" HPOS="371" VPOS="389" WIDTH="77" HEIGHT="33" CONTENT="who" WC="0.83" CC="005"/>
						<SP ID="P59_SP00035" HPOS="448" VPOS="428" WIDTH="17"/>
						<String ID="P59_ST00041" HPOS="465" VPOS="401" WIDTH="61" HEIGHT="22" CONTENT="use" WC="0.98" CC="000"/>
						<SP ID="P59_SP00036" HPOS="526" VPOS="428" WIDTH="16"/>
						<String ID="P59_ST00042" HPOS="542" VPOS="389" WIDTH="98" HEIGHT="33" CONTENT="them" WC="0.84" CC="0600"/>
						<SP ID="P59_SP00037" HPOS="640" VPOS="428" WIDTH="25"/>
						<String ID="P59_ST00043" HPOS="665" VPOS="401" WIDTH="35" HEIGHT="22" CONTENT="as" WC="0.83" CC="03"/>
						<SP ID="P59_SP00038" HPOS="700" VPOS="428" WIDTH="17"/>
						<String ID="P59_ST00044" HPOS="717" VPOS="402" WIDTH="19" HEIGHT="21" CONTENT="a" WC="1.00" CC="0"/>
						<SP ID="P59_SP00039" HPOS="736" VPOS="428" WIDTH="17"/>
						<String ID="P59_ST00045" HPOS="753" VPOS="390" WIDTH="182" HEIGHT="34" CONTENT="substitute" WC="0.80" CC="2306040020"/>
						<SP ID="P59_SP00040" HPOS="935" VPOS="428" WIDTH="16"/>
						<String ID="P59_ST00046" HPOS="951" VPOS="390" WIDTH="53" HEIGHT="34" CONTENT="for" WC="0.83" CC="400"/>
						<SP ID="P59_SP00041" HPOS="1004" VPOS="428" WIDTH="16"/>
						<String ID="P59_ST00047" HPOS="1020" VPOS="391" WIDTH="104" HEIGHT="33" CONTENT="teeth." WC="0.92" CC="100020"/>
						<SP ID="P59_SP00042" HPOS="1124" VPOS="428" WIDTH="52"/>
						<String ID="P59_ST00048" HPOS="1176" VPOS="390" WIDTH="66" HEIGHT="34" CONTENT="We" WC="1.00" CC="00"/>
						<SP ID="P59_SP00043" HPOS="1242" VPOS="428" WIDTH="24"/>
						<String ID="P59_ST00049" HPOS="1266" VPOS="391" WIDTH="116" HEIGHT="34" CONTENT="halted" WC="0.97" CC="000001"/>
						<SP ID="P59_SP00044" HPOS="1382" VPOS="428" WIDTH="22"/>
						<String ID="P59_ST00050" HPOS="1404" VPOS="399" WIDTH="33" HEIGHT="26" CONTENT="at" WC="0.79" CC="04"/>
						<SP ID="P59_SP00045" HPOS="1437" VPOS="428" WIDTH="17"/>
						<String ID="P59_ST00051" HPOS="1454" VPOS="405" WIDTH="67" HEIGHT="21" CONTENT="one" WC="0.81" CC="320"/>
					</TextLine>
					<TextLine ID="P59_TL00007" HPOS="178" VPOS="445" WIDTH="1343" HEIGHT="48">
						<String ID="P59_ST00052" HPOS="178" VPOS="445" WIDTH="41" HEIGHT="33" CONTENT="of" WC="0.97" CC="00"/>
						<SP ID="P59_SP00046" HPOS="219" VPOS="478" WIDTH="9"/>
						<String ID="P59_ST00053" HPOS="228" VPOS="445" WIDTH="60" HEIGHT="33" CONTENT="the" WC="0.90" CC="020"/>
						<SP ID="P59_SP00047" HPOS="288" VPOS="478" WIDTH="19"/>
						<String ID="P59_ST00054" HPOS="307" VPOS="445" WIDTH="112" HEIGHT="39" CONTENT="sheds," WC="0.66" CC="130554"/>
						<SP ID="P59_SP00048" HPOS="419" VPOS="484" WIDTH="13"/>
						<String ID="P59_ST00055" HPOS="432" VPOS="446" WIDTH="105" HEIGHT="33" CONTENT="about" WC="0.87" CC="40010"/>
						<SP ID="P59_SP00049" HPOS="537" VPOS="484" WIDTH="16"/>
						<String ID="P59_ST00056" HPOS="553" VPOS="445" WIDTH="159" HEIGHT="46" CONTENT="half-way" WC="0.76" CC="07002008"/>
						<SP ID="P59_SP00050" HPOS="712" VPOS="491" WIDTH="11"/>
						<String ID="P59_ST00057" HPOS="723" VPOS="458" WIDTH="45" HEIGHT="21" CONTENT="on" WC="1.00" CC="00"/>
						<SP ID="P59_SP00051" HPOS="768" VPOS="491" WIDTH="18"/>
						<String ID="P59_ST00058" HPOS="786" VPOS="458" WIDTH="62" HEIGHT="21" CONTENT="our" WC="0.75" CC="034"/>
						<SP ID="P59_SP00052" HPOS="848" VPOS="491" WIDTH="11"/>
						<String ID="P59_ST00059" HPOS="859" VPOS="449" WIDTH="159" HEIGHT="44" CONTENT="journey," WC="0.69" CC="60040067"/>
						<SP ID="P59_SP00053" HPOS="1018" VPOS="493" WIDTH="17"/>
						<String ID="P59_ST00060" HPOS="1035" VPOS="447" WIDTH="69" HEIGHT="33" CONTENT="and" WC="0.59" CC="146"/>
						<SP ID="P59_SP00054" HPOS="1104" VPOS="493" WIDTH="15"/>
						<String ID="P59_ST00061" HPOS="1119" VPOS="448" WIDTH="144" HEIGHT="44" CONTENT="partook" WC="0.74" CC="4040340"/>
						<SP ID="P59_SP00055" HPOS="1263" VPOS="493" WIDTH="13"/>
						<String ID="P59_ST00062" HPOS="1276" VPOS="448" WIDTH="42" HEIGHT="32" CONTENT="of" WC="0.89" CC="02"/>
						<SP ID="P59_SP00056" HPOS="1318" VPOS="493" WIDTH="9"/>
						<String ID="P59_ST00063" HPOS="1327" VPOS="448" WIDTH="59" HEIGHT="33" CONTENT="the" WC="0.85" CC="040"/>
						<SP ID="P59_SP00057" HPOS="1386" VPOS="493" WIDTH="16"/>
						<String ID="P59_ST00064" HPOS="1402" VPOS="461" WIDTH="119" HEIGHT="20" CONTENT="never" SUBS_TYPE="HypPart1" SUBS_CONTENT="neverfailing" WC="0.88" CC="000052"/>
						<HYP CONTENT="-"/>
					</TextLine>
					<TextLine ID="P59_TL00008" HPOS="178" VPOS="501" WIDTH="1339" HEIGHT="48">
						<String ID="P59_ST00065" HPOS="178" VPOS="501" WIDTH="119" HEIGHT="45" CONTENT="failing" SUBS_TYPE="HypPart2" SUBS_CONTENT="neverfailing" WC="0.73" CC="2134050"/>
						<SP ID="P59_SP00058" HPOS="297" VPOS="546" WIDTH="33"/>
						<String ID="P59_ST00066" HPOS="330" VPOS="501" WIDTH="67" HEIGHT="33" CONTENT="and" WC="0.80" CC="014"/>
						<SP ID="P59_SP00059" HPOS="397" VPOS="546" WIDTH="26"/>
						<String ID="P59_ST00067" HPOS="423" VPOS="502" WIDTH="241" HEIGHT="45" CONTENT="ever-grateful" WC="0.85" CC="0003206000302"/>
						<SP ID="P59_SP00060" HPOS="664" VPOS="547" WIDTH="27"/>
						<String ID="P59_ST00068" HPOS="691" VPOS="504" WIDTH="167" HEIGHT="44" CONTENT="beverage" WC="0.94" CC="00001200"/>
						<SP ID="P59_SP00061" HPOS="858" VPOS="548" WIDTH="29"/>
						<String ID="P59_ST00069" HPOS="887" VPOS="504" WIDTH="35" HEIGHT="32" CONTENT="in" WC="0.85" CC="02"/>
						<SP ID="P59_SP00062" HPOS="922" VPOS="548" WIDTH="27"/>
						<String ID="P59_ST00070" HPOS="949" VPOS="504" WIDTH="67" HEIGHT="33" CONTENT="this" WC="0.90" CC="0030"/>
						<SP ID="P59_SP00063" HPOS="1016" VPOS="548" WIDTH="27"/>
						<String ID="P59_ST00071" HPOS="1043" VPOS="504" WIDTH="146" HEIGHT="39" CONTENT="climate," WC="0.83" CC="06000006"/>
						<SP ID="P59_SP00064" HPOS="1189" VPOS="548" WIDTH="26"/>
						<String ID="P59_ST00072" HPOS="1215" VPOS="510" WIDTH="182" HEIGHT="27" CONTENT="cocoa-nut" WC="0.77" CC="030008043"/>
						<SP ID="P59_SP00065" HPOS="1397" VPOS="548" WIDTH="19"/>
						<String ID="P59_ST00073" HPOS="1416" VPOS="505" WIDTH="101" HEIGHT="44" CONTENT="juice." WC="0.68" CC="354005"/>
					</TextLine>
					<TextLine ID="P59_TL00009" HPOS="179" VPOS="557" WIDTH="1340" HEIGHT="49">
						<String ID="P59_ST00074" HPOS="179" VPOS="557" WIDTH="83" HEIGHT="33" CONTENT="This" WC="0.94" CC="0020"/>
						<SP ID="P59_SP00066" HPOS="262" VPOS="590" WIDTH="17"/>
						<String ID="P59_ST00075" HPOS="279" VPOS="557" WIDTH="86" HEIGHT="33" CONTENT="fluid" WC="0.67" CC="33305"/>
						<SP ID="P59_SP00067" HPOS="365" VPOS="590" WIDTH="16"/>
						<String ID="P59_ST00076" HPOS="381" VPOS="558" WIDTH="27" HEIGHT="33" CONTENT="is" WC="0.75" CC="04"/>
						<SP ID="P59_SP00068" HPOS="408" VPOS="591" WIDTH="18"/>
						<String ID="P59_ST00077" HPOS="426" VPOS="571" WIDTH="81" HEIGHT="32" CONTENT="very" WC="0.82" CC="0007"/>
						<SP ID="P59_SP00069" HPOS="507" VPOS="603" WIDTH="14"/>
						<String ID="P59_ST00078" HPOS="521" VPOS="559" WIDTH="148" HEIGHT="45" CONTENT="sensibly" WC="0.76" CC="70010027"/>
						<SP ID="P59_SP00070" HPOS="669" VPOS="604" WIDTH="18"/>
						<String ID="P59_ST00079" HPOS="687" VPOS="559" WIDTH="76" HEIGHT="33" CONTENT="cool" WC="0.96" CC="0100"/>
						<SP ID="P59_SP00071" HPOS="763" VPOS="604" WIDTH="17"/>
						<String ID="P59_ST00080" HPOS="780" VPOS="559" WIDTH="99" HEIGHT="33" CONTENT="when" WC="1.00" CC="0000"/>
						<SP ID="P59_SP00072" HPOS="879" VPOS="604" WIDTH="18"/>
						<String ID="P59_ST00081" HPOS="897" VPOS="561" WIDTH="102" HEIGHT="33" CONTENT="taken" WC="0.87" CC="10004"/>
						<SP ID="P59_SP00073" HPOS="999" VPOS="604" WIDTH="17"/>
						<String ID="P59_ST00082" HPOS="1016" VPOS="560" WIDTH="88" HEIGHT="33" CONTENT="from" WC="0.71" CC="2008"/>
						<SP ID="P59_SP00074" HPOS="1104" VPOS="604" WIDTH="19"/>
						<String ID="P59_ST00083" HPOS="1123" VPOS="573" WIDTH="20" HEIGHT="20" CONTENT="a" WC="1.00" CC="0"/>
						<SP ID="P59_SP00075" HPOS="1143" VPOS="604" WIDTH="15"/>
						<String ID="P59_ST00084" HPOS="1158" VPOS="567" WIDTH="63" HEIGHT="26" CONTENT="nut" WC="0.89" CC="200"/>
						<SP ID="P59_SP00076" HPOS="1221" VPOS="604" WIDTH="16"/>
						<String ID="P59_ST00085" HPOS="1237" VPOS="560" WIDTH="92" HEIGHT="34" CONTENT="fresh" WC="0.83" CC="00024"/>
						<SP ID="P59_SP00077" HPOS="1329" VPOS="604" WIDTH="15"/>
						<String ID="P59_ST00086" HPOS="1344" VPOS="560" WIDTH="175" HEIGHT="46" CONTENT="gathered," WC="0.92" CC="000001005"/>
					</TextLine>
					<TextLine ID="P59_TL00010" HPOS="182" VPOS="613" WIDTH="1337" HEIGHT="48">
						<String ID="P59_ST00087" HPOS="182" VPOS="613" WIDTH="69" HEIGHT="34" CONTENT="and" WC="0.62" CC="415"/>
						<SP ID="P59_SP00078" HPOS="251" VPOS="647" WIDTH="25"/>
						<String ID="P59_ST00088" HPOS="276" VPOS="627" WIDTH="35" HEIGHT="20" CONTENT="as" WC="0.51" CC="36"/>
						<SP ID="P59_SP00079" HPOS="311" VPOS="647" WIDTH="22"/>
						<String ID="P59_ST00089" HPOS="333" VPOS="614" WIDTH="50" HEIGHT="33" CONTENT="far" WC="0.91" CC="100"/>
						<SP ID="P59_SP00080" HPOS="383" VPOS="647" WIDTH="22"/>
						<String ID="P59_ST00090" HPOS="405" VPOS="628" WIDTH="35" HEIGHT="19" CONTENT="as" WC="1.00" CC="00"/>
						<SP ID="P59_SP00081" HPOS="440" VPOS="647" WIDTH="21"/>
						<String ID="P59_ST00091" HPOS="461" VPOS="627" WIDTH="59" HEIGHT="33" CONTENT="my" WC="0.63" CC="07"/>
						<SP ID="P59_SP00082" HPOS="520" VPOS="660" WIDTH="17"/>
						<String ID="P59_ST00092" HPOS="537" VPOS="615" WIDTH="204" HEIGHT="46" CONTENT="experience" WC="0.79" CC="0050660200"/>
						<SP ID="P59_SP00083" HPOS="741" VPOS="661" WIDTH="21"/>
						<String ID="P59_ST00093" HPOS="762" VPOS="628" WIDTH="93" HEIGHT="33" CONTENT="goes," WC="0.81" CC="00044"/>
						<SP ID="P59_SP00084" HPOS="855" VPOS="661" WIDTH="26"/>
						<String ID="P59_ST00094" HPOS="881" VPOS="617" WIDTH="27" HEIGHT="32" CONTENT="is" WC="0.60" CC="52"/>
						<SP ID="P59_SP00085" HPOS="908" VPOS="661" WIDTH="26"/>
						<String ID="P59_ST00095" HPOS="934" VPOS="617" WIDTH="71" HEIGHT="33" CONTENT="free" WC="0.77" CC="4500"/>
						<SP ID="P59_SP00086" HPOS="1005" VPOS="661" WIDTH="16"/>
						<String ID="P59_ST00096" HPOS="1021" VPOS="617" WIDTH="89" HEIGHT="33" CONTENT="from" WC="0.73" CC="4500"/>
						<SP ID="P59_SP00087" HPOS="1110" VPOS="661" WIDTH="17"/>
						<String ID="P59_ST00097" HPOS="1127" VPOS="629" WIDTH="67" HEIGHT="32" CONTENT="any" WC="0.71" CC="205"/>
						<SP ID="P59_SP00088" HPOS="1194" VPOS="661" WIDTH="17"/>
						<String ID="P59_ST00098" HPOS="1211" VPOS="617" WIDTH="205" HEIGHT="33" CONTENT="deleterious" WC="0.87" CC="60000010004"/>
						<SP ID="P59_SP00089" HPOS="1416" VPOS="661" WIDTH="22"/>
						<String ID="P59_ST00099" HPOS="1438" VPOS="628" WIDTH="81" HEIGHT="33" CONTENT="qua" SUBS_TYPE="HypPart1" SUBS_CONTENT="qualities." WC="0.85" CC="1003"/>
						<HYP CONTENT="-"/>
					</TextLine>
					<TextLine ID="P59_TL00011" HPOS="181" VPOS="669" WIDTH="1339" HEIGHT="49">
						<String ID="P59_ST00100" HPOS="181" VPOS="669" WIDTH="98" HEIGHT="34" CONTENT="lities." SUBS_TYPE="HypPart2" SUBS_CONTENT="qualities." WC="0.91" CC="3002000"/>
						<SP ID="P59_SP00090" HPOS="279" VPOS="703" WIDTH="52"/>
						<String ID="P59_ST00101" HPOS="331" VPOS="670" WIDTH="74" HEIGHT="34" CONTENT="The" WC="0.93" CC="200"/>
						<SP ID="P59_SP00091" HPOS="405" VPOS="704" WIDTH="18"/>
						<String ID="P59_ST00102" HPOS="423" VPOS="671" WIDTH="68" HEIGHT="33" CONTENT="end" WC="0.82" CC="005"/>
						<SP ID="P59_SP00092" HPOS="491" VPOS="704" WIDTH="16"/>
						<String ID="P59_ST00103" HPOS="507" VPOS="671" WIDTH="41" HEIGHT="33" CONTENT="of" WC="0.93" CC="01"/>
						<SP ID="P59_SP00093" HPOS="548" VPOS="704" WIDTH="21"/>
						<String ID="P59_ST00104" HPOS="569" VPOS="672" WIDTH="60" HEIGHT="33" CONTENT="the" WC="0.98" CC="000"/>
						<SP ID="P59_SP00094" HPOS="629" VPOS="705" WIDTH="24"/>
						<String ID="P59_ST00105" HPOS="653" VPOS="678" WIDTH="64" HEIGHT="27" CONTENT="nut" WC="0.80" CC="500"/>
						<SP ID="P59_SP00095" HPOS="717" VPOS="705" WIDTH="17"/>
						<String ID="P59_ST00106" HPOS="734" VPOS="672" WIDTH="35" HEIGHT="33" CONTENT="in" WC="0.87" CC="02"/>
						<SP ID="P59_SP00096" HPOS="769" VPOS="705" WIDTH="18"/>
						<String ID="P59_ST00107" HPOS="787" VPOS="685" WIDTH="19" HEIGHT="20" CONTENT="a" WC="0.87" CC="1"/>
						<SP ID="P59_SP00097" HPOS="806" VPOS="705" WIDTH="16"/>
						<String ID="P59_ST00108" HPOS="822" VPOS="685" WIDTH="104" HEIGHT="32" CONTENT="green" WC="0.86" CC="07000"/>
						<SP ID="P59_SP00098" HPOS="926" VPOS="717" WIDTH="15"/>
						<String ID="P59_ST00109" HPOS="941" VPOS="678" WIDTH="98" HEIGHT="34" CONTENT="state," WC="0.55" CC="844404"/>
						<SP ID="P59_SP00099" HPOS="1039" VPOS="717" WIDTH="26"/>
						<String ID="P59_ST00110" HPOS="1065" VPOS="673" WIDTH="28" HEIGHT="32" CONTENT="is" WC="1.00" CC="00"/>
						<SP ID="P59_SP00100" HPOS="1093" VPOS="717" WIDTH="17"/>
						<String ID="P59_ST00111" HPOS="1110" VPOS="672" WIDTH="128" HEIGHT="46" CONTENT="readily" WC="0.71" CC="0003347"/>
						<SP ID="P59_SP00101" HPOS="1238" VPOS="718" WIDTH="19"/>
						<String ID="P59_ST00112" HPOS="1257" VPOS="679" WIDTH="57" HEIGHT="26" CONTENT="cut" WC="1.00" CC="000"/>
						<SP ID="P59_SP00102" HPOS="1314" VPOS="718" WIDTH="17"/>
						<String ID="P59_ST00113" HPOS="1331" VPOS="673" WIDTH="53" HEIGHT="32" CONTENT="off" WC="0.70" CC="322"/>
						<SP ID="P59_SP00103" HPOS="1384" VPOS="718" WIDTH="18"/>
						<String ID="P59_ST00114" HPOS="1402" VPOS="672" WIDTH="81" HEIGHT="33" CONTENT="with" WC="0.92" CC="0300"/>
						<SP ID="P59_SP00104" HPOS="1483" VPOS="718" WIDTH="18"/>
						<String ID="P59_ST00115" HPOS="1501" VPOS="684" WIDTH="19" HEIGHT="20" CONTENT="a" WC="1.00" CC="0"/>
					</TextLine>
					<TextLine ID="P59_TL00012" HPOS="179" VPOS="726" WIDTH="1337" HEIGHT="47">
						<String ID="P59_ST00116" HPOS="179" VPOS="731" WIDTH="118" HEIGHT="40" CONTENT="strong" WC="0.92" CC="000030"/>
						<SP ID="P59_SP00105" HPOS="297" VPOS="771" WIDTH="28"/>
						<String ID="P59_ST00117" HPOS="325" VPOS="726" WIDTH="103" HEIGHT="40" CONTENT="knife," WC="0.73" CC="012605"/>
						<SP ID="P59_SP00106" HPOS="428" VPOS="771" WIDTH="26"/>
						<String ID="P59_ST00118" HPOS="454" VPOS="727" WIDTH="68" HEIGHT="33" CONTENT="and" WC="0.62" CC="055"/>
						<SP ID="P59_SP00107" HPOS="522" VPOS="771" WIDTH="16"/>
						<String ID="P59_ST00119" HPOS="538" VPOS="727" WIDTH="59" HEIGHT="34" CONTENT="the" WC="0.88" CC="300"/>
						<SP ID="P59_SP00108" HPOS="597" VPOS="771" WIDTH="23"/>
						<String ID="P59_ST00120" HPOS="620" VPOS="727" WIDTH="93" HEIGHT="45" CONTENT="juice" WC="0.86" CC="51000"/>
						<SP ID="P59_SP00109" HPOS="713" VPOS="772" WIDTH="30"/>
						<String ID="P59_ST00121" HPOS="743" VPOS="728" WIDTH="27" HEIGHT="33" CONTENT="is" WC="0.68" CC="41"/>
						<SP ID="P59_SP00110" HPOS="770" VPOS="772" WIDTH="29"/>
						<String ID="P59_ST00122" HPOS="799" VPOS="728" WIDTH="112" HEIGHT="33" CONTENT="drunk" WC="0.95" CC="01000"/>
						<SP ID="P59_SP00111" HPOS="911" VPOS="772" WIDTH="28"/>
						<String ID="P59_ST00123" HPOS="939" VPOS="728" WIDTH="88" HEIGHT="33" CONTENT="from" WC="0.82" CC="1500"/>
						<SP ID="P59_SP00112" HPOS="1027" VPOS="772" WIDTH="21"/>
						<String ID="P59_ST00124" HPOS="1048" VPOS="728" WIDTH="59" HEIGHT="33" CONTENT="the" WC="0.96" CC="010"/>
						<SP ID="P59_SP00113" HPOS="1107" VPOS="772" WIDTH="25"/>
						<String ID="P59_ST00125" HPOS="1132" VPOS="727" WIDTH="151" HEIGHT="46" CONTENT="opening" WC="0.85" CC="1200050"/>
						<SP ID="P59_SP00114" HPOS="1283" VPOS="773" WIDTH="20"/>
						<String ID="P59_ST00126" HPOS="1303" VPOS="728" WIDTH="78" HEIGHT="33" CONTENT="thus" WC="0.77" CC="4004"/>
						<SP ID="P59_SP00115" HPOS="1381" VPOS="773" WIDTH="27"/>
						<String ID="P59_ST00127" HPOS="1408" VPOS="727" WIDTH="108" HEIGHT="34" CONTENT="made." WC="0.77" CC="40600"/>
					</TextLine>
					<TextLine ID="P59_TL00013" HPOS="178" VPOS="782" WIDTH="1340" HEIGHT="48">
						<String ID="P59_ST00128" HPOS="178" VPOS="782" WIDTH="76" HEIGHT="34" CONTENT="The" WC="1.00" CC="000"/>
						<SP ID="P59_SP00116" HPOS="254" VPOS="816" WIDTH="25"/>
						<String ID="P59_ST00129" HPOS="279" VPOS="783" WIDTH="130" HEIGHT="33" CONTENT="natives" WC="0.79" CC="5002600"/>
						<SP ID="P59_SP00117" HPOS="409" VPOS="816" WIDTH="26"/>
						<String ID="P59_ST00130" HPOS="435" VPOS="783" WIDTH="103" HEIGHT="33" CONTENT="climb" WC="0.90" CC="04000"/>
						<SP ID="P59_SP00118" HPOS="538" VPOS="816" WIDTH="25"/>
						<String ID="P59_ST00131" HPOS="563" VPOS="784" WIDTH="60" HEIGHT="33" CONTENT="the" WC="1.00" CC="000"/>
						<SP ID="P59_SP00119" HPOS="623" VPOS="817" WIDTH="26"/>
						<String ID="P59_ST00132" HPOS="649" VPOS="784" WIDTH="60" HEIGHT="33" CONTENT="tall" WC="0.74" CC="5400"/>
						<SP ID="P59_SP00120" HPOS="709" VPOS="817" WIDTH="16"/>
						<String ID="P59_ST00133" HPOS="725" VPOS="785" WIDTH="157" HEIGHT="45" CONTENT="tapering" WC="0.63" CC="56504051"/>
						<SP ID="P59_SP00121" HPOS="882" VPOS="830" WIDTH="23"/>
						<String ID="P59_ST00134" HPOS="905" VPOS="784" WIDTH="109" HEIGHT="46" CONTENT="palms" WC="0.87" CC="50000"/>
						<SP ID="P59_SP00122" HPOS="1014" VPOS="830" WIDTH="18"/>
						<String ID="P59_ST00135" HPOS="1032" VPOS="784" WIDTH="111" HEIGHT="33" CONTENT="which" WC="0.87" CC="00302"/>
						<SP ID="P59_SP00123" HPOS="1143" VPOS="830" WIDTH="24"/>
						<String ID="P59_ST00136" HPOS="1167" VPOS="784" WIDTH="152" HEIGHT="45" CONTENT="produce" WC="0.62" CC="4547400"/>
						<SP ID="P59_SP00124" HPOS="1319" VPOS="830" WIDTH="23"/>
						<String ID="P59_ST00137" HPOS="1342" VPOS="784" WIDTH="68" HEIGHT="32" CONTENT="this" WC="0.77" CC="0026"/>
						<SP ID="P59_SP00125" HPOS="1410" VPOS="830" WIDTH="18"/>
						<String ID="P59_ST00138" HPOS="1428" VPOS="783" WIDTH="90" HEIGHT="39" CONTENT="fruit," WC="0.73" CC="020345"/>
					</TextLine>
					<TextLine ID="P59_TL00014" HPOS="178" VPOS="838" WIDTH="1341" HEIGHT="47">
						<String ID="P59_ST00139" HPOS="178" VPOS="838" WIDTH="83" HEIGHT="33" CONTENT="with" WC="0.89" CC="0300"/>
						<SP ID="P59_SP00126" HPOS="261" VPOS="871" WIDTH="27"/>
						<String ID="P59_ST00140" HPOS="288" VPOS="838" WIDTH="189" HEIGHT="33" CONTENT="wonderful" WC="0.75" CC="020704501"/>
						<SP ID="P59_SP00127" HPOS="477" VPOS="871" WIDTH="25"/>
						<String ID="P59_ST00141" HPOS="502" VPOS="839" WIDTH="171" HEIGHT="46" CONTENT="dexterity" WC="0.76" CC="600003047"/>
						<String ID="P59_ST00142" HPOS="685" VPOS="855" WIDTH="9" HEIGHT="26" CONTENT=";" WC="0.27" CC="7"/>
						<SP ID="P59_SP00128" HPOS="694" VPOS="885" WIDTH="26"/>
						<String ID="P59_ST00143" HPOS="720" VPOS="840" WIDTH="197" HEIGHT="34" CONTENT="oftentimes" WC="0.73" CC="2220655001"/>
						<SP ID="P59_SP00129" HPOS="917" VPOS="885" WIDTH="27"/>
						<String ID="P59_ST00144" HPOS="944" VPOS="840" WIDTH="183" HEIGHT="44" CONTENT="ascending" WC="0.80" CC="000080161"/>
						<SP ID="P59_SP00130" HPOS="1127" VPOS="885" WIDTH="24"/>
						<String ID="P59_ST00145" HPOS="1151" VPOS="840" WIDTH="97" HEIGHT="32" CONTENT="them" WC="0.76" CC="5400"/>
						<SP ID="P59_SP00131" HPOS="1248" VPOS="885" WIDTH="22"/>
						<String ID="P59_ST00146" HPOS="1270" VPOS="840" WIDTH="144" HEIGHT="32" CONTENT="without" WC="0.74" CC="0271032"/>
						<SP ID="P59_SP00132" HPOS="1414" VPOS="885" WIDTH="27"/>
						<String ID="P59_ST00147" HPOS="1441" VPOS="839" WIDTH="78" HEIGHT="33" CONTENT="arti" SUBS_TYPE="HypPart1" SUBS_CONTENT="artificial" WC="0.82" CC="03004"/>
						<HYP CONTENT="-"/>
					</TextLine>
					<TextLine ID="P59_TL00015" HPOS="178" VPOS="893" WIDTH="1340" HEIGHT="49">
						<String ID="P59_ST00148" HPOS="178" VPOS="893" WIDTH="90" HEIGHT="33" CONTENT="ficial" SUBS_TYPE="HypPart2" SUBS_CONTENT="artificial" WC="0.92" CC="000400"/>
						<SP ID="P59_SP00133" HPOS="268" VPOS="926" WIDTH="13"/>
						<String ID="P59_ST00149" HPOS="281" VPOS="894" WIDTH="65" HEIGHT="39" CONTENT="aid," WC="0.70" CC="0307"/>
						<SP ID="P59_SP00134" HPOS="346" VPOS="933" WIDTH="18"/>
						<String ID="P59_ST00150" HPOS="364" VPOS="894" WIDTH="199" HEIGHT="46" CONTENT="depending" WC="0.71" CC="606021440"/>
						<SP ID="P59_SP00135" HPOS="563" VPOS="940" WIDTH="16"/>
						<String ID="P59_ST00151" HPOS="579" VPOS="908" WIDTH="45" HEIGHT="20" CONTENT="on" WC="0.90" CC="01"/>
						<SP ID="P59_SP00136" HPOS="624" VPOS="940" WIDTH="17"/>
						<String ID="P59_ST00152" HPOS="641" VPOS="896" WIDTH="90" HEIGHT="32" CONTENT="their" WC="0.71" CC="20056"/>
						<SP ID="P59_SP00137" HPOS="731" VPOS="940" WIDTH="13"/>
						<String ID="P59_ST00153" HPOS="744" VPOS="896" WIDTH="108" HEIGHT="32" CONTENT="hands" WC="0.68" CC="10706"/>
						<SP ID="P59_SP00138" HPOS="852" VPOS="940" WIDTH="14"/>
						<String ID="P59_ST00154" HPOS="866" VPOS="897" WIDTH="67" HEIGHT="32" CONTENT="and" WC="0.55" CC="264"/>
						<SP ID="P59_SP00139" HPOS="933" VPOS="940" WIDTH="12"/>
						<String ID="P59_ST00155" HPOS="945" VPOS="896" WIDTH="69" HEIGHT="33" CONTENT="feet" WC="0.93" CC="2000"/>
						<SP ID="P59_SP00140" HPOS="1014" VPOS="940" WIDTH="16"/>
						<String ID="P59_ST00156" HPOS="1030" VPOS="896" WIDTH="52" HEIGHT="32" CONTENT="for" WC="0.77" CC="240"/>
						<SP ID="P59_SP00141" HPOS="1082" VPOS="940" WIDTH="17"/>
						<String ID="P59_ST00157" HPOS="1099" VPOS="903" WIDTH="151" HEIGHT="39" CONTENT="support." WC="0.81" CC="00313006"/>
						<SP ID="P59_SP00142" HPOS="1250" VPOS="942" WIDTH="53"/>
						<String ID="P59_ST00158" HPOS="1303" VPOS="896" WIDTH="215" HEIGHT="38" CONTENT="Sometimes," WC="0.81" CC="6010400007"/>
					</TextLine>
					<TextLine ID="P59_TL00016" HPOS="178" VPOS="950" WIDTH="1341" HEIGHT="47">
						<String ID="P59_ST00159" HPOS="178" VPOS="950" WIDTH="169" HEIGHT="39" CONTENT="however," WC="0.81" CC="00003056"/>
						<SP ID="P59_SP00143" HPOS="347" VPOS="989" WIDTH="26"/>
						<String ID="P59_ST00160" HPOS="373" VPOS="951" WIDTH="82" HEIGHT="44" CONTENT="they" WC="0.53" CC="7208"/>
						<SP ID="P59_SP00144" HPOS="455" VPOS="995" WIDTH="18"/>
						<String ID="P59_ST00161" HPOS="473" VPOS="951" WIDTH="105" HEIGHT="32" CONTENT="notch" WC="0.75" CC="20703"/>
						<SP ID="P59_SP00145" HPOS="578" VPOS="995" WIDTH="25"/>
						<String ID="P59_ST00162" HPOS="603" VPOS="951" WIDTH="60" HEIGHT="33" CONTENT="the" WC="0.93" CC="010"/>
						<SP ID="P59_SP00146" HPOS="663" VPOS="995" WIDTH="16"/>
						<String ID="P59_ST00163" HPOS="679" VPOS="957" WIDTH="100" HEIGHT="33" CONTENT="trees," WC="0.78" CC="600006"/>
						<SP ID="P59_SP00147" HPOS="779" VPOS="995" WIDTH="27"/>
						<String ID="P59_ST00164" HPOS="806" VPOS="964" WIDTH="38" HEIGHT="20" CONTENT="or" WC="0.71" CC="05"/>
						<SP ID="P59_SP00148" HPOS="844" VPOS="995" WIDTH="17"/>
						<String ID="P59_ST00165" HPOS="861" VPOS="953" WIDTH="96" HEIGHT="44" CONTENT="place" WC="0.90" CC="50000"/>
						<SP ID="P59_SP00149" HPOS="957" VPOS="997" WIDTH="17"/>
						<String ID="P59_ST00166" HPOS="974" VPOS="952" WIDTH="130" HEIGHT="45" CONTENT="against" WC="0.73" CC="0205560"/>
						<SP ID="P59_SP00150" HPOS="1104" VPOS="997" WIDTH="24"/>
						<String ID="P59_ST00167" HPOS="1128" VPOS="952" WIDTH="97" HEIGHT="33" CONTENT="them" WC="0.87" CC="3100"/>
						<SP ID="P59_SP00151" HPOS="1225" VPOS="997" WIDTH="17"/>
						<String ID="P59_ST00168" HPOS="1242" VPOS="952" WIDTH="83" HEIGHT="45" CONTENT="long" WC="0.81" CC="0042"/>
						<SP ID="P59_SP00152" HPOS="1325" VPOS="997" WIDTH="16"/>
						<String ID="P59_ST00169" HPOS="1341" VPOS="953" WIDTH="67" HEIGHT="32" CONTENT="and" WC="0.76" CC="302"/>
						<SP ID="P59_SP00153" HPOS="1408" VPOS="997" WIDTH="16"/>
						<String ID="P59_ST00170" HPOS="1424" VPOS="952" WIDTH="95" HEIGHT="33" CONTENT="thick" WC="0.89" CC="30200"/>
					</TextLine>
					<TextLine ID="P59_TL00017" HPOS="178" VPOS="1007" WIDTH="1340" HEIGHT="46">
						<String ID="P59_ST00171" HPOS="178" VPOS="1007" WIDTH="176" HEIGHT="38" CONTENT="bamboos," WC="0.90" CC="00000024"/>
						<SP ID="P59_SP00154" HPOS="354" VPOS="1045" WIDTH="26"/>
						<String ID="P59_ST00172" HPOS="380" VPOS="1012" WIDTH="37" HEIGHT="27" CONTENT="to" WC="0.65" CC="60"/>
						<SP ID="P59_SP00155" HPOS="417" VPOS="1045" WIDTH="23"/>
						<String ID="P59_ST00173" HPOS="440" VPOS="1007" WIDTH="111" HEIGHT="32" CONTENT="which" WC="0.86" CC="00204"/>
						<SP ID="P59_SP00156" HPOS="551" VPOS="1045" WIDTH="24"/>
						<String ID="P59_ST00174" HPOS="575" VPOS="1007" WIDTH="82" HEIGHT="45" CONTENT="they" WC="0.68" CC="4008"/>
						<SP ID="P59_SP00157" HPOS="657" VPOS="1052" WIDTH="22"/>
						<String ID="P59_ST00175" HPOS="679" VPOS="1007" WIDTH="79" HEIGHT="33" CONTENT="affix" WC="0.94" CC="00002"/>
						<SP ID="P59_SP00158" HPOS="758" VPOS="1052" WIDTH="17"/>
						<String ID="P59_ST00176" HPOS="775" VPOS="1020" WIDTH="20" HEIGHT="20" CONTENT="a" WC="0.85" CC="1"/>
						<SP ID="P59_SP00159" HPOS="795" VPOS="1052" WIDTH="16"/>
						<String ID="P59_ST00177" HPOS="811" VPOS="1020" WIDTH="69" HEIGHT="20" CONTENT="row" WC="0.85" CC="202"/>
						<SP ID="P59_SP00160" HPOS="880" VPOS="1052" WIDTH="16"/>
						<String ID="P59_ST00178" HPOS="896" VPOS="1008" WIDTH="42" HEIGHT="32" CONTENT="of" WC="0.55" CC="35"/>
						<SP ID="P59_SP00161" HPOS="938" VPOS="1052" WIDTH="17"/>
						<String ID="P59_ST00179" HPOS="955" VPOS="1020" WIDTH="83" HEIGHT="32" CONTENT="pegs" WC="0.79" CC="4004"/>
						<SP ID="P59_SP00162" HPOS="1038" VPOS="1052" WIDTH="27"/>
						<String ID="P59_ST00180" HPOS="1065" VPOS="1007" WIDTH="74" HEIGHT="33" CONTENT="that" WC="0.96" CC="1000"/>
						<SP ID="P59_SP00163" HPOS="1139" VPOS="1052" WIDTH="29"/>
						<String ID="P59_ST00181" HPOS="1168" VPOS="1020" WIDTH="96" HEIGHT="22" CONTENT="serve" WC="0.64" CC="70630"/>
						<SP ID="P59_SP00164" HPOS="1264" VPOS="1052" WIDTH="25"/>
						<String ID="P59_ST00182" HPOS="1289" VPOS="1020" WIDTH="35" HEIGHT="20" CONTENT="as" WC="0.93" CC="01"/>
						<SP ID="P59_SP00165" HPOS="1324" VPOS="1052" WIDTH="26"/>
						<String ID="P59_ST00183" HPOS="1350" VPOS="1008" WIDTH="59" HEIGHT="32" CONTENT="the" WC="0.70" CC="710"/>
						<SP ID="P59_SP00166" HPOS="1409" VPOS="1052" WIDTH="18"/>
						<String ID="P59_ST00184" HPOS="1427" VPOS="1014" WIDTH="91" HEIGHT="39" CONTENT="steps" WC="0.71" CC="60070"/>
					</TextLine>
					<TextLine ID="P59_TL00018" HPOS="177" VPOS="1063" WIDTH="222" HEIGHT="31">
						<String ID="P59_ST00185" HPOS="177" VPOS="1063" WIDTH="43" HEIGHT="31" CONTENT="of" WC="0.82" CC="03"/>
						<SP ID="P59_SP00167" HPOS="220" VPOS="1094" WIDTH="18"/>
						<String ID="P59_ST00186" HPOS="238" VPOS="1076" WIDTH="19" HEIGHT="18" CONTENT="a" WC="0.73" CC="2"/>
						<SP ID="P59_SP00168" HPOS="257" VPOS="1094" WIDTH="16"/>
						<String ID="P59_ST00187" HPOS="273" VPOS="1063" WIDTH="126" HEIGHT="31" CONTENT="ladder." WC="0.74" CC="0266200"/>
					</TextLine>
				</TextBlock>
				<TextBlock ID="P59_TB00004" HPOS="174" VPOS="1118" WIDTH="1346" HEIGHT="1005" STYLEREFS="TXT_0 PAR_LEFT">
					<TextLine ID="P59_TL00019" HPOS="230" VPOS="1119" WIDTH="1289" HEIGHT="46">
						<String ID="P59_ST00188" HPOS="230" VPOS="1120" WIDTH="91" HEIGHT="33" CONTENT="Soon" WC="0.82" CC="4200"/>
						<SP ID="P59_SP00169" HPOS="321" VPOS="1153" WIDTH="19"/>
						<String ID="P59_ST00189" HPOS="340" VPOS="1119" WIDTH="84" HEIGHT="34" CONTENT="after" WC="0.80" CC="04004"/>
						<SP ID="P59_SP00170" HPOS="424" VPOS="1153" WIDTH="17"/>
						<String ID="P59_ST00190" HPOS="441" VPOS="1119" WIDTH="135" HEIGHT="45" CONTENT="leaving" WC="0.77" CC="1001173"/>
						<SP ID="P59_SP00171" HPOS="576" VPOS="1164" WIDTH="16"/>
						<String ID="P59_ST00191" HPOS="592" VPOS="1120" WIDTH="68" HEIGHT="33" CONTENT="this" WC="0.83" CC="0501"/>
						<SP ID="P59_SP00172" HPOS="660" VPOS="1164" WIDTH="17"/>
						<String ID="P59_ST00192" HPOS="677" VPOS="1120" WIDTH="107" HEIGHT="45" CONTENT="place," WC="0.81" CC="400007"/>
						<SP ID="P59_SP00173" HPOS="784" VPOS="1165" WIDTH="24"/>
						<String ID="P59_ST00193" HPOS="808" VPOS="1120" WIDTH="60" HEIGHT="33" CONTENT="the" WC="0.69" CC="350"/>
						<SP ID="P59_SP00174" HPOS="868" VPOS="1165" WIDTH="17"/>
						<String ID="P59_ST00194" HPOS="885" VPOS="1120" WIDTH="92" HEIGHT="38" CONTENT="road," WC="0.66" CC="80025"/>
						<SP ID="P59_SP00175" HPOS="977" VPOS="1165" WIDTH="25"/>
						<String ID="P59_ST00195" HPOS="1002" VPOS="1120" WIDTH="111" HEIGHT="33" CONTENT="which" WC="0.95" CC="10000"/>
						<SP ID="P59_SP00176" HPOS="1113" VPOS="1165" WIDTH="24"/>
						<String ID="P59_ST00196" HPOS="1137" VPOS="1120" WIDTH="117" HEIGHT="33" CONTENT="before" WC="0.84" CC="000430"/>
						<SP ID="P59_SP00177" HPOS="1254" VPOS="1165" WIDTH="17"/>
						<String ID="P59_ST00197" HPOS="1271" VPOS="1132" WIDTH="65" HEIGHT="20" CONTENT="was" WC="0.76" CC="023"/>
						<SP ID="P59_SP00178" HPOS="1336" VPOS="1165" WIDTH="18"/>
						<String ID="P59_ST00198" HPOS="1354" VPOS="1120" WIDTH="165" HEIGHT="44" CONTENT="tolerably" WC="0.84" CC="000030027"/>
					</TextLine>
					<TextLine ID="P59_TL00020" HPOS="179" VPOS="1175" WIDTH="1341" HEIGHT="46">
						<String ID="P59_ST00199" HPOS="179" VPOS="1176" WIDTH="99" HEIGHT="39" CONTENT="level," WC="0.90" CC="001004"/>
						<SP ID="P59_SP00179" HPOS="278" VPOS="1215" WIDTH="35"/>
						<String ID="P59_ST00200" HPOS="313" VPOS="1177" WIDTH="140" HEIGHT="32" CONTENT="became" WC="0.85" CC="000620"/>
						<SP ID="P59_SP00180" HPOS="453" VPOS="1215" WIDTH="29"/>
						<String ID="P59_ST00201" HPOS="482" VPOS="1176" WIDTH="140" HEIGHT="45" CONTENT="rugged," WC="0.68" CC="3251027"/>
						<SP ID="P59_SP00181" HPOS="622" VPOS="1221" WIDTH="36"/>
						<String ID="P59_ST00202" HPOS="658" VPOS="1176" WIDTH="209" HEIGHT="45" CONTENT="continually" WC="0.79" CC="01400430026"/>
						<SP ID="P59_SP00182" HPOS="867" VPOS="1221" WIDTH="30"/>
						<String ID="P59_ST00203" HPOS="897" VPOS="1175" WIDTH="192" HEIGHT="45" CONTENT="ascending," WC="0.73" CC="3500040704"/>
						<SP ID="P59_SP00183" HPOS="1089" VPOS="1221" WIDTH="27"/>
						<String ID="P59_ST00204" HPOS="1116" VPOS="1175" WIDTH="67" HEIGHT="33" CONTENT="and" WC="0.71" CC="206"/>
						<SP ID="P59_SP00184" HPOS="1183" VPOS="1221" WIDTH="29"/>
						<String ID="P59_ST00205" HPOS="1212" VPOS="1175" WIDTH="196" HEIGHT="33" CONTENT="sometimes" WC="0.82" CC="003050502"/>
						<SP ID="P59_SP00185" HPOS="1408" VPOS="1221" WIDTH="29"/>
						<String ID="P59_ST00206" HPOS="1437" VPOS="1187" WIDTH="83" HEIGHT="32" CONTENT="very" WC="0.70" CC="0056"/>
					</TextLine>
					<TextLine ID="P59_TL00021" HPOS="181" VPOS="1230" WIDTH="1338" HEIGHT="48">
						<String ID="P59_ST00207" HPOS="181" VPOS="1239" WIDTH="104" HEIGHT="39" CONTENT="steep." WC="0.85" CC="400050"/>
						<SP ID="P59_SP00186" HPOS="285" VPOS="1278" WIDTH="51"/>
						<String ID="P59_ST00208" HPOS="336" VPOS="1232" WIDTH="76" HEIGHT="33" CONTENT="The" WC="1.00" CC="000"/>
						<SP ID="P59_SP00187" HPOS="412" VPOS="1278" WIDTH="17"/>
						<String ID="P59_ST00209" HPOS="429" VPOS="1244" WIDTH="140" HEIGHT="32" CONTENT="scenery" WC="0.81" CC="3000017"/>
						<SP ID="P59_SP00188" HPOS="569" VPOS="1278" WIDTH="17"/>
						<String ID="P59_ST00210" HPOS="586" VPOS="1244" WIDTH="46" HEIGHT="21" CONTENT="on" WC="0.61" CC="52"/>
						<SP ID="P59_SP00189" HPOS="632" VPOS="1278" WIDTH="18"/>
						<String ID="P59_ST00211" HPOS="650" VPOS="1232" WIDTH="83" HEIGHT="33" CONTENT="each" WC="1.00" CC="0000"/>
						<SP ID="P59_SP00190" HPOS="733" VPOS="1278" WIDTH="26"/>
						<String ID="P59_ST00212" HPOS="759" VPOS="1232" WIDTH="72" HEIGHT="33" CONTENT="side" WC="0.64" CC="6340"/>
						<SP ID="P59_SP00191" HPOS="831" VPOS="1278" WIDTH="18"/>
						<String ID="P59_ST00213" HPOS="849" VPOS="1244" WIDTH="64" HEIGHT="21" CONTENT="was" WC="0.87" CC="110"/>
						<SP ID="P59_SP00192" HPOS="913" VPOS="1278" WIDTH="19"/>
						<String ID="P59_ST00214" HPOS="932" VPOS="1232" WIDTH="185" HEIGHT="45" CONTENT="composed" WC="0.89" CC="02040100"/>
						<SP ID="P59_SP00193" HPOS="1117" VPOS="1278" WIDTH="18"/>
						<String ID="P59_ST00215" HPOS="1135" VPOS="1231" WIDTH="41" HEIGHT="33" CONTENT="of" WC="1.00" CC="00"/>
						<SP ID="P59_SP00194" HPOS="1176" VPOS="1278" WIDTH="21"/>
						<String ID="P59_ST00216" HPOS="1197" VPOS="1231" WIDTH="144" HEIGHT="33" CONTENT="hillocks" WC="0.69" CC="40523025"/>
						<SP ID="P59_SP00195" HPOS="1341" VPOS="1278" WIDTH="17"/>
						<String ID="P59_ST00217" HPOS="1358" VPOS="1230" WIDTH="161" HEIGHT="46" CONTENT="speckled" WC="0.82" CC="07000403"/>
					</TextLine>
					<TextLine ID="P59_TL00022" HPOS="180" VPOS="1286" WIDTH="1339" HEIGHT="48">
						<String ID="P59_ST00218" HPOS="180" VPOS="1289" WIDTH="81" HEIGHT="33" CONTENT="with" WC="0.94" CC="0200"/>
						<SP ID="P59_SP00196" HPOS="261" VPOS="1322" WIDTH="19"/>
						<String ID="P59_ST00219" HPOS="280" VPOS="1288" WIDTH="133" HEIGHT="46" CONTENT="clumps" WC="0.91" CC="000050"/>
						<SP ID="P59_SP00197" HPOS="413" VPOS="1334" WIDTH="17"/>
						<String ID="P59_ST00220" HPOS="430" VPOS="1288" WIDTH="40" HEIGHT="33" CONTENT="of" WC="0.84" CC="20"/>
						<SP ID="P59_SP00198" HPOS="470" VPOS="1334" WIDTH="19"/>
						<String ID="P59_ST00221" HPOS="489" VPOS="1294" WIDTH="98" HEIGHT="27" CONTENT="trees." WC="0.96" CC="010000"/>
						<SP ID="P59_SP00199" HPOS="587" VPOS="1334" WIDTH="53"/>
						<String ID="P59_ST00222" HPOS="640" VPOS="1288" WIDTH="50" HEIGHT="32" CONTENT="At" WC="0.29" CC="58"/>
						<SP ID="P59_SP00200" HPOS="690" VPOS="1334" WIDTH="17"/>
						<String ID="P59_ST00223" HPOS="707" VPOS="1288" WIDTH="89" HEIGHT="33" CONTENT="their" WC="0.77" CC="60013"/>
						<SP ID="P59_SP00201" HPOS="796" VPOS="1334" WIDTH="12"/>
						<String ID="P59_ST00224" HPOS="808" VPOS="1289" WIDTH="80" HEIGHT="32" CONTENT="base" WC="0.98" CC="0000"/>
						<SP ID="P59_SP00202" HPOS="888" VPOS="1334" WIDTH="17"/>
						<String ID="P59_ST00225" HPOS="905" VPOS="1301" WIDTH="60" HEIGHT="20" CONTENT="ran" WC="0.97" CC="000"/>
						<SP ID="P59_SP00203" HPOS="965" VPOS="1334" WIDTH="17"/>
						<String ID="P59_ST00226" HPOS="982" VPOS="1287" WIDTH="180" HEIGHT="33" CONTENT="mountain" WC="0.73" CC="30036115"/>
						<SP ID="P59_SP00204" HPOS="1162" VPOS="1334" WIDTH="18"/>
						<String ID="P59_ST00227" HPOS="1180" VPOS="1293" WIDTH="157" HEIGHT="32" CONTENT="torrents," WC="0.77" CC="012007044"/>
						<SP ID="P59_SP00205" HPOS="1337" VPOS="1334" WIDTH="19"/>
						<String ID="P59_ST00228" HPOS="1356" VPOS="1287" WIDTH="34" HEIGHT="32" CONTENT="in" WC="1.00" CC="00"/>
						<SP ID="P59_SP00206" HPOS="1390" VPOS="1334" WIDTH="18"/>
						<String ID="P59_ST00229" HPOS="1408" VPOS="1286" WIDTH="111" HEIGHT="33" CONTENT="which" WC="0.90" CC="01002"/>
					</TextLine>
					<TextLine ID="P59_TL00023" HPOS="179" VPOS="1342" WIDTH="1340" HEIGHT="48">
						<String ID="P59_ST00230" HPOS="179" VPOS="1346" WIDTH="131" HEIGHT="33" CONTENT="natives" WC="0.84" CC="7030000"/>
						<SP ID="P59_SP00207" HPOS="310" VPOS="1379" WIDTH="18"/>
						<String ID="P59_ST00231" HPOS="328" VPOS="1357" WIDTH="89" HEIGHT="22" CONTENT="were" WC="0.84" CC="0060"/>
						<SP ID="P59_SP00208" HPOS="417" VPOS="1379" WIDTH="15"/>
						<String ID="P59_ST00232" HPOS="432" VPOS="1345" WIDTH="165" HEIGHT="45" CONTENT="watering" WC="0.73" CC="00005671"/>
						<SP ID="P59_SP00209" HPOS="597" VPOS="1390" WIDTH="15"/>
						<String ID="P59_ST00233" HPOS="612" VPOS="1345" WIDTH="90" HEIGHT="34" CONTENT="their" WC="0.76" CC="40007"/>
						<SP ID="P59_SP00210" HPOS="702" VPOS="1390" WIDTH="16"/>
						<String ID="P59_ST00234" HPOS="718" VPOS="1346" WIDTH="173" HEIGHT="32" CONTENT="buffaloes." WC="0.85" CC="0411022030"/>
						<SP ID="P59_SP00211" HPOS="891" VPOS="1390" WIDTH="53"/>
						<String ID="P59_ST00235" HPOS="944" VPOS="1344" WIDTH="55" HEIGHT="32" CONTENT="On" WC="0.70" CC="23"/>
						<SP ID="P59_SP00212" HPOS="999" VPOS="1390" WIDTH="15"/>
						<String ID="P59_ST00236" HPOS="1014" VPOS="1356" WIDTH="62" HEIGHT="20" CONTENT="our" WC="0.74" CC="007"/>
						<SP ID="P59_SP00213" HPOS="1076" VPOS="1390" WIDTH="16"/>
						<String ID="P59_ST00237" HPOS="1092" VPOS="1343" WIDTH="100" HEIGHT="45" CONTENT="right," WC="0.74" CC="700007"/>
						<SP ID="P59_SP00214" HPOS="1192" VPOS="1390" WIDTH="21"/>
						<String ID="P59_ST00238" HPOS="1213" VPOS="1343" WIDTH="152" HEIGHT="44" CONTENT="Gunong" WC="0.70" CC="107350"/>
						<SP ID="P59_SP00215" HPOS="1365" VPOS="1390" WIDTH="18"/>
						<String ID="P59_ST00239" HPOS="1383" VPOS="1342" WIDTH="136" HEIGHT="45" CONTENT="Karang" WC="0.81" CC="205020"/>
					</TextLine>
					<TextLine ID="P59_TL00024" HPOS="178" VPOS="1398" WIDTH="1341" HEIGHT="48">
						<String ID="P59_ST00240" HPOS="178" VPOS="1414" WIDTH="76" HEIGHT="21" CONTENT="rose" WC="0.84" CC="5000"/>
						<SP ID="P59_SP00216" HPOS="254" VPOS="1435" WIDTH="27"/>
						<String ID="P59_ST00241" HPOS="281" VPOS="1401" WIDTH="221" HEIGHT="45" CONTENT="majestically" WC="0.73" CC="405050600107"/>
						<SP ID="P59_SP00217" HPOS="502" VPOS="1446" WIDTH="22"/>
						<String ID="P59_ST00242" HPOS="524" VPOS="1401" WIDTH="34" HEIGHT="33" CONTENT="in" WC="0.34" CC="57"/>
						<SP ID="P59_SP00218" HPOS="558" VPOS="1446" WIDTH="23"/>
						<String ID="P59_ST00243" HPOS="581" VPOS="1401" WIDTH="59" HEIGHT="33" CONTENT="the" WC="0.91" CC="100"/>
						<SP ID="P59_SP00219" HPOS="640" VPOS="1446" WIDTH="27"/>
						<String ID="P59_ST00244" HPOS="667" VPOS="1401" WIDTH="85" HEIGHT="33" CONTENT="back" WC="1.00" CC="0000"/>
						<SP ID="P59_SP00220" HPOS="752" VPOS="1446" WIDTH="26"/>
						<String ID="P59_ST00245" HPOS="778" VPOS="1400" WIDTH="155" HEIGHT="46" CONTENT="ground;" WC="0.63" CC="0320547"/>
						<SP ID="P59_SP00221" HPOS="933" VPOS="1446" WIDTH="25"/>
						<String ID="P59_ST00246" HPOS="958" VPOS="1400" WIDTH="69" HEIGHT="32" CONTENT="and" WC="0.73" CC="115"/>
						<SP ID="P59_SP00222" HPOS="1027" VPOS="1446" WIDTH="25"/>
						<String ID="P59_ST00247" HPOS="1052" VPOS="1400" WIDTH="119" HEIGHT="32" CONTENT="smoke" WC="0.95" CC="00110"/>
						<SP ID="P59_SP00223" HPOS="1171" VPOS="1446" WIDTH="31"/>
						<String ID="P59_ST00248" HPOS="1202" VPOS="1398" WIDTH="184" HEIGHT="45" CONTENT="ascending" WC="0.75" CC="010083511"/>
						<SP ID="P59_SP00224" HPOS="1386" VPOS="1446" WIDTH="26"/>
						<String ID="P59_ST00249" HPOS="1412" VPOS="1399" WIDTH="107" HEIGHT="32" CONTENT="above" WC="0.97" CC="00100"/>
					</TextLine>
					<TextLine ID="P59_TL00025" HPOS="179" VPOS="1454" WIDTH="1339" HEIGHT="47">
						<String ID="P59_ST00250" HPOS="179" VPOS="1465" WIDTH="100" HEIGHT="32" CONTENT="trees," WC="0.80" CC="000065"/>
						<SP ID="P59_SP00225" HPOS="279" VPOS="1497" WIDTH="26"/>
						<String ID="P59_ST00251" HPOS="305" VPOS="1458" WIDTH="142" HEIGHT="33" CONTENT="marked" WC="0.81" CC="302004"/>
						<SP ID="P59_SP00226" HPOS="447" VPOS="1497" WIDTH="25"/>
						<String ID="P59_ST00252" HPOS="472" VPOS="1458" WIDTH="60" HEIGHT="33" CONTENT="the" WC="0.85" CC="400"/>
						<SP ID="P59_SP00227" HPOS="532" VPOS="1497" WIDTH="29"/>
						<String ID="P59_ST00253" HPOS="561" VPOS="1457" WIDTH="63" HEIGHT="33" CONTENT="site" WC="0.95" CC="0200"/>
						<SP ID="P59_SP00228" HPOS="624" VPOS="1497" WIDTH="18"/>
						<String ID="P59_ST00254" HPOS="642" VPOS="1457" WIDTH="41" HEIGHT="33" CONTENT="of" WC="0.70" CC="23"/>
						<SP ID="P59_SP00229" HPOS="683" VPOS="1497" WIDTH="22"/>
						<String ID="P59_ST00255" HPOS="705" VPOS="1457" WIDTH="59" HEIGHT="33" CONTENT="the" WC="0.93" CC="020"/>
						<SP ID="P59_SP00230" HPOS="764" VPOS="1497" WIDTH="16"/>
						<String ID="P59_ST00256" HPOS="780" VPOS="1457" WIDTH="123" HEIGHT="44" CONTENT="village" WC="0.78" CC="0452030"/>
						<SP ID="P59_SP00231" HPOS="903" VPOS="1501" WIDTH="22"/>
						<String ID="P59_ST00257" HPOS="925" VPOS="1455" WIDTH="41" HEIGHT="33" CONTENT="of" WC="0.83" CC="11"/>
						<SP ID="P59_SP00232" HPOS="966" VPOS="1501" WIDTH="16"/>
						<String ID="P59_ST00258" HPOS="982" VPOS="1455" WIDTH="134" HEIGHT="33" CONTENT="Plassur" WC="0.76" CC="8001132"/>
						<SP ID="P59_SP00233" HPOS="1116" VPOS="1501" WIDTH="26"/>
						<String ID="P59_ST00259" HPOS="1142" VPOS="1455" WIDTH="119" HEIGHT="33" CONTENT="Pittee." WC="0.78" CC="8202001"/>
						<SP ID="P59_SP00234" HPOS="1261" VPOS="1501" WIDTH="53"/>
						<String ID="P59_ST00260" HPOS="1314" VPOS="1454" WIDTH="50" HEIGHT="32" CONTENT="As" WC="0.61" CC="51"/>
						<SP ID="P59_SP00235" HPOS="1364" VPOS="1501" WIDTH="24"/>
						<String ID="P59_ST00261" HPOS="1388" VPOS="1466" WIDTH="51" HEIGHT="21" CONTENT="we" WC="1.00" CC="00"/>
						<SP ID="P59_SP00236" HPOS="1439" VPOS="1501" WIDTH="22"/>
						<String ID="P59_ST00262" HPOS="1461" VPOS="1454" WIDTH="57" HEIGHT="33" CONTENT="ad" SUBS_TYPE="HypPart1" SUBS_CONTENT="advanced," WC="0.69" CC="332"/>
						<HYP CONTENT="-"/>
					</TextLine>
					<TextLine ID="P59_TL00026" HPOS="178" VPOS="1510" WIDTH="1340" HEIGHT="49">
						<String ID="P59_ST00263" HPOS="178" VPOS="1514" WIDTH="142" HEIGHT="39" CONTENT="vanced," SUBS_TYPE="HypPart2" SUBS_CONTENT="advanced," WC="0.84" CC="1040013"/>
						<SP ID="P59_SP00237" HPOS="320" VPOS="1553" WIDTH="24"/>
						<String ID="P59_ST00264" HPOS="344" VPOS="1514" WIDTH="60" HEIGHT="34" CONTENT="the" WC="0.93" CC="010"/>
						<SP ID="P59_SP00238" HPOS="404" VPOS="1553" WIDTH="18"/>
						<String ID="P59_ST00265" HPOS="422" VPOS="1514" WIDTH="187" HEIGHT="45" CONTENT="inequality" WC="0.76" CC="6701000007"/>
						<SP ID="P59_SP00239" HPOS="609" VPOS="1559" WIDTH="18"/>
						<String ID="P59_ST00266" HPOS="627" VPOS="1512" WIDTH="41" HEIGHT="34" CONTENT="of" WC="0.57" CC="08"/>
						<SP ID="P59_SP00240" HPOS="668" VPOS="1559" WIDTH="21"/>
						<String ID="P59_ST00267" HPOS="689" VPOS="1514" WIDTH="60" HEIGHT="32" CONTENT="the" WC="0.75" CC="070"/>
						<SP ID="P59_SP00241" HPOS="749" VPOS="1559" WIDTH="21"/>
						<String ID="P59_ST00268" HPOS="770" VPOS="1512" WIDTH="135" HEIGHT="47" CONTENT="ground" WC="0.79" CC="031007"/>
						<SP ID="P59_SP00242" HPOS="905" VPOS="1559" WIDTH="17"/>
						<String ID="P59_ST00269" HPOS="922" VPOS="1511" WIDTH="183" HEIGHT="39" CONTENT="increased," WC="0.72" CC="4306005051"/>
						<SP ID="P59_SP00243" HPOS="1105" VPOS="1559" WIDTH="27"/>
						<String ID="P59_ST00270" HPOS="1132" VPOS="1511" WIDTH="66" HEIGHT="32" CONTENT="and" WC="0.61" CC="144"/>
						<SP ID="P59_SP00244" HPOS="1198" VPOS="1559" WIDTH="19"/>
						<String ID="P59_ST00271" HPOS="1217" VPOS="1510" WIDTH="68" HEIGHT="33" CONTENT="had" WC="0.79" CC="006"/>
						<SP ID="P59_SP00245" HPOS="1285" VPOS="1559" WIDTH="16"/>
						<String ID="P59_ST00272" HPOS="1301" VPOS="1510" WIDTH="137" HEIGHT="45" CONTENT="obliged" WC="0.69" CC="3056104"/>
						<SP ID="P59_SP00246" HPOS="1438" VPOS="1559" WIDTH="21"/>
						<String ID="P59_ST00273" HPOS="1459" VPOS="1510" WIDTH="59" HEIGHT="32" CONTENT="the" WC="0.83" CC="400"/>
					</TextLine>
					<TextLine ID="P59_TL00027" HPOS="177" VPOS="1566" WIDTH="1342" HEIGHT="42">
						<String ID="P59_ST00274" HPOS="177" VPOS="1571" WIDTH="132" HEIGHT="33" CONTENT="natives" WC="0.89" CC="4000200"/>
						<SP ID="P59_SP00247" HPOS="309" VPOS="1604" WIDTH="25"/>
						<String ID="P59_ST00275" HPOS="334" VPOS="1576" WIDTH="37" HEIGHT="28" CONTENT="to" WC="0.52" CC="63"/>
						<SP ID="P59_SP00248" HPOS="371" VPOS="1604" WIDTH="20"/>
						<String ID="P59_ST00276" HPOS="391" VPOS="1576" WIDTH="57" HEIGHT="28" CONTENT="cut" WC="0.92" CC="020"/>
						<SP ID="P59_SP00249" HPOS="448" VPOS="1604" WIDTH="29"/>
						<String ID="P59_ST00277" HPOS="477" VPOS="1571" WIDTH="26" HEIGHT="32" CONTENT="it" WC="0.79" CC="13"/>
						<SP ID="P59_SP00250" HPOS="503" VPOS="1604" WIDTH="26"/>
						<String ID="P59_ST00278" HPOS="529" VPOS="1571" WIDTH="74" HEIGHT="33" CONTENT="into" WC="0.91" CC="0021"/>
						<SP ID="P59_SP00251" HPOS="603" VPOS="1604" WIDTH="21"/>
						<String ID="P59_ST00279" HPOS="624" VPOS="1576" WIDTH="155" HEIGHT="32" CONTENT="terraces," WC="0.77" CC="206000055"/>
						<SP ID="P59_SP00252" HPOS="779" VPOS="1608" WIDTH="38"/>
						<String ID="P59_ST00280" HPOS="817" VPOS="1569" WIDTH="51" HEIGHT="33" CONTENT="for" WC="0.59" CC="415"/>
						<SP ID="P59_SP00253" HPOS="868" VPOS="1608" WIDTH="28"/>
						<String ID="P59_ST00281" HPOS="896" VPOS="1568" WIDTH="59" HEIGHT="32" CONTENT="the" WC="0.72" CC="160"/>
						<SP ID="P59_SP00254" HPOS="955" VPOS="1608" WIDTH="23"/>
						<String ID="P59_ST00282" HPOS="978" VPOS="1567" WIDTH="198" HEIGHT="33" CONTENT="cultivation" WC="0.85" CC="00142110400"/>
						<SP ID="P59_SP00255" HPOS="1176" VPOS="1608" WIDTH="29"/>
						<String ID="P59_ST00283" HPOS="1205" VPOS="1566" WIDTH="41" HEIGHT="33" CONTENT="of" WC="0.89" CC="02"/>
						<SP ID="P59_SP00256" HPOS="1246" VPOS="1608" WIDTH="18"/>
						<String ID="P59_ST00284" HPOS="1264" VPOS="1567" WIDTH="75" HEIGHT="32" CONTENT="rice." WC="0.99" CC="00000"/>
						<SP ID="P59_SP00257" HPOS="1339" VPOS="1608" WIDTH="68"/>
						<String ID="P59_ST00285" HPOS="1407" VPOS="1566" WIDTH="112" HEIGHT="32" CONTENT="These" WC="0.97" CC="01000"/>
					</TextLine>
					<TextLine ID="P59_TL00028" HPOS="176" VPOS="1622" WIDTH="1343" HEIGHT="50">
						<String ID="P59_ST00286" HPOS="176" VPOS="1628" WIDTH="83" HEIGHT="44" CONTENT="they" WC="0.60" CC="3506"/>
						<SP ID="P59_SP00258" HPOS="259" VPOS="1672" WIDTH="21"/>
						<String ID="P59_ST00287" HPOS="280" VPOS="1627" WIDTH="69" HEIGHT="34" CONTENT="had" WC="0.64" CC="234"/>
						<SP ID="P59_SP00259" HPOS="349" VPOS="1672" WIDTH="25"/>
						<String ID="P59_ST00288" HPOS="374" VPOS="1627" WIDTH="161" HEIGHT="45" CONTENT="irrigated" WC="0.80" CC="040104007"/>
						<SP ID="P59_SP00260" HPOS="535" VPOS="1672" WIDTH="21"/>
						<String ID="P59_ST00289" HPOS="556" VPOS="1628" WIDTH="45" HEIGHT="44" CONTENT="by" WC="0.59" CC="08"/>
						<SP ID="P59_SP00261" HPOS="601" VPOS="1672" WIDTH="17"/>
						<String ID="P59_ST00290" HPOS="618" VPOS="1627" WIDTH="110" HEIGHT="45" CONTENT="filling" WC="0.59" CC="5513450"/>
						<SP ID="P59_SP00262" HPOS="728" VPOS="1672" WIDTH="21"/>
						<String ID="P59_ST00291" HPOS="749" VPOS="1638" WIDTH="47" HEIGHT="34" CONTENT="up" WC="0.41" CC="74"/>
						<SP ID="P59_SP00263" HPOS="796" VPOS="1672" WIDTH="26"/>
						<String ID="P59_ST00292" HPOS="822" VPOS="1626" WIDTH="59" HEIGHT="33" CONTENT="the" WC="0.85" CC="040"/>
						<SP ID="P59_SP00264" HPOS="881" VPOS="1672" WIDTH="24"/>
						<String ID="P59_ST00293" HPOS="905" VPOS="1625" WIDTH="67" HEIGHT="33" CONTENT="bed" WC="0.76" CC="007"/>
						<SP ID="P59_SP00265" HPOS="972" VPOS="1672" WIDTH="22"/>
						<String ID="P59_ST00294" HPOS="994" VPOS="1624" WIDTH="41" HEIGHT="33" CONTENT="of" WC="1.00" CC="00"/>
						<SP ID="P59_SP00266" HPOS="1035" VPOS="1672" WIDTH="23"/>
						<String ID="P59_ST00295" HPOS="1058" VPOS="1637" WIDTH="19" HEIGHT="20" CONTENT="a" WC="0.69" CC="3"/>
						<SP ID="P59_SP00267" HPOS="1077" VPOS="1672" WIDTH="23"/>
						<String ID="P59_ST00296" HPOS="1100" VPOS="1630" WIDTH="123" HEIGHT="27" CONTENT="stream" WC="0.71" CC="604005"/>
						<SP ID="P59_SP00268" HPOS="1223" VPOS="1672" WIDTH="25"/>
						<String ID="P59_ST00297" HPOS="1248" VPOS="1628" WIDTH="34" HEIGHT="28" CONTENT="at" WC="0.82" CC="03"/>
						<SP ID="P59_SP00269" HPOS="1282" VPOS="1672" WIDTH="16"/>
						<String ID="P59_ST00298" HPOS="1298" VPOS="1634" WIDTH="44" HEIGHT="21" CONTENT="an" WC="0.42" CC="46"/>
						<SP ID="P59_SP00270" HPOS="1342" VPOS="1672" WIDTH="23"/>
						<String ID="P59_ST00299" HPOS="1365" VPOS="1622" WIDTH="154" HEIGHT="33" CONTENT="elevated" WC="0.94" CC="00000005"/>
					</TextLine>
					<TextLine ID="P59_TL00029" HPOS="176" VPOS="1678" WIDTH="1342" HEIGHT="52">
						<String ID="P59_ST00300" HPOS="176" VPOS="1684" WIDTH="110" HEIGHT="46" CONTENT="point," WC="0.79" CC="100324"/>
						<SP ID="P59_SP00271" HPOS="286" VPOS="1730" WIDTH="26"/>
						<String ID="P59_ST00301" HPOS="312" VPOS="1684" WIDTH="113" HEIGHT="33" CONTENT="where" WC="0.99" CC="00000"/>
						<SP ID="P59_SP00272" HPOS="425" VPOS="1730" WIDTH="28"/>
						<String ID="P59_ST00302" HPOS="453" VPOS="1683" WIDTH="43" HEIGHT="33" CONTENT="its" WC="0.85" CC="040"/>
						<SP ID="P59_SP00273" HPOS="496" VPOS="1730" WIDTH="21"/>
						<String ID="P59_ST00303" HPOS="517" VPOS="1689" WIDTH="119" HEIGHT="28" CONTENT="waters" WC="0.90" CC="003001"/>
						<SP ID="P59_SP00274" HPOS="636" VPOS="1730" WIDTH="26"/>
						<String ID="P59_ST00304" HPOS="662" VPOS="1696" WIDTH="88" HEIGHT="20" CONTENT="were" WC="0.96" CC="0010"/>
						<SP ID="P59_SP00275" HPOS="750" VPOS="1730" WIDTH="27"/>
						<String ID="P59_ST00305" HPOS="777" VPOS="1683" WIDTH="73" HEIGHT="32" CONTENT="first" WC="0.83" CC="22030"/>
						<SP ID="P59_SP00276" HPOS="850" VPOS="1730" WIDTH="23"/>
						<String ID="P59_ST00306" HPOS="873" VPOS="1681" WIDTH="166" HEIGHT="46" CONTENT="required." WC="0.83" CC="400041040"/>
						<SP ID="P59_SP00277" HPOS="1039" VPOS="1730" WIDTH="53"/>
						<String ID="P59_ST00307" HPOS="1092" VPOS="1680" WIDTH="139" HEIGHT="44" CONTENT="Having" WC="0.78" CC="710201"/>
						<SP ID="P59_SP00278" HPOS="1231" VPOS="1730" WIDTH="24"/>
						<String ID="P59_ST00308" HPOS="1255" VPOS="1678" WIDTH="182" HEIGHT="33" CONTENT="overflown" WC="0.83" CC="040511020"/>
						<SP ID="P59_SP00279" HPOS="1437" VPOS="1730" WIDTH="22"/>
						<String ID="P59_ST00309" HPOS="1459" VPOS="1678" WIDTH="59" HEIGHT="33" CONTENT="the" WC="0.90" CC="100"/>
					</TextLine>
					<TextLine ID="P59_TL00030" HPOS="175" VPOS="1735" WIDTH="1345" HEIGHT="50">
						<String ID="P59_ST00310" HPOS="175" VPOS="1740" WIDTH="84" HEIGHT="39" CONTENT="first," WC="0.75" CC="222204"/>
						<SP ID="P59_SP00280" HPOS="259" VPOS="1779" WIDTH="27"/>
						<String ID="P59_ST00311" HPOS="286" VPOS="1752" WIDTH="37" HEIGHT="21" CONTENT="or" WC="0.85" CC="11"/>
						<SP ID="P59_SP00281" HPOS="323" VPOS="1779" WIDTH="19"/>
						<String ID="P59_ST00312" HPOS="342" VPOS="1745" WIDTH="203" HEIGHT="40" CONTENT="uppermost" WC="0.88" CC="234000000"/>
						<SP ID="P59_SP00282" HPOS="545" VPOS="1785" WIDTH="22"/>
						<String ID="P59_ST00313" HPOS="567" VPOS="1739" WIDTH="91" HEIGHT="39" CONTENT="field," WC="0.75" CC="000535"/>
						<SP ID="P59_SP00283" HPOS="658" VPOS="1785" WIDTH="26"/>
						<String ID="P59_ST00314" HPOS="684" VPOS="1739" WIDTH="27" HEIGHT="33" CONTENT="it" WC="0.79" CC="40"/>
						<SP ID="P59_SP00284" HPOS="711" VPOS="1785" WIDTH="22"/>
						<String ID="P59_ST00315" HPOS="733" VPOS="1738" WIDTH="122" HEIGHT="46" CONTENT="passed" WC="0.71" CC="305106"/>
						<SP ID="P59_SP00285" HPOS="855" VPOS="1785" WIDTH="21"/>
						<String ID="P59_ST00316" HPOS="876" VPOS="1744" WIDTH="36" HEIGHT="27" CONTENT="to" WC="0.77" CC="31"/>
						<SP ID="P59_SP00286" HPOS="912" VPOS="1785" WIDTH="24"/>
						<String ID="P59_ST00317" HPOS="936" VPOS="1750" WIDTH="19" HEIGHT="21" CONTENT="a" WC="1.00" CC="0"/>
						<SP ID="P59_SP00287" HPOS="955" VPOS="1785" WIDTH="22"/>
						<String ID="P59_ST00318" HPOS="977" VPOS="1737" WIDTH="126" HEIGHT="34" CONTENT="second" WC="0.69" CC="500164"/>
						<String ID="P59_ST00319" HPOS="1115" VPOS="1751" WIDTH="7" HEIGHT="26" CONTENT=";" WC="0.23" CC="7"/>
						<SP ID="P59_SP00288" HPOS="1122" VPOS="1785" WIDTH="26"/>
						<String ID="P59_ST00320" HPOS="1148" VPOS="1736" WIDTH="88" HEIGHT="32" CONTENT="from" WC="0.94" CC="2000"/>
						<SP ID="P59_SP00289" HPOS="1236" VPOS="1785" WIDTH="23"/>
						<String ID="P59_ST00321" HPOS="1259" VPOS="1748" WIDTH="19" HEIGHT="19" CONTENT="a" WC="0.72" CC="2"/>
						<SP ID="P59_SP00290" HPOS="1278" VPOS="1785" WIDTH="22"/>
						<String ID="P59_ST00322" HPOS="1300" VPOS="1735" WIDTH="125" HEIGHT="32" CONTENT="second" WC="0.74" CC="200570"/>
						<SP ID="P59_SP00291" HPOS="1425" VPOS="1785" WIDTH="16"/>
						<String ID="P59_ST00323" HPOS="1441" VPOS="1740" WIDTH="38" HEIGHT="27" CONTENT="to" WC="0.92" CC="01"/>
						<SP ID="P59_SP00292" HPOS="1479" VPOS="1785" WIDTH="22"/>
						<String ID="P59_ST00324" HPOS="1501" VPOS="1746" WIDTH="19" HEIGHT="22" CONTENT="a" WC="0.95" CC="0"/>
					</TextLine>
					<TextLine ID="P59_TL00031" HPOS="176" VPOS="1790" WIDTH="1343" HEIGHT="46">
						<String ID="P59_ST00325" HPOS="176" VPOS="1797" WIDTH="103" HEIGHT="39" CONTENT="third," WC="0.64" CC="444402"/>
						<SP ID="P59_SP00293" HPOS="279" VPOS="1836" WIDTH="25"/>
						<String ID="P59_ST00326" HPOS="304" VPOS="1796" WIDTH="52" HEIGHT="33" CONTENT="till" WC="0.82" CC="0240"/>
						<SP ID="P59_SP00294" HPOS="356" VPOS="1836" WIDTH="13"/>
						<String ID="P59_ST00327" HPOS="369" VPOS="1796" WIDTH="27" HEIGHT="33" CONTENT="it" WC="0.74" CC="13"/>
						<SP ID="P59_SP00295" HPOS="396" VPOS="1836" WIDTH="16"/>
						<String ID="P59_ST00328" HPOS="412" VPOS="1796" WIDTH="145" HEIGHT="33" CONTENT="reached" WC="0.82" CC="6000203"/>
						<SP ID="P59_SP00296" HPOS="557" VPOS="1836" WIDTH="17"/>
						<String ID="P59_ST00329" HPOS="574" VPOS="1796" WIDTH="60" HEIGHT="33" CONTENT="the" WC="0.89" CC="030"/>
						<SP ID="P59_SP00297" HPOS="634" VPOS="1836" WIDTH="17"/>
						<String ID="P59_ST00330" HPOS="651" VPOS="1796" WIDTH="204" HEIGHT="37" CONTENT="lowermost," WC="0.77" CC="4000541006"/>
						<SP ID="P59_SP00298" HPOS="855" VPOS="1836" WIDTH="18"/>
						<String ID="P59_ST00331" HPOS="873" VPOS="1794" WIDTH="99" HEIGHT="33" CONTENT="when" WC="0.85" CC="0005"/>
						<SP ID="P59_SP00299" HPOS="972" VPOS="1836" WIDTH="19"/>
						<String ID="P59_ST00332" HPOS="991" VPOS="1794" WIDTH="26" HEIGHT="32" CONTENT="it" WC="0.97" CC="00"/>
						<SP ID="P59_SP00300" HPOS="1017" VPOS="1836" WIDTH="17"/>
						<String ID="P59_ST00333" HPOS="1034" VPOS="1805" WIDTH="65" HEIGHT="20" CONTENT="was" WC="0.68" CC="332"/>
						<SP ID="P59_SP00301" HPOS="1099" VPOS="1836" WIDTH="18"/>
						<String ID="P59_ST00334" HPOS="1117" VPOS="1791" WIDTH="57" HEIGHT="33" CONTENT="led" WC="0.66" CC="603"/>
						<SP ID="P59_SP00302" HPOS="1174" VPOS="1836" WIDTH="17"/>
						<String ID="P59_ST00335" HPOS="1191" VPOS="1791" WIDTH="72" HEIGHT="32" CONTENT="into" WC="0.83" CC="0420"/>
						<SP ID="P59_SP00303" HPOS="1263" VPOS="1836" WIDTH="18"/>
						<String ID="P59_ST00336" HPOS="1281" VPOS="1790" WIDTH="42" HEIGHT="33" CONTENT="its" WC="0.72" CC="305"/>
						<SP ID="P59_SP00304" HPOS="1323" VPOS="1836" WIDTH="19"/>
						<String ID="P59_ST00337" HPOS="1342" VPOS="1790" WIDTH="58" HEIGHT="33" CONTENT="old" WC="0.65" CC="405"/>
						<SP ID="P59_SP00305" HPOS="1400" VPOS="1836" WIDTH="17"/>
						<String ID="P59_ST00338" HPOS="1417" VPOS="1791" WIDTH="102" HEIGHT="32" CONTENT="chan" SUBS_TYPE="HypPart1" SUBS_CONTENT="channel" WC="0.67" CC="06063"/>
						<HYP CONTENT="-"/>
					</TextLine>
					<TextLine ID="P59_TL00032" HPOS="175" VPOS="1846" WIDTH="1343" HEIGHT="53">
						<String ID="P59_ST00339" HPOS="175" VPOS="1854" WIDTH="57" HEIGHT="33" CONTENT="nel" SUBS_TYPE="HypPart2" SUBS_CONTENT="channel" WC="1.00" CC="000"/>
						<SP ID="P59_SP00306" HPOS="232" VPOS="1887" WIDTH="18"/>
						<String ID="P59_ST00340" HPOS="250" VPOS="1855" WIDTH="45" HEIGHT="44" CONTENT="by" WC="0.65" CC="07"/>
						<SP ID="P59_SP00307" HPOS="295" VPOS="1899" WIDTH="13"/>
						<String ID="P59_ST00341" HPOS="308" VPOS="1866" WIDTH="20" HEIGHT="20" CONTENT="a" WC="0.70" CC="2"/>
						<SP ID="P59_SP00308" HPOS="328" VPOS="1899" WIDTH="20"/>
						<String ID="P59_ST00342" HPOS="348" VPOS="1853" WIDTH="121" HEIGHT="33" CONTENT="trench" WC="0.82" CC="550000"/>
						<SP ID="P59_SP00309" HPOS="469" VPOS="1899" WIDTH="24"/>
						<String ID="P59_ST00343" HPOS="493" VPOS="1859" WIDTH="58" HEIGHT="27" CONTENT="cut" WC="0.89" CC="003"/>
						<SP ID="P59_SP00310" HPOS="551" VPOS="1899" WIDTH="20"/>
						<String ID="P59_ST00344" HPOS="571" VPOS="1852" WIDTH="52" HEIGHT="33" CONTENT="for" WC="0.83" CC="301"/>
						<SP ID="P59_SP00311" HPOS="623" VPOS="1899" WIDTH="17"/>
						<String ID="P59_ST00345" HPOS="640" VPOS="1853" WIDTH="60" HEIGHT="32" CONTENT="the" WC="0.69" CC="350"/>
						<SP ID="P59_SP00312" HPOS="700" VPOS="1899" WIDTH="12"/>
						<String ID="P59_ST00346" HPOS="712" VPOS="1863" WIDTH="158" HEIGHT="34" CONTENT="purpose." WC="0.66" CC="54542200"/>
						<SP ID="P59_SP00313" HPOS="870" VPOS="1899" WIDTH="45"/>
						<String ID="P59_ST00347" HPOS="915" VPOS="1849" WIDTH="17" HEIGHT="33" CONTENT="I" WC="1.00" CC="0"/>
						<SP ID="P59_SP00314" HPOS="932" VPOS="1899" WIDTH="12"/>
						<String ID="P59_ST00348" HPOS="944" VPOS="1862" WIDTH="66" HEIGHT="20" CONTENT="was" WC="0.84" CC="400"/>
						<SP ID="P59_SP00315" HPOS="1010" VPOS="1899" WIDTH="19"/>
						<String ID="P59_ST00349" HPOS="1029" VPOS="1847" WIDTH="171" HEIGHT="34" CONTENT="informed" WC="0.84" CC="13100004"/>
						<SP ID="P59_SP00316" HPOS="1200" VPOS="1899" WIDTH="16"/>
						<String ID="P59_ST00350" HPOS="1216" VPOS="1847" WIDTH="74" HEIGHT="33" CONTENT="that" WC="0.94" CC="0020"/>
						<SP ID="P59_SP00317" HPOS="1290" VPOS="1899" WIDTH="22"/>
						<String ID="P59_ST00351" HPOS="1312" VPOS="1847" WIDTH="60" HEIGHT="33" CONTENT="the" WC="0.90" CC="020"/>
						<SP ID="P59_SP00318" HPOS="1372" VPOS="1899" WIDTH="15"/>
						<String ID="P59_ST00352" HPOS="1387" VPOS="1846" WIDTH="131" HEIGHT="34" CONTENT="natives" WC="0.75" CC="6114002"/>
					</TextLine>
					<TextLine ID="P59_TL00033" HPOS="176" VPOS="1903" WIDTH="1344" HEIGHT="51">
						<String ID="P59_ST00353" HPOS="176" VPOS="1910" WIDTH="116" HEIGHT="33" CONTENT="obtain" WC="0.97" CC="001000"/>
						<SP ID="P59_SP00319" HPOS="292" VPOS="1943" WIDTH="17"/>
						<String ID="P59_ST00354" HPOS="309" VPOS="1909" WIDTH="90" HEIGHT="33" CONTENT="from" WC="0.76" CC="2033"/>
						<SP ID="P59_SP00320" HPOS="399" VPOS="1943" WIDTH="18"/>
						<String ID="P59_ST00355" HPOS="417" VPOS="1909" WIDTH="89" HEIGHT="33" CONTENT="their" WC="0.80" CC="24020"/>
						<SP ID="P59_SP00321" HPOS="506" VPOS="1943" WIDTH="17"/>
						<String ID="P59_ST00356" HPOS="523" VPOS="1909" WIDTH="113" HEIGHT="45" CONTENT="paddy" WC="0.61" CC="30438"/>
						<SP ID="P59_SP00322" HPOS="636" VPOS="1954" WIDTH="17"/>
						<String ID="P59_ST00357" HPOS="653" VPOS="1908" WIDTH="97" HEIGHT="33" CONTENT="fields" WC="0.80" CC="000605"/>
						<SP ID="P59_SP00323" HPOS="750" VPOS="1954" WIDTH="23"/>
						<String ID="P59_ST00358" HPOS="773" VPOS="1913" WIDTH="68" HEIGHT="27" CONTENT="two" WC="0.87" CC="201"/>
						<SP ID="P59_SP00324" HPOS="841" VPOS="1954" WIDTH="18"/>
						<String ID="P59_ST00359" HPOS="859" VPOS="1919" WIDTH="97" HEIGHT="33" CONTENT="crops" WC="0.73" CC="01065"/>
						<SP ID="P59_SP00325" HPOS="956" VPOS="1954" WIDTH="17"/>
						<String ID="P59_ST00360" HPOS="973" VPOS="1905" WIDTH="42" HEIGHT="33" CONTENT="of" WC="0.44" CC="65"/>
						<SP ID="P59_SP00326" HPOS="1015" VPOS="1954" WIDTH="15"/>
						<String ID="P59_ST00361" HPOS="1030" VPOS="1904" WIDTH="69" HEIGHT="34" CONTENT="rice" WC="0.84" CC="5100"/>
						<SP ID="P59_SP00327" HPOS="1099" VPOS="1954" WIDTH="16"/>
						<String ID="P59_ST00362" HPOS="1115" VPOS="1903" WIDTH="171" HEIGHT="45" CONTENT="annually," WC="0.76" CC="401111370"/>
						<SP ID="P59_SP00328" HPOS="1286" VPOS="1954" WIDTH="22"/>
						<String ID="P59_ST00363" HPOS="1308" VPOS="1903" WIDTH="34" HEIGHT="32" CONTENT="in" WC="1.00" CC="00"/>
						<SP ID="P59_SP00329" HPOS="1342" VPOS="1954" WIDTH="18"/>
						<String ID="P59_ST00364" HPOS="1360" VPOS="1903" WIDTH="59" HEIGHT="33" CONTENT="the" WC="0.67" CC="450"/>
						<SP ID="P59_SP00330" HPOS="1419" VPOS="1954" WIDTH="18"/>
						<String ID="P59_ST00365" HPOS="1437" VPOS="1903" WIDTH="83" HEIGHT="45" CONTENT="high" WC="0.67" CC="0335"/>
					</TextLine>
					<TextLine ID="P59_TL00034" HPOS="175" VPOS="1959" WIDTH="1345" HEIGHT="50">
						<String ID="P59_ST00366" HPOS="175" VPOS="1966" WIDTH="107" HEIGHT="33" CONTENT="lands." WC="0.79" CC="006320"/>
						<SP ID="P59_SP00331" HPOS="282" VPOS="1999" WIDTH="53"/>
						<String ID="P59_ST00367" HPOS="335" VPOS="1965" WIDTH="139" HEIGHT="33" CONTENT="Besides" WC="0.86" CC="6010100"/>
						<SP ID="P59_SP00332" HPOS="474" VPOS="1999" WIDTH="22"/>
						<String ID="P59_ST00368" HPOS="496" VPOS="1965" WIDTH="79" HEIGHT="39" CONTENT="rice," WC="0.93" CC="00003"/>
						<SP ID="P59_SP00333" HPOS="575" VPOS="2004" WIDTH="29"/>
						<String ID="P59_ST00369" HPOS="604" VPOS="1964" WIDTH="84" HEIGHT="45" CONTENT="they" WC="0.81" CC="0007"/>
						<SP ID="P59_SP00334" HPOS="688" VPOS="2009" WIDTH="22"/>
						<String ID="P59_ST00370" HPOS="710" VPOS="1963" WIDTH="116" HEIGHT="34" CONTENT="obtain" WC="0.71" CC="005352"/>
						<SP ID="P59_SP00335" HPOS="826" VPOS="2009" WIDTH="25"/>
						<String ID="P59_ST00371" HPOS="851" VPOS="1969" WIDTH="68" HEIGHT="27" CONTENT="two" WC="0.60" CC="613"/>
						<SP ID="P59_SP00336" HPOS="919" VPOS="2009" WIDTH="26"/>
						<String ID="P59_ST00372" HPOS="945" VPOS="1974" WIDTH="98" HEIGHT="33" CONTENT="crops" WC="0.84" CC="00141"/>
						<SP ID="P59_SP00337" HPOS="1043" VPOS="2009" WIDTH="17"/>
						<String ID="P59_ST00373" HPOS="1060" VPOS="1959" WIDTH="41" HEIGHT="34" CONTENT="of" WC="0.75" CC="04"/>
						<SP ID="P59_SP00338" HPOS="1101" VPOS="2009" WIDTH="25"/>
						<String ID="P59_ST00374" HPOS="1126" VPOS="1959" WIDTH="153" HEIGHT="34" CONTENT="esculent" WC="0.94" CC="01002000"/>
						<SP ID="P59_SP00339" HPOS="1279" VPOS="2009" WIDTH="26"/>
						<String ID="P59_ST00375" HPOS="1305" VPOS="1959" WIDTH="193" HEIGHT="45" CONTENT="vegetables" WC="0.86" CC="2000040302"/>
						<SP ID="P59_SP00340" HPOS="1498" VPOS="2009" WIDTH="15"/>
						<String ID="P59_ST00376" HPOS="1513" VPOS="1973" WIDTH="7" HEIGHT="26" CONTENT=";" WC="0.25" CC="7"/>
					</TextLine>
					<TextLine ID="P59_TL00035" HPOS="176" VPOS="2015" WIDTH="1344" HEIGHT="53">
						<String ID="P59_ST00377" HPOS="176" VPOS="2030" WIDTH="104" HEIGHT="27" CONTENT="sweet" WC="0.97" CC="01000"/>
						<SP ID="P59_SP00341" HPOS="280" VPOS="2057" WIDTH="23"/>
						<String ID="P59_ST00378" HPOS="303" VPOS="2028" WIDTH="167" HEIGHT="40" CONTENT="potatoes," WC="0.78" CC="702004013"/>
						<SP ID="P59_SP00342" HPOS="470" VPOS="2068" WIDTH="26"/>
						<String ID="P59_ST00379" HPOS="496" VPOS="2021" WIDTH="68" HEIGHT="34" CONTENT="and" WC="1.00" CC="000"/>
						<SP ID="P59_SP00343" HPOS="564" VPOS="2068" WIDTH="25"/>
						<String ID="P59_ST00380" HPOS="589" VPOS="2020" WIDTH="84" HEIGHT="34" CONTENT="after" WC="0.92" CC="03000"/>
						<SP ID="P59_SP00344" HPOS="673" VPOS="2068" WIDTH="28"/>
						<String ID="P59_ST00381" HPOS="701" VPOS="2020" WIDTH="109" HEIGHT="39" CONTENT="these," WC="0.76" CC="700006"/>
						<SP ID="P59_SP00345" HPOS="810" VPOS="2068" WIDTH="25"/>
						<String ID="P59_ST00382" HPOS="835" VPOS="2020" WIDTH="200" HEIGHT="33" CONTENT="cucumbers" WC="0.95" CC="000100003"/>
						<SP ID="P59_SP00346" HPOS="1035" VPOS="2068" WIDTH="25"/>
						<String ID="P59_ST00383" HPOS="1060" VPOS="2015" WIDTH="83" HEIGHT="36" CONTENT="with" WC="0.70" CC="0037"/>
						<SP ID="P59_SP00347" HPOS="1143" VPOS="2068" WIDTH="25"/>
						<String ID="P59_ST00384" HPOS="1168" VPOS="2029" WIDTH="19" HEIGHT="21" CONTENT="a" WC="0.60" CC="3"/>
						<SP ID="P59_SP00348" HPOS="1187" VPOS="2068" WIDTH="25"/>
						<String ID="P59_ST00385" HPOS="1212" VPOS="2015" WIDTH="129" HEIGHT="47" CONTENT="species" WC="0.82" CC="0403102"/>
						<SP ID="P59_SP00349" HPOS="1341" VPOS="2068" WIDTH="22"/>
						<String ID="P59_ST00386" HPOS="1363" VPOS="2015" WIDTH="40" HEIGHT="33" CONTENT="of" WC="0.95" CC="00"/>
						<SP ID="P59_SP00350" HPOS="1403" VPOS="2068" WIDTH="22"/>
						<String ID="P59_ST00387" HPOS="1425" VPOS="2016" WIDTH="95" HEIGHT="33" CONTENT="bean." WC="0.73" CC="00074"/>
					</TextLine>
					<TextLine ID="P59_TL00036" HPOS="178" VPOS="2070" WIDTH="1342" HEIGHT="53">
						<String ID="P59_ST00388" HPOS="178" VPOS="2079" WIDTH="99" HEIGHT="44" CONTENT="They" WC="0.81" CC="0006"/>
						<SP ID="P59_SP00351" HPOS="277" VPOS="2123" WIDTH="25"/>
						<String ID="P59_ST00389" HPOS="302" VPOS="2079" WIDTH="97" HEIGHT="34" CONTENT="allow" WC="0.86" CC="00501"/>
						<SP ID="P59_SP00352" HPOS="399" VPOS="2123" WIDTH="23"/>
						<String ID="P59_ST00390" HPOS="422" VPOS="2091" WIDTH="46" HEIGHT="21" CONTENT="no" WC="0.84" CC="03"/>
						<SP ID="P59_SP00353" HPOS="468" VPOS="2123" WIDTH="21"/>
						<String ID="P59_ST00391" HPOS="489" VPOS="2091" WIDTH="123" HEIGHT="32" CONTENT="repose" WC="0.76" CC="604300"/>
						<SP ID="P59_SP00354" HPOS="612" VPOS="2123" WIDTH="22"/>
						<String ID="P59_ST00392" HPOS="634" VPOS="2083" WIDTH="35" HEIGHT="28" CONTENT="to" WC="0.84" CC="20"/>
						<SP ID="P59_SP00355" HPOS="669" VPOS="2123" WIDTH="27"/>
						<String ID="P59_ST00393" HPOS="696" VPOS="2076" WIDTH="60" HEIGHT="34" CONTENT="the" WC="0.94" CC="100"/>
						<SP ID="P59_SP00356" HPOS="756" VPOS="2123" WIDTH="21"/>
						<String ID="P59_ST00394" HPOS="777" VPOS="2076" WIDTH="73" HEIGHT="40" CONTENT="soil," WC="0.59" CC="20286"/>
						<SP ID="P59_SP00357" HPOS="850" VPOS="2123" WIDTH="24"/>
						<String ID="P59_ST00395" HPOS="874" VPOS="2076" WIDTH="113" HEIGHT="34" CONTENT="which" WC="0.78" CC="01305"/>
						<SP ID="P59_SP00358" HPOS="987" VPOS="2123" WIDTH="22"/>
						<String ID="P59_ST00396" HPOS="1009" VPOS="2075" WIDTH="27" HEIGHT="33" CONTENT="is" WC="0.83" CC="21"/>
						<SP ID="P59_SP00359" HPOS="1036" VPOS="2123" WIDTH="25"/>
						<String ID="P59_ST00397" HPOS="1061" VPOS="2087" WIDTH="20" HEIGHT="21" CONTENT="a" WC="0.68" CC="3"/>
						<SP ID="P59_SP00360" HPOS="1081" VPOS="2123" WIDTH="21"/>
						<String ID="P59_ST00398" HPOS="1102" VPOS="2074" WIDTH="72" HEIGHT="34" CONTENT="rich" WC="0.84" CC="0104"/>
						<SP ID="P59_SP00361" HPOS="1174" VPOS="2123" WIDTH="25"/>
						<String ID="P59_ST00399" HPOS="1199" VPOS="2072" WIDTH="176" HEIGHT="47" CONTENT="vegetable" WC="0.91" CC="600000010"/>
						<SP ID="P59_SP00362" HPOS="1375" VPOS="2123" WIDTH="27"/>
						<String ID="P59_ST00400" HPOS="1402" VPOS="2070" WIDTH="118" HEIGHT="35" CONTENT="mould" WC="0.77" CC="10037"/>
					</TextLine>
				</TextBlock>
			</PrintSpace>
		</Page>
	</Layout>
</alto>
