<?xml version="1.0" encoding="UTF-8"?>
<alto xmlns:xsi="http://www.w3.org/2001/XMLSchema-instance" xsi:noNamespaceSchemaLocation="http://www.bl.uk/schemas/alto/alto-1-4.xsd" xmlns:xlink="http://www.w3.org/1999/xlink">
	<Description>
		<MeasurementUnit>mm10</MeasurementUnit>
		<sourceImageInformation>
			<fileName>//head1/IN/2008-13/A0011342463/003192.jp2</fileName>
		</sourceImageInformation>
		<OCRProcessing ID="OCRPROCESSING_1">
			<preProcessingStep>
				<processingSoftware>
					<softwareCreator>CCS Content Conversion Specialists GmbH, Germany</softwareCreator>
					<softwareName>CCS docWORKS</softwareName>
					<softwareVersion>6.1-0.67</softwareVersion>
				</processingSoftware>
			</preProcessingStep>
			<ocrProcessingStep>
				<processingSoftware>
					<softwareCreator>ABBYY (BIT Software), Russia</softwareCreator>
					<softwareName>Finereader</softwareName>
				</processingSoftware>
			</ocrProcessingStep>
		</OCRProcessing>
	</Description>
	<Styles>
		<TextStyle ID="TXT_0" FONTSIZE="10" FONTFAMILY="Courier New"/>
		<ParagraphStyle ID="PAR_LEFT" ALIGN="Left"/>
	</Styles>
	<Layout>
		<Page ID="P272" PHYSICAL_IMG_NR="272" HEIGHT="2350" WIDTH="1784" PRINTED_IMG_NR="222" POSITION="Left" ACCURACY="75.73">
			<TopMargin ID="P272_TM00001" HPOS="0" VPOS="0" WIDTH="1783" HEIGHT="191">
				<TextBlock ID="P272_TB00001" HPOS="742" VPOS="144" WIDTH="224" HEIGHT="26" STYLEREFS="TXT_0 PAR_LEFT">
					<TextLine ID="P272_TL00001" HPOS="743" VPOS="145" WIDTH="223" HEIGHT="25">
						<String ID="P272_ST00001" HPOS="743" VPOS="147" WIDTH="73" HEIGHT="23" CONTENT="TEA" WC="0.55" CC="146"/>
						<SP ID="P272_SP00001" HPOS="816" VPOS="170" WIDTH="19"/>
						<String ID="P272_ST00002" HPOS="835" VPOS="145" WIDTH="131" HEIGHT="25" CONTENT="PLANT." WC="0.40" CC="888505"/>
					</TextLine>
				</TextBlock>
				<TextBlock ID="P272_TB00002" HPOS="204" VPOS="155" WIDTH="70" HEIGHT="34" STYLEREFS="TXT_0 PAR_LEFT">
					<TextLine ID="P272_TL00002" HPOS="205" VPOS="156" WIDTH="69" HEIGHT="33">
						<String ID="P272_ST00003" HPOS="205" VPOS="156" WIDTH="69" HEIGHT="33" CONTENT="222" WC="0.18" CC="888"/>
					</TextLine>
				</TextBlock>
			</TopMargin>
			<LeftMargin ID="P272_LM00001" HPOS="0" VPOS="191" WIDTH="204" HEIGHT="1907"/>
			<RightMargin ID="P272_RM00001" HPOS="1568" VPOS="191" WIDTH="215" HEIGHT="1907"/>
			<BottomMargin ID="P272_BM00001" HPOS="0" VPOS="2098" WIDTH="1783" HEIGHT="252"/>
			<PrintSpace ID="P272_PS00001" HPOS="204" VPOS="191" WIDTH="1364" HEIGHT="1907">
				<TextBlock ID="P272_TB00003" HPOS="204" VPOS="221" WIDTH="1360" HEIGHT="341" STYLEREFS="TXT_0 PAR_LEFT">
					<TextLine ID="P272_TL00003" HPOS="206" VPOS="222" WIDTH="1356" HEIGHT="53">
						<String ID="P272_ST00004" HPOS="206" VPOS="232" WIDTH="161" HEIGHT="37" CONTENT="establish" WC="0.71" CC="000306257"/>
						<SP ID="P272_SP00002" HPOS="367" VPOS="269" WIDTH="19"/>
						<String ID="P272_ST00005" HPOS="386" VPOS="230" WIDTH="106" HEIGHT="34" CONTENT="them." WC="0.84" CC="03030"/>
						<SP ID="P272_SP00003" HPOS="492" VPOS="269" WIDTH="44"/>
						<String ID="P272_ST00006" HPOS="536" VPOS="229" WIDTH="33" HEIGHT="34" CONTENT="It" WC="0.71" CC="05"/>
						<SP ID="P272_SP00004" HPOS="569" VPOS="269" WIDTH="18"/>
						<String ID="P272_ST00007" HPOS="587" VPOS="240" WIDTH="90" HEIGHT="35" CONTENT="may," WC="0.68" CC="1055"/>
						<SP ID="P272_SP00005" HPOS="677" VPOS="275" WIDTH="17"/>
						<String ID="P272_ST00008" HPOS="694" VPOS="229" WIDTH="171" HEIGHT="39" CONTENT="however," WC="0.85" CC="30000015"/>
						<SP ID="P272_SP00006" HPOS="865" VPOS="275" WIDTH="13"/>
						<String ID="P272_ST00009" HPOS="878" VPOS="229" WIDTH="45" HEIGHT="33" CONTENT="be" WC="1.00" CC="00"/>
						<SP ID="P272_SP00007" HPOS="923" VPOS="275" WIDTH="16"/>
						<String ID="P272_ST00010" HPOS="939" VPOS="224" WIDTH="193" HEIGHT="41" CONTENT="remarked," WC="0.70" CC="100047075"/>
						<SP ID="P272_SP00008" HPOS="1132" VPOS="275" WIDTH="13"/>
						<String ID="P272_ST00011" HPOS="1145" VPOS="224" WIDTH="76" HEIGHT="34" CONTENT="that" WC="0.78" CC="0611"/>
						<SP ID="P272_SP00009" HPOS="1221" VPOS="275" WIDTH="16"/>
						<String ID="P272_ST00012" HPOS="1237" VPOS="223" WIDTH="62" HEIGHT="34" CONTENT="the" WC="0.74" CC="250"/>
						<SP ID="P272_SP00010" HPOS="1299" VPOS="275" WIDTH="16"/>
						<String ID="P272_ST00013" HPOS="1315" VPOS="222" WIDTH="116" HEIGHT="47" CONTENT="plants" WC="0.70" CC="533104"/>
						<SP ID="P272_SP00011" HPOS="1431" VPOS="275" WIDTH="18"/>
						<String ID="P272_ST00014" HPOS="1449" VPOS="223" WIDTH="113" HEIGHT="33" CONTENT="which" WC="0.61" CC="07605"/>
					</TextLine>
					<TextLine ID="P272_TL00004" HPOS="204" VPOS="279" WIDTH="1359" HEIGHT="55">
						<String ID="P272_ST00015" HPOS="204" VPOS="290" WIDTH="68" HEIGHT="35" CONTENT="had" WC="0.64" CC="406"/>
						<SP ID="P272_SP00012" HPOS="272" VPOS="325" WIDTH="16"/>
						<String ID="P272_ST00016" HPOS="288" VPOS="291" WIDTH="88" HEIGHT="32" CONTENT="been" WC="0.82" CC="0007"/>
						<SP ID="P272_SP00013" HPOS="376" VPOS="325" WIDTH="17"/>
						<String ID="P272_ST00017" HPOS="393" VPOS="287" WIDTH="151" HEIGHT="47" CONTENT="brought" WC="0.75" CC="2126040"/>
						<SP ID="P272_SP00014" HPOS="544" VPOS="334" WIDTH="25"/>
						<String ID="P272_ST00018" HPOS="569" VPOS="286" WIDTH="89" HEIGHT="34" CONTENT="from" WC="0.47" CC="7614"/>
						<SP ID="P272_SP00015" HPOS="658" VPOS="334" WIDTH="18"/>
						<String ID="P272_ST00019" HPOS="676" VPOS="286" WIDTH="60" HEIGHT="34" CONTENT="the" WC="0.75" CC="070"/>
						<SP ID="P272_SP00016" HPOS="736" VPOS="334" WIDTH="24"/>
						<String ID="P272_ST00020" HPOS="760" VPOS="286" WIDTH="98" HEIGHT="34" CONTENT="black" WC="0.79" CC="62100"/>
						<SP ID="P272_SP00017" HPOS="858" VPOS="334" WIDTH="27"/>
						<String ID="P272_ST00021" HPOS="885" VPOS="286" WIDTH="69" HEIGHT="34" CONTENT="and" WC="0.54" CC="426"/>
						<SP ID="P272_SP00018" HPOS="954" VPOS="334" WIDTH="21"/>
						<String ID="P272_ST00022" HPOS="975" VPOS="297" WIDTH="106" HEIGHT="36" CONTENT="green" WC="0.87" CC="00006"/>
						<SP ID="P272_SP00019" HPOS="1081" VPOS="334" WIDTH="18"/>
						<String ID="P272_ST00023" HPOS="1099" VPOS="290" WIDTH="56" HEIGHT="28" CONTENT="tea" WC="0.75" CC="006"/>
						<SP ID="P272_SP00020" HPOS="1155" VPOS="334" WIDTH="17"/>
						<String ID="P272_ST00024" HPOS="1172" VPOS="282" WIDTH="163" HEIGHT="40" CONTENT="districts," WC="0.62" CC="5420750054"/>
						<SP ID="P272_SP00021" HPOS="1335" VPOS="334" WIDTH="29"/>
						<String ID="P272_ST00025" HPOS="1364" VPOS="279" WIDTH="146" HEIGHT="35" CONTENT="differed" WC="0.75" CC="43330104"/>
						<SP ID="P272_SP00022" HPOS="1510" VPOS="334" WIDTH="17"/>
						<String ID="P272_ST00026" HPOS="1527" VPOS="279" WIDTH="36" HEIGHT="33" CONTENT="in" WC="0.75" CC="05"/>
					</TextLine>
					<TextLine ID="P272_TL00005" HPOS="205" VPOS="340" WIDTH="1359" HEIGHT="46">
						<String ID="P272_ST00027" HPOS="205" VPOS="349" WIDTH="60" HEIGHT="33" CONTENT="the" WC="0.67" CC="450"/>
						<SP ID="P272_SP00023" HPOS="265" VPOS="382" WIDTH="17"/>
						<String ID="P272_ST00028" HPOS="282" VPOS="348" WIDTH="100" HEIGHT="38" CONTENT="form," WC="0.69" CC="25203"/>
						<SP ID="P272_SP00024" HPOS="382" VPOS="386" WIDTH="18"/>
						<String ID="P272_ST00029" HPOS="400" VPOS="346" WIDTH="129" HEIGHT="39" CONTENT="colour," WC="0.64" CC="0260536"/>
						<SP ID="P272_SP00025" HPOS="529" VPOS="386" WIDTH="18"/>
						<String ID="P272_ST00030" HPOS="547" VPOS="345" WIDTH="66" HEIGHT="33" CONTENT="and" WC="0.65" CC="522"/>
						<SP ID="P272_SP00026" HPOS="613" VPOS="386" WIDTH="19"/>
						<String ID="P272_ST00031" HPOS="632" VPOS="350" WIDTH="137" HEIGHT="28" CONTENT="texture" WC="0.82" CC="0041510"/>
						<SP ID="P272_SP00027" HPOS="769" VPOS="386" WIDTH="18"/>
						<String ID="P272_ST00032" HPOS="787" VPOS="345" WIDTH="41" HEIGHT="32" CONTENT="of" WC="1.00" CC="00"/>
						<SP ID="P272_SP00028" HPOS="828" VPOS="386" WIDTH="18"/>
						<String ID="P272_ST00033" HPOS="846" VPOS="345" WIDTH="90" HEIGHT="34" CONTENT="their" WC="0.89" CC="00032"/>
						<SP ID="P272_SP00029" HPOS="936" VPOS="386" WIDTH="22"/>
						<String ID="P272_ST00034" HPOS="958" VPOS="345" WIDTH="113" HEIGHT="33" CONTENT="leaves" WC="0.52" CC="687105"/>
						<String ID="P272_ST00035" HPOS="1084" VPOS="358" WIDTH="9" HEIGHT="26" CONTENT=";" WC="0.18" CC="8"/>
						<SP ID="P272_SP00030" HPOS="1093" VPOS="386" WIDTH="26"/>
						<String ID="P272_ST00036" HPOS="1119" VPOS="342" WIDTH="101" HEIGHT="34" CONTENT="those" WC="0.68" CC="54032"/>
						<SP ID="P272_SP00031" HPOS="1220" VPOS="386" WIDTH="17"/>
						<String ID="P272_ST00037" HPOS="1237" VPOS="340" WIDTH="42" HEIGHT="34" CONTENT="of" WC="0.83" CC="03"/>
						<SP ID="P272_SP00032" HPOS="1279" VPOS="386" WIDTH="18"/>
						<String ID="P272_ST00038" HPOS="1297" VPOS="340" WIDTH="61" HEIGHT="33" CONTENT="the" WC="0.77" CC="060"/>
						<SP ID="P272_SP00033" HPOS="1358" VPOS="386" WIDTH="17"/>
						<String ID="P272_ST00039" HPOS="1375" VPOS="350" WIDTH="107" HEIGHT="35" CONTENT="green" WC="0.73" CC="07005"/>
						<SP ID="P272_SP00034" HPOS="1482" VPOS="386" WIDTH="26"/>
						<String ID="P272_ST00040" HPOS="1508" VPOS="343" WIDTH="56" HEIGHT="29" CONTENT="tea" WC="0.83" CC="103"/>
					</TextLine>
					<TextLine ID="P272_TL00006" HPOS="205" VPOS="396" WIDTH="1359" HEIGHT="56">
						<String ID="P272_ST00041" HPOS="205" VPOS="405" WIDTH="96" HEIGHT="47" CONTENT="plant" WC="0.86" CC="50100"/>
						<SP ID="P272_SP00035" HPOS="301" VPOS="452" WIDTH="16"/>
						<String ID="P272_ST00042" HPOS="317" VPOS="405" WIDTH="106" HEIGHT="45" CONTENT="being" WC="0.61" CC="10385"/>
						<SP ID="P272_SP00036" HPOS="423" VPOS="452" WIDTH="16"/>
						<String ID="P272_ST00043" HPOS="439" VPOS="403" WIDTH="131" HEIGHT="46" CONTENT="longer," WC="0.68" CC="0461064"/>
						<SP ID="P272_SP00037" HPOS="570" VPOS="452" WIDTH="19"/>
						<String ID="P272_ST00044" HPOS="589" VPOS="402" WIDTH="150" HEIGHT="39" CONTENT="thinner," WC="0.68" CC="02574023"/>
						<SP ID="P272_SP00038" HPOS="739" VPOS="452" WIDTH="26"/>
						<String ID="P272_ST00045" HPOS="765" VPOS="401" WIDTH="69" HEIGHT="34" CONTENT="and" WC="0.64" CC="046"/>
						<SP ID="P272_SP00039" HPOS="834" VPOS="452" WIDTH="17"/>
						<String ID="P272_ST00046" HPOS="851" VPOS="402" WIDTH="41" HEIGHT="33" CONTENT="of" WC="0.61" CC="16"/>
						<SP ID="P272_SP00040" HPOS="892" VPOS="452" WIDTH="11"/>
						<String ID="P272_ST00047" HPOS="903" VPOS="415" WIDTH="19" HEIGHT="20" CONTENT="a" WC="0.80" CC="1"/>
						<SP ID="P272_SP00041" HPOS="922" VPOS="452" WIDTH="16"/>
						<String ID="P272_ST00048" HPOS="938" VPOS="401" WIDTH="126" HEIGHT="46" CONTENT="lighter" WC="0.75" CC="2038002"/>
						<SP ID="P272_SP00042" HPOS="1064" VPOS="452" WIDTH="19"/>
						<String ID="P272_ST00049" HPOS="1083" VPOS="400" WIDTH="118" HEIGHT="33" CONTENT="colour" WC="0.79" CC="020045"/>
						<SP ID="P272_SP00043" HPOS="1201" VPOS="452" WIDTH="17"/>
						<String ID="P272_ST00050" HPOS="1218" VPOS="399" WIDTH="84" HEIGHT="34" CONTENT="than" WC="0.82" CC="1006"/>
						<SP ID="P272_SP00044" HPOS="1302" VPOS="452" WIDTH="24"/>
						<String ID="P272_ST00051" HPOS="1326" VPOS="398" WIDTH="101" HEIGHT="34" CONTENT="those" WC="0.89" CC="11020"/>
						<SP ID="P272_SP00045" HPOS="1427" VPOS="452" WIDTH="17"/>
						<String ID="P272_ST00052" HPOS="1444" VPOS="396" WIDTH="42" HEIGHT="34" CONTENT="of" WC="0.61" CC="42"/>
						<SP ID="P272_SP00046" HPOS="1486" VPOS="452" WIDTH="16"/>
						<String ID="P272_ST00053" HPOS="1502" VPOS="396" WIDTH="62" HEIGHT="34" CONTENT="the" WC="0.78" CC="050"/>
					</TextLine>
					<TextLine ID="P272_TL00007" HPOS="205" VPOS="455" WIDTH="1358" HEIGHT="52">
						<String ID="P272_ST00054" HPOS="205" VPOS="463" WIDTH="110" HEIGHT="39" CONTENT="black," WC="0.93" CC="000004"/>
						<SP ID="P272_SP00047" HPOS="315" VPOS="502" WIDTH="29"/>
						<String ID="P272_ST00055" HPOS="344" VPOS="461" WIDTH="166" HEIGHT="46" CONTENT="although" WC="0.70" CC="35040423"/>
						<SP ID="P272_SP00048" HPOS="510" VPOS="507" WIDTH="17"/>
						<String ID="P272_ST00056" HPOS="527" VPOS="460" WIDTH="154" HEIGHT="46" CONTENT="groAving" WC="0.63" CC="02284072"/>
						<SP ID="P272_SP00049" HPOS="681" VPOS="507" WIDTH="17"/>
						<String ID="P272_ST00057" HPOS="698" VPOS="460" WIDTH="36" HEIGHT="32" CONTENT="in" WC="0.68" CC="06"/>
						<SP ID="P272_SP00050" HPOS="734" VPOS="507" WIDTH="14"/>
						<String ID="P272_ST00058" HPOS="748" VPOS="459" WIDTH="60" HEIGHT="34" CONTENT="the" WC="0.85" CC="040"/>
						<SP ID="P272_SP00051" HPOS="808" VPOS="507" WIDTH="18"/>
						<String ID="P272_ST00059" HPOS="826" VPOS="472" WIDTH="93" HEIGHT="21" CONTENT="same" WC="0.86" CC="5000"/>
						<SP ID="P272_SP00052" HPOS="919" VPOS="507" WIDTH="19"/>
						<String ID="P272_ST00060" HPOS="938" VPOS="459" WIDTH="62" HEIGHT="33" CONTENT="soil" WC="0.81" CC="2004"/>
						<String ID="P272_ST00061" HPOS="1011" VPOS="472" WIDTH="6" HEIGHT="19" CONTENT=":" WC="0.53" CC="4"/>
						<SP ID="P272_SP00053" HPOS="1017" VPOS="507" WIDTH="19"/>
						<String ID="P272_ST00062" HPOS="1036" VPOS="458" WIDTH="69" HEIGHT="34" CONTENT="this" WC="0.74" CC="1620"/>
						<SP ID="P272_SP00054" HPOS="1105" VPOS="507" WIDTH="24"/>
						<String ID="P272_ST00063" HPOS="1129" VPOS="457" WIDTH="187" HEIGHT="34" CONTENT="difference" WC="0.77" CC="6422020400"/>
						<SP ID="P272_SP00055" HPOS="1316" VPOS="507" WIDTH="18"/>
						<String ID="P272_ST00064" HPOS="1334" VPOS="455" WIDTH="41" HEIGHT="33" CONTENT="of" WC="0.80" CC="03"/>
						<SP ID="P272_SP00056" HPOS="1375" VPOS="507" WIDTH="12"/>
						<String ID="P272_ST00065" HPOS="1387" VPOS="455" WIDTH="176" HEIGHT="33" CONTENT="character" WC="0.68" CC="055850003"/>
					</TextLine>
					<TextLine ID="P272_TL00008" HPOS="206" VPOS="514" WIDTH="1025" HEIGHT="48">
						<String ID="P272_ST00066" HPOS="206" VPOS="520" WIDTH="17" HEIGHT="34" CONTENT="I" WC="0.88" CC="1"/>
						<SP ID="P272_SP00057" HPOS="223" VPOS="554" WIDTH="19"/>
						<String ID="P272_ST00067" HPOS="242" VPOS="521" WIDTH="71" HEIGHT="33" CONTENT="also" WC="0.76" CC="0602"/>
						<SP ID="P272_SP00058" HPOS="313" VPOS="554" WIDTH="18"/>
						<String ID="P272_ST00068" HPOS="331" VPOS="519" WIDTH="167" HEIGHT="34" CONTENT="observed" WC="0.79" CC="00603302"/>
						<SP ID="P272_SP00059" HPOS="498" VPOS="554" WIDTH="17"/>
						<String ID="P272_ST00069" HPOS="515" VPOS="518" WIDTH="35" HEIGHT="32" CONTENT="in" WC="0.76" CC="04"/>
						<SP ID="P272_SP00060" HPOS="550" VPOS="554" WIDTH="19"/>
						<String ID="P272_ST00070" HPOS="569" VPOS="531" WIDTH="18" HEIGHT="19" CONTENT="a" WC="0.48" CC="5"/>
						<SP ID="P272_SP00061" HPOS="587" VPOS="554" WIDTH="16"/>
						<String ID="P272_ST00071" HPOS="603" VPOS="517" WIDTH="93" HEIGHT="45" CONTENT="large" WC="0.71" CC="15510"/>
						<SP ID="P272_SP00062" HPOS="696" VPOS="562" WIDTH="17"/>
						<String ID="P272_ST00072" HPOS="713" VPOS="523" WIDTH="55" HEIGHT="27" CONTENT="tea" WC="0.70" CC="008"/>
						<SP ID="P272_SP00063" HPOS="768" VPOS="562" WIDTH="17"/>
						<String ID="P272_ST00073" HPOS="785" VPOS="516" WIDTH="192" HEIGHT="46" CONTENT="plantation" WC="0.62" CC="5253260207"/>
						<SP ID="P272_SP00064" HPOS="977" VPOS="562" WIDTH="18"/>
						<String ID="P272_ST00074" HPOS="995" VPOS="528" WIDTH="83" HEIGHT="21" CONTENT="near" WC="0.83" CC="0051"/>
						<SP ID="P272_SP00065" HPOS="1078" VPOS="562" WIDTH="18"/>
						<String ID="P272_ST00075" HPOS="1096" VPOS="514" WIDTH="135" HEIGHT="35" CONTENT="Macao." WC="0.79" CC="060203"/>
					</TextLine>
				</TextBlock>
				<TextBlock ID="P272_TB00004" HPOS="207" VPOS="568" WIDTH="1361" HEIGHT="1530" STYLEREFS="TXT_0 PAR_LEFT">
					<TextLine ID="P272_TL00009" HPOS="258" VPOS="569" WIDTH="1305" HEIGHT="52">
						<String ID="P272_ST00076" HPOS="258" VPOS="577" WIDTH="17" HEIGHT="33" CONTENT="I" WC="1.00" CC="0"/>
						<SP ID="P272_SP00066" HPOS="275" VPOS="610" WIDTH="18"/>
						<String ID="P272_ST00077" HPOS="293" VPOS="577" WIDTH="102" HEIGHT="33" CONTENT="could" WC="0.86" CC="00024"/>
						<SP ID="P272_SP00067" HPOS="395" VPOS="610" WIDTH="24"/>
						<String ID="P272_ST00078" HPOS="419" VPOS="576" WIDTH="78" HEIGHT="45" CONTENT="gain" WC="0.53" CC="0567"/>
						<SP ID="P272_SP00068" HPOS="497" VPOS="621" WIDTH="20"/>
						<String ID="P272_ST00079" HPOS="517" VPOS="587" WIDTH="46" HEIGHT="21" CONTENT="no" WC="0.35" CC="84"/>
						<SP ID="P272_SP00069" HPOS="563" VPOS="621" WIDTH="26"/>
						<String ID="P272_ST00080" HPOS="589" VPOS="573" WIDTH="220" HEIGHT="34" CONTENT="information" WC="0.71" CC="03506051007"/>
						<SP ID="P272_SP00070" HPOS="809" VPOS="621" WIDTH="20"/>
						<String ID="P272_ST00081" HPOS="829" VPOS="574" WIDTH="36" HEIGHT="34" CONTENT="in" WC="0.71" CC="23"/>
						<SP ID="P272_SP00071" HPOS="865" VPOS="621" WIDTH="20"/>
						<String ID="P272_ST00082" HPOS="885" VPOS="574" WIDTH="113" HEIGHT="34" CONTENT="China" WC="0.68" CC="01364"/>
						<SP ID="P272_SP00072" HPOS="998" VPOS="621" WIDTH="23"/>
						<String ID="P272_ST00083" HPOS="1021" VPOS="573" WIDTH="167" HEIGHT="45" CONTENT="inducing" WC="0.77" CC="50050510"/>
						<SP ID="P272_SP00073" HPOS="1188" VPOS="621" WIDTH="17"/>
						<String ID="P272_ST00084" HPOS="1205" VPOS="584" WIDTH="58" HEIGHT="20" CONTENT="me" WC="1.00" CC="00"/>
						<SP ID="P272_SP00074" HPOS="1263" VPOS="621" WIDTH="18"/>
						<String ID="P272_ST00085" HPOS="1281" VPOS="577" WIDTH="37" HEIGHT="27" CONTENT="to" WC="0.94" CC="10"/>
						<SP ID="P272_SP00075" HPOS="1318" VPOS="621" WIDTH="17"/>
						<String ID="P272_ST00086" HPOS="1335" VPOS="570" WIDTH="136" HEIGHT="34" CONTENT="believe" WC="0.81" CC="0051060"/>
						<SP ID="P272_SP00076" HPOS="1471" VPOS="621" WIDTH="17"/>
						<String ID="P272_ST00087" HPOS="1488" VPOS="569" WIDTH="75" HEIGHT="33" CONTENT="that" WC="0.87" CC="0005"/>
					</TextLine>
					<TextLine ID="P272_TL00010" HPOS="210" VPOS="626" WIDTH="1353" HEIGHT="54">
						<String ID="P272_ST00088" HPOS="210" VPOS="635" WIDTH="61" HEIGHT="33" CONTENT="the" WC="0.78" CC="140"/>
						<SP ID="P272_SP00077" HPOS="271" VPOS="668" WIDTH="21"/>
						<String ID="P272_ST00089" HPOS="292" VPOS="646" WIDTH="137" HEIGHT="34" CONTENT="process" WC="0.72" CC="7000037"/>
						<SP ID="P272_SP00078" HPOS="429" VPOS="680" WIDTH="29"/>
						<String ID="P272_ST00090" HPOS="458" VPOS="632" WIDTH="98" HEIGHT="33" CONTENT="there" WC="0.81" CC="02060"/>
						<SP ID="P272_SP00079" HPOS="556" VPOS="680" WIDTH="24"/>
						<String ID="P272_ST00091" HPOS="580" VPOS="631" WIDTH="85" HEIGHT="34" CONTENT="used" WC="0.72" CC="0406"/>
						<SP ID="P272_SP00080" HPOS="665" VPOS="680" WIDTH="26"/>
						<String ID="P272_ST00092" HPOS="691" VPOS="631" WIDTH="36" HEIGHT="33" CONTENT="in" WC="0.63" CC="34"/>
						<SP ID="P272_SP00081" HPOS="727" VPOS="680" WIDTH="23"/>
						<String ID="P272_ST00093" HPOS="750" VPOS="631" WIDTH="278" HEIGHT="45" CONTENT="manufacturing" WC="0.73" CC="0271520005042"/>
						<SP ID="P272_SP00082" HPOS="1028" VPOS="680" WIDTH="26"/>
						<String ID="P272_ST00094" HPOS="1054" VPOS="631" WIDTH="59" HEIGHT="33" CONTENT="the" WC="0.89" CC="030"/>
						<SP ID="P272_SP00083" HPOS="1113" VPOS="680" WIDTH="20"/>
						<String ID="P272_ST00095" HPOS="1133" VPOS="629" WIDTH="74" HEIGHT="34" CONTENT="leaf" WC="0.85" CC="0005"/>
						<SP ID="P272_SP00084" HPOS="1207" VPOS="680" WIDTH="19"/>
						<String ID="P272_ST00096" HPOS="1226" VPOS="628" WIDTH="117" HEIGHT="34" CONTENT="differs" WC="0.95" CC="0011000"/>
						<SP ID="P272_SP00085" HPOS="1343" VPOS="680" WIDTH="27"/>
						<String ID="P272_ST00097" HPOS="1370" VPOS="626" WIDTH="193" HEIGHT="45" CONTENT="materially" WC="0.76" CC="0000360336"/>
					</TextLine>
					<TextLine ID="P272_TL00011" HPOS="207" VPOS="683" WIDTH="1356" HEIGHT="52">
						<String ID="P272_ST00098" HPOS="207" VPOS="690" WIDTH="89" HEIGHT="35" CONTENT="from" WC="0.83" CC="4002"/>
						<SP ID="P272_SP00086" HPOS="296" VPOS="725" WIDTH="18"/>
						<String ID="P272_ST00099" HPOS="314" VPOS="691" WIDTH="73" HEIGHT="33" CONTENT="that" WC="0.76" CC="0260"/>
						<SP ID="P272_SP00087" HPOS="387" VPOS="725" WIDTH="18"/>
						<String ID="P272_ST00100" HPOS="405" VPOS="688" WIDTH="185" HEIGHT="47" CONTENT="employed" WC="0.67" CC="01504806"/>
						<SP ID="P272_SP00088" HPOS="590" VPOS="735" WIDTH="18"/>
						<String ID="P272_ST00101" HPOS="608" VPOS="689" WIDTH="33" HEIGHT="32" CONTENT="in" WC="0.44" CC="46"/>
						<SP ID="P272_SP00089" HPOS="641" VPOS="735" WIDTH="20"/>
						<String ID="P272_ST00102" HPOS="661" VPOS="688" WIDTH="68" HEIGHT="33" CONTENT="Rio" WC="0.52" CC="742"/>
						<SP ID="P272_SP00090" HPOS="729" VPOS="735" WIDTH="17"/>
						<String ID="P272_ST00103" HPOS="746" VPOS="688" WIDTH="151" HEIGHT="40" CONTENT="Janeiro," WC="0.55" CC="08706705"/>
						<SP ID="P272_SP00091" HPOS="897" VPOS="735" WIDTH="18"/>
						<String ID="P272_ST00104" HPOS="915" VPOS="687" WIDTH="68" HEIGHT="34" CONTENT="and" WC="0.47" CC="177"/>
						<SP ID="P272_SP00092" HPOS="983" VPOS="735" WIDTH="25"/>
						<String ID="P272_ST00105" HPOS="1008" VPOS="687" WIDTH="113" HEIGHT="33" CONTENT="which" WC="0.74" CC="01703"/>
						<SP ID="P272_SP00093" HPOS="1121" VPOS="735" WIDTH="22"/>
						<String ID="P272_ST00106" HPOS="1143" VPOS="698" WIDTH="144" HEIGHT="33" CONTENT="appears" WC="0.68" CC="5450320"/>
						<SP ID="P272_SP00094" HPOS="1287" VPOS="735" WIDTH="23"/>
						<String ID="P272_ST00107" HPOS="1310" VPOS="690" WIDTH="38" HEIGHT="27" CONTENT="to" WC="0.88" CC="02"/>
						<SP ID="P272_SP00095" HPOS="1348" VPOS="735" WIDTH="24"/>
						<String ID="P272_ST00108" HPOS="1372" VPOS="684" WIDTH="44" HEIGHT="34" CONTENT="be" WC="1.00" CC="00"/>
						<SP ID="P272_SP00096" HPOS="1416" VPOS="735" WIDTH="28"/>
						<String ID="P272_ST00109" HPOS="1444" VPOS="683" WIDTH="119" HEIGHT="46" CONTENT="nearly" WC="0.82" CC="000107"/>
					</TextLine>
					<TextLine ID="P272_TL00012" HPOS="209" VPOS="742" WIDTH="1355" HEIGHT="49">
						<String ID="P272_ST00110" HPOS="209" VPOS="748" WIDTH="60" HEIGHT="33" CONTENT="the" WC="0.83" CC="130"/>
						<SP ID="P272_SP00097" HPOS="269" VPOS="781" WIDTH="34"/>
						<String ID="P272_ST00111" HPOS="303" VPOS="759" WIDTH="92" HEIGHT="21" CONTENT="same" WC="0.86" CC="0500"/>
						<SP ID="P272_SP00098" HPOS="395" VPOS="781" WIDTH="30"/>
						<String ID="P272_ST00112" HPOS="425" VPOS="759" WIDTH="34" HEIGHT="21" CONTENT="as" WC="1.00" CC="00"/>
						<SP ID="P272_SP00099" HPOS="459" VPOS="781" WIDTH="27"/>
						<String ID="P272_ST00113" HPOS="486" VPOS="747" WIDTH="75" HEIGHT="32" CONTENT="that" WC="0.92" CC="0110"/>
						<SP ID="P272_SP00100" HPOS="561" VPOS="781" WIDTH="30"/>
						<String ID="P272_ST00114" HPOS="591" VPOS="745" WIDTH="40" HEIGHT="33" CONTENT="of" WC="0.93" CC="01"/>
						<SP ID="P272_SP00101" HPOS="631" VPOS="781" WIDTH="19"/>
						<String ID="P272_ST00115" HPOS="650" VPOS="745" WIDTH="120" HEIGHT="46" CONTENT="Japan," WC="0.61" CC="064650"/>
						<SP ID="P272_SP00102" HPOS="770" VPOS="791" WIDTH="35"/>
						<String ID="P272_ST00116" HPOS="805" VPOS="745" WIDTH="178" HEIGHT="34" CONTENT="described" WC="0.80" CC="003050503"/>
						<SP ID="P272_SP00103" HPOS="983" VPOS="791" WIDTH="25"/>
						<String ID="P272_ST00117" HPOS="1008" VPOS="746" WIDTH="45" HEIGHT="43" CONTENT="by" WC="0.58" CC="08"/>
						<SP ID="P272_SP00104" HPOS="1053" VPOS="791" WIDTH="20"/>
						<String ID="P272_ST00118" HPOS="1073" VPOS="742" WIDTH="163" HEIGHT="34" CONTENT="Kæmfer." WC="0.77" CC="0013036"/>
						<SP ID="P272_SP00105" HPOS="1236" VPOS="791" WIDTH="52"/>
						<String ID="P272_ST00119" HPOS="1288" VPOS="742" WIDTH="107" HEIGHT="33" CONTENT="From" WC="0.67" CC="8400"/>
						<SP ID="P272_SP00106" HPOS="1395" VPOS="791" WIDTH="23"/>
						<String ID="P272_ST00120" HPOS="1418" VPOS="753" WIDTH="146" HEIGHT="34" CONTENT="persons" WC="0.83" CC="4010005"/>
					</TextLine>
					<TextLine ID="P272_TL00013" HPOS="208" VPOS="799" WIDTH="1356" HEIGHT="50">
						<String ID="P272_ST00121" HPOS="208" VPOS="803" WIDTH="168" HEIGHT="46" CONTENT="perfectly" WC="0.76" CC="603300007"/>
						<SP ID="P272_SP00107" HPOS="376" VPOS="849" WIDTH="21"/>
						<String ID="P272_ST00122" HPOS="397" VPOS="808" WIDTH="203" HEIGHT="28" CONTENT="conversant" WC="0.81" CC="0520050050"/>
						<SP ID="P272_SP00108" HPOS="600" VPOS="849" WIDTH="24"/>
						<String ID="P272_ST00123" HPOS="624" VPOS="803" WIDTH="84" HEIGHT="33" CONTENT="with" WC="0.78" CC="0034"/>
						<SP ID="P272_SP00109" HPOS="708" VPOS="849" WIDTH="25"/>
						<String ID="P272_ST00124" HPOS="733" VPOS="803" WIDTH="60" HEIGHT="33" CONTENT="the" WC="0.84" CC="040"/>
						<SP ID="P272_SP00110" HPOS="793" VPOS="849" WIDTH="20"/>
						<String ID="P272_ST00125" HPOS="813" VPOS="803" WIDTH="148" HEIGHT="32" CONTENT="Chinese" WC="0.77" CC="7170000"/>
						<SP ID="P272_SP00111" HPOS="961" VPOS="849" WIDTH="26"/>
						<String ID="P272_ST00126" HPOS="987" VPOS="800" WIDTH="156" HEIGHT="39" CONTENT="method," WC="0.76" CC="3001244"/>
						<SP ID="P272_SP00112" HPOS="1143" VPOS="849" WIDTH="32"/>
						<String ID="P272_ST00127" HPOS="1175" VPOS="800" WIDTH="16" HEIGHT="33" CONTENT="I" WC="1.00" CC="0"/>
						<SP ID="P272_SP00113" HPOS="1191" VPOS="849" WIDTH="17"/>
						<String ID="P272_ST00128" HPOS="1208" VPOS="800" WIDTH="112" HEIGHT="33" CONTENT="learnt" WC="0.84" CC="002510"/>
						<SP ID="P272_SP00114" HPOS="1320" VPOS="849" WIDTH="27"/>
						<String ID="P272_ST00129" HPOS="1347" VPOS="799" WIDTH="76" HEIGHT="33" CONTENT="that" WC="0.62" CC="6061"/>
						<SP ID="P272_SP00115" HPOS="1423" VPOS="849" WIDTH="29"/>
						<String ID="P272_ST00130" HPOS="1452" VPOS="799" WIDTH="112" HEIGHT="34" CONTENT="either" WC="0.88" CC="000006"/>
					</TextLine>
					<TextLine ID="P272_TL00014" HPOS="208" VPOS="857" WIDTH="1354" HEIGHT="47">
						<String ID="P272_ST00131" HPOS="208" VPOS="860" WIDTH="41" HEIGHT="33" CONTENT="of" WC="0.59" CC="34"/>
						<SP ID="P272_SP00116" HPOS="249" VPOS="893" WIDTH="22"/>
						<String ID="P272_ST00132" HPOS="271" VPOS="861" WIDTH="61" HEIGHT="32" CONTENT="the" WC="0.82" CC="500"/>
						<SP ID="P272_SP00117" HPOS="332" VPOS="893" WIDTH="26"/>
						<String ID="P272_ST00133" HPOS="358" VPOS="866" WIDTH="68" HEIGHT="26" CONTENT="two" WC="0.71" CC="503"/>
						<SP ID="P272_SP00118" HPOS="426" VPOS="893" WIDTH="27"/>
						<String ID="P272_ST00134" HPOS="453" VPOS="860" WIDTH="112" HEIGHT="44" CONTENT="plants" WC="0.72" CC="400324"/>
						<SP ID="P272_SP00119" HPOS="565" VPOS="904" WIDTH="28"/>
						<String ID="P272_ST00135" HPOS="593" VPOS="858" WIDTH="69" HEIGHT="33" CONTENT="will" WC="0.82" CC="7000"/>
						<SP ID="P272_SP00120" HPOS="662" VPOS="904" WIDTH="28"/>
						<String ID="P272_ST00136" HPOS="690" VPOS="859" WIDTH="107" HEIGHT="32" CONTENT="afford" WC="0.73" CC="700043"/>
						<SP ID="P272_SP00121" HPOS="797" VPOS="904" WIDTH="30"/>
						<String ID="P272_ST00137" HPOS="827" VPOS="859" WIDTH="59" HEIGHT="32" CONTENT="the" WC="1.00" CC="000"/>
						<SP ID="P272_SP00122" HPOS="886" VPOS="904" WIDTH="22"/>
						<String ID="P272_ST00138" HPOS="908" VPOS="858" WIDTH="98" HEIGHT="33" CONTENT="black" WC="0.79" CC="02601"/>
						<SP ID="P272_SP00123" HPOS="1006" VPOS="904" WIDTH="19"/>
						<String ID="P272_ST00139" HPOS="1025" VPOS="870" WIDTH="39" HEIGHT="21" CONTENT="or" WC="0.48" CC="46"/>
						<SP ID="P272_SP00124" HPOS="1064" VPOS="904" WIDTH="16"/>
						<String ID="P272_ST00140" HPOS="1080" VPOS="870" WIDTH="107" HEIGHT="33" CONTENT="green" WC="0.82" CC="10024"/>
						<SP ID="P272_SP00125" HPOS="1187" VPOS="904" WIDTH="25"/>
						<String ID="P272_ST00141" HPOS="1212" VPOS="863" WIDTH="57" HEIGHT="28" CONTENT="tea" WC="0.65" CC="207"/>
						<SP ID="P272_SP00126" HPOS="1269" VPOS="904" WIDTH="24"/>
						<String ID="P272_ST00142" HPOS="1293" VPOS="857" WIDTH="42" HEIGHT="34" CONTENT="of" WC="0.48" CC="27"/>
						<SP ID="P272_SP00127" HPOS="1335" VPOS="904" WIDTH="20"/>
						<String ID="P272_ST00143" HPOS="1355" VPOS="857" WIDTH="61" HEIGHT="33" CONTENT="the" WC="0.73" CC="080"/>
						<SP ID="P272_SP00128" HPOS="1416" VPOS="904" WIDTH="19"/>
						<String ID="P272_ST00144" HPOS="1435" VPOS="857" WIDTH="105" HEIGHT="45" CONTENT="shops" WC="0.77" CC="06050"/>
						<SP ID="P272_SP00129" HPOS="1540" VPOS="904" WIDTH="14"/>
						<String ID="P272_ST00145" HPOS="1554" VPOS="872" WIDTH="8" HEIGHT="25" CONTENT=";" WC="0.30" CC="6"/>
					</TextLine>
					<TextLine ID="P272_TL00015" HPOS="210" VPOS="913" WIDTH="1353" HEIGHT="47">
						<String ID="P272_ST00146" HPOS="210" VPOS="918" WIDTH="61" HEIGHT="32" CONTENT="but" WC="0.95" CC="100"/>
						<SP ID="P272_SP00130" HPOS="271" VPOS="950" WIDTH="28"/>
						<String ID="P272_ST00147" HPOS="299" VPOS="916" WIDTH="74" HEIGHT="33" CONTENT="that" WC="0.97" CC="0100"/>
						<SP ID="P272_SP00131" HPOS="373" VPOS="950" WIDTH="33"/>
						<String ID="P272_ST00148" HPOS="406" VPOS="916" WIDTH="60" HEIGHT="32" CONTENT="the" WC="0.96" CC="010"/>
						<SP ID="P272_SP00132" HPOS="466" VPOS="950" WIDTH="25"/>
						<String ID="P272_ST00149" HPOS="491" VPOS="914" WIDTH="107" HEIGHT="34" CONTENT="broad" WC="0.90" CC="00102"/>
						<SP ID="P272_SP00133" HPOS="598" VPOS="950" WIDTH="26"/>
						<String ID="P272_ST00150" HPOS="624" VPOS="914" WIDTH="213" HEIGHT="33" CONTENT="thin-leaved" WC="0.82" CC="02052405000"/>
						<SP ID="P272_SP00134" HPOS="837" VPOS="950" WIDTH="27"/>
						<String ID="P272_ST00151" HPOS="864" VPOS="914" WIDTH="97" HEIGHT="46" CONTENT="plant" WC="0.47" CC="65581"/>
						<SP ID="P272_SP00135" HPOS="961" VPOS="960" WIDTH="33"/>
						<String ID="P272_ST00152" HPOS="994" VPOS="914" WIDTH="28" HEIGHT="33" CONTENT="is" WC="0.93" CC="10"/>
						<SP ID="P272_SP00136" HPOS="1022" VPOS="960" WIDTH="33"/>
						<String ID="P272_ST00153" HPOS="1055" VPOS="914" WIDTH="176" HEIGHT="46" CONTENT="preferred" WC="0.59" CC="620708208"/>
						<SP ID="P272_SP00137" HPOS="1231" VPOS="960" WIDTH="24"/>
						<String ID="P272_ST00154" HPOS="1255" VPOS="913" WIDTH="53" HEIGHT="34" CONTENT="for" WC="0.57" CC="507"/>
						<SP ID="P272_SP00138" HPOS="1308" VPOS="960" WIDTH="24"/>
						<String ID="P272_ST00155" HPOS="1332" VPOS="914" WIDTH="144" HEIGHT="45" CONTENT="making" WC="0.60" CC="252533"/>
						<SP ID="P272_SP00139" HPOS="1476" VPOS="960" WIDTH="26"/>
						<String ID="P272_ST00156" HPOS="1502" VPOS="914" WIDTH="61" HEIGHT="33" CONTENT="the" WC="1.00" CC="000"/>
					</TextLine>
					<TextLine ID="P272_TL00016" HPOS="209" VPOS="971" WIDTH="1354" HEIGHT="47">
						<String ID="P272_ST00157" HPOS="209" VPOS="985" WIDTH="104" HEIGHT="33" CONTENT="green" WC="0.91" CC="04000"/>
						<SP ID="P272_SP00140" HPOS="313" VPOS="1018" WIDTH="28"/>
						<String ID="P272_ST00158" HPOS="341" VPOS="978" WIDTH="63" HEIGHT="27" CONTENT="tea." WC="1.00" CC="0000"/>
						<SP ID="P272_SP00141" HPOS="404" VPOS="1018" WIDTH="54"/>
						<String ID="P272_ST00159" HPOS="458" VPOS="972" WIDTH="51" HEIGHT="32" CONTENT="As" WC="0.74" CC="22"/>
						<SP ID="P272_SP00142" HPOS="509" VPOS="1018" WIDTH="25"/>
						<String ID="P272_ST00160" HPOS="534" VPOS="972" WIDTH="59" HEIGHT="32" CONTENT="the" WC="0.81" CC="050"/>
						<SP ID="P272_SP00143" HPOS="593" VPOS="1018" WIDTH="31"/>
						<String ID="P272_ST00161" HPOS="624" VPOS="971" WIDTH="117" HEIGHT="33" CONTENT="colour" WC="0.92" CC="000004"/>
						<SP ID="P272_SP00144" HPOS="741" VPOS="1018" WIDTH="30"/>
						<String ID="P272_ST00162" HPOS="771" VPOS="972" WIDTH="67" HEIGHT="33" CONTENT="and" WC="0.53" CC="634"/>
						<SP ID="P272_SP00145" HPOS="838" VPOS="1018" WIDTH="29"/>
						<String ID="P272_ST00163" HPOS="867" VPOS="971" WIDTH="130" HEIGHT="46" CONTENT="quality" WC="0.66" CC="2520508"/>
						<SP ID="P272_SP00146" HPOS="997" VPOS="1018" WIDTH="31"/>
						<String ID="P272_ST00164" HPOS="1028" VPOS="971" WIDTH="41" HEIGHT="33" CONTENT="of" WC="0.63" CC="34"/>
						<SP ID="P272_SP00147" HPOS="1069" VPOS="1018" WIDTH="22"/>
						<String ID="P272_ST00165" HPOS="1091" VPOS="971" WIDTH="60" HEIGHT="33" CONTENT="the" WC="0.99" CC="000"/>
						<SP ID="P272_SP00148" HPOS="1151" VPOS="1018" WIDTH="33"/>
						<String ID="P272_ST00166" HPOS="1184" VPOS="977" WIDTH="57" HEIGHT="28" CONTENT="tea" WC="0.80" CC="500"/>
						<SP ID="P272_SP00149" HPOS="1241" VPOS="1018" WIDTH="32"/>
						<String ID="P272_ST00167" HPOS="1273" VPOS="971" WIDTH="83" HEIGHT="34" CONTENT="does" WC="0.73" CC="6003"/>
						<SP ID="P272_SP00150" HPOS="1356" VPOS="1018" WIDTH="33"/>
						<String ID="P272_ST00168" HPOS="1389" VPOS="977" WIDTH="63" HEIGHT="27" CONTENT="not" WC="0.77" CC="510"/>
						<SP ID="P272_SP00151" HPOS="1452" VPOS="1018" WIDTH="25"/>
						<String ID="P272_ST00169" HPOS="1477" VPOS="971" WIDTH="86" HEIGHT="34" CONTENT="then" WC="1.00" CC="0000"/>
					</TextLine>
					<TextLine ID="P272_TL00017" HPOS="209" VPOS="1028" WIDTH="1355" HEIGHT="46">
						<String ID="P272_ST00170" HPOS="209" VPOS="1029" WIDTH="137" HEIGHT="45" CONTENT="depend" WC="0.65" CC="805070"/>
						<SP ID="P272_SP00152" HPOS="346" VPOS="1074" WIDTH="31"/>
						<String ID="P272_ST00171" HPOS="377" VPOS="1040" WIDTH="93" HEIGHT="33" CONTENT="upon" WC="0.72" CC="5500"/>
						<SP ID="P272_SP00153" HPOS="470" VPOS="1074" WIDTH="30"/>
						<String ID="P272_ST00172" HPOS="500" VPOS="1028" WIDTH="60" HEIGHT="33" CONTENT="the" WC="0.80" CC="050"/>
						<SP ID="P272_SP00154" HPOS="560" VPOS="1074" WIDTH="40"/>
						<String ID="P272_ST00173" HPOS="600" VPOS="1028" WIDTH="185" HEIGHT="33" CONTENT="difference" WC="0.85" CC="1022020005"/>
						<SP ID="P272_SP00155" HPOS="785" VPOS="1074" WIDTH="33"/>
						<String ID="P272_ST00174" HPOS="818" VPOS="1028" WIDTH="40" HEIGHT="33" CONTENT="of" WC="0.67" CC="06"/>
						<SP ID="P272_SP00156" HPOS="858" VPOS="1074" WIDTH="27"/>
						<String ID="P272_ST00175" HPOS="885" VPOS="1028" WIDTH="141" HEIGHT="45" CONTENT="species," WC="0.69" CC="66006005"/>
						<SP ID="P272_SP00157" HPOS="1026" VPOS="1074" WIDTH="27"/>
						<String ID="P272_ST00176" HPOS="1053" VPOS="1029" WIDTH="27" HEIGHT="32" CONTENT="it" WC="0.83" CC="30"/>
						<SP ID="P272_SP00158" HPOS="1080" VPOS="1074" WIDTH="25"/>
						<String ID="P272_ST00177" HPOS="1105" VPOS="1034" WIDTH="94" HEIGHT="28" CONTENT="must" WC="0.89" CC="0400"/>
						<SP ID="P272_SP00159" HPOS="1199" VPOS="1074" WIDTH="28"/>
						<String ID="P272_ST00178" HPOS="1227" VPOS="1028" WIDTH="88" HEIGHT="33" CONTENT="arise" WC="0.79" CC="60200"/>
						<SP ID="P272_SP00160" HPOS="1315" VPOS="1074" WIDTH="28"/>
						<String ID="P272_ST00179" HPOS="1343" VPOS="1028" WIDTH="91" HEIGHT="34" CONTENT="from" WC="0.62" CC="5810"/>
						<SP ID="P272_SP00161" HPOS="1434" VPOS="1074" WIDTH="31"/>
						<String ID="P272_ST00180" HPOS="1465" VPOS="1040" WIDTH="99" HEIGHT="22" CONTENT="some" WC="1.00" CC="0000"/>
					</TextLine>
					<TextLine ID="P272_TL00018" HPOS="207" VPOS="1084" WIDTH="1355" HEIGHT="48">
						<String ID="P272_ST00181" HPOS="207" VPOS="1086" WIDTH="202" HEIGHT="46" CONTENT="peculiarity" WC="0.66" CC="70000106487"/>
						<SP ID="P272_SP00162" HPOS="409" VPOS="1132" WIDTH="18"/>
						<String ID="P272_ST00182" HPOS="427" VPOS="1085" WIDTH="36" HEIGHT="33" CONTENT="in" WC="0.59" CC="34"/>
						<SP ID="P272_SP00163" HPOS="463" VPOS="1132" WIDTH="17"/>
						<String ID="P272_ST00183" HPOS="480" VPOS="1085" WIDTH="60" HEIGHT="33" CONTENT="the" WC="0.92" CC="020"/>
						<SP ID="P272_SP00164" HPOS="540" VPOS="1132" WIDTH="18"/>
						<String ID="P272_ST00184" HPOS="558" VPOS="1085" WIDTH="103" HEIGHT="33" CONTENT="mode" WC="0.77" CC="2330"/>
						<SP ID="P272_SP00165" HPOS="661" VPOS="1132" WIDTH="25"/>
						<String ID="P272_ST00185" HPOS="686" VPOS="1084" WIDTH="42" HEIGHT="33" CONTENT="of" WC="0.65" CC="24"/>
						<SP ID="P272_SP00166" HPOS="728" VPOS="1132" WIDTH="19"/>
						<String ID="P272_ST00186" HPOS="747" VPOS="1084" WIDTH="278" HEIGHT="46" CONTENT="manufacturing" WC="0.66" CC="8263040052063"/>
						<SP ID="P272_SP00167" HPOS="1025" VPOS="1132" WIDTH="16"/>
						<String ID="P272_ST00187" HPOS="1041" VPOS="1085" WIDTH="108" HEIGHT="33" CONTENT="them." WC="0.83" CC="43000"/>
						<SP ID="P272_SP00168" HPOS="1149" VPOS="1132" WIDTH="52"/>
						<String ID="P272_ST00188" HPOS="1201" VPOS="1085" WIDTH="138" HEIGHT="45" CONTENT="Drying" WC="0.55" CC="818044"/>
						<SP ID="P272_SP00169" HPOS="1339" VPOS="1132" WIDTH="25"/>
						<String ID="P272_ST00189" HPOS="1364" VPOS="1085" WIDTH="61" HEIGHT="33" CONTENT="the" WC="0.91" CC="020"/>
						<SP ID="P272_SP00170" HPOS="1425" VPOS="1132" WIDTH="22"/>
						<String ID="P272_ST00190" HPOS="1447" VPOS="1085" WIDTH="115" HEIGHT="34" CONTENT="leaves" WC="0.92" CC="000004"/>
					</TextLine>
					<TextLine ID="P272_TL00019" HPOS="210" VPOS="1140" WIDTH="1353" HEIGHT="47">
						<String ID="P272_ST00191" HPOS="210" VPOS="1142" WIDTH="40" HEIGHT="33" CONTENT="of" WC="0.65" CC="42"/>
						<SP ID="P272_SP00171" HPOS="250" VPOS="1175" WIDTH="18"/>
						<String ID="P272_ST00192" HPOS="268" VPOS="1142" WIDTH="60" HEIGHT="33" CONTENT="the" WC="0.86" CC="400"/>
						<SP ID="P272_SP00172" HPOS="328" VPOS="1175" WIDTH="25"/>
						<String ID="P272_ST00193" HPOS="353" VPOS="1154" WIDTH="104" HEIGHT="32" CONTENT="green" WC="0.76" CC="06005"/>
						<SP ID="P272_SP00173" HPOS="457" VPOS="1186" WIDTH="26"/>
						<String ID="P272_ST00194" HPOS="483" VPOS="1146" WIDTH="55" HEIGHT="28" CONTENT="tea" WC="0.91" CC="002"/>
						<SP ID="P272_SP00174" HPOS="538" VPOS="1186" WIDTH="25"/>
						<String ID="P272_ST00195" HPOS="563" VPOS="1140" WIDTH="34" HEIGHT="33" CONTENT="in" WC="0.78" CC="04"/>
						<SP ID="P272_SP00175" HPOS="597" VPOS="1186" WIDTH="26"/>
						<String ID="P272_ST00196" HPOS="623" VPOS="1140" WIDTH="125" HEIGHT="33" CONTENT="vessels" WC="0.77" CC="0024025"/>
						<SP ID="P272_SP00176" HPOS="748" VPOS="1186" WIDTH="18"/>
						<String ID="P272_ST00197" HPOS="766" VPOS="1140" WIDTH="41" HEIGHT="33" CONTENT="of" WC="0.73" CC="05"/>
						<SP ID="P272_SP00177" HPOS="807" VPOS="1186" WIDTH="19"/>
						<String ID="P272_ST00198" HPOS="826" VPOS="1153" WIDTH="128" HEIGHT="33" CONTENT="copper" WC="0.57" CC="735503"/>
						<SP ID="P272_SP00178" HPOS="954" VPOS="1186" WIDTH="17"/>
						<String ID="P272_ST00199" HPOS="971" VPOS="1141" WIDTH="61" HEIGHT="33" CONTENT="has" WC="0.72" CC="061"/>
						<SP ID="P272_SP00179" HPOS="1032" VPOS="1186" WIDTH="18"/>
						<String ID="P272_ST00200" HPOS="1050" VPOS="1143" WIDTH="87" HEIGHT="32" CONTENT="been" WC="0.64" CC="6008"/>
						<SP ID="P272_SP00180" HPOS="1137" VPOS="1186" WIDTH="21"/>
						<String ID="P272_ST00201" HPOS="1158" VPOS="1141" WIDTH="186" HEIGHT="46" CONTENT="supposed," WC="0.71" CC="007522070"/>
						<SP ID="P272_SP00181" HPOS="1344" VPOS="1187" WIDTH="24"/>
						<String ID="P272_ST00202" HPOS="1368" VPOS="1143" WIDTH="63" HEIGHT="32" CONTENT="but" WC="0.86" CC="004"/>
						<SP ID="P272_SP00182" HPOS="1431" VPOS="1187" WIDTH="26"/>
						<String ID="P272_ST00203" HPOS="1457" VPOS="1154" WIDTH="106" HEIGHT="33" CONTENT="appa" SUBS_TYPE="HypPart1" SUBS_CONTENT="apparently" WC="0.53" CC="37435"/>
						<HYP CONTENT="-"/>
					</TextLine>
					<TextLine ID="P272_TL00020" HPOS="208" VPOS="1195" WIDTH="1354" HEIGHT="47">
						<String ID="P272_ST00204" HPOS="208" VPOS="1198" WIDTH="113" HEIGHT="44" CONTENT="rently" SUBS_TYPE="HypPart2" SUBS_CONTENT="apparently" WC="0.56" CC="806047"/>
						<SP ID="P272_SP00183" HPOS="321" VPOS="1242" WIDTH="23"/>
						<String ID="P272_ST00205" HPOS="344" VPOS="1197" WIDTH="146" HEIGHT="32" CONTENT="Avithout" WC="0.80" CC="85000000"/>
						<SP ID="P272_SP00184" HPOS="490" VPOS="1242" WIDTH="24"/>
						<String ID="P272_ST00206" HPOS="514" VPOS="1195" WIDTH="215" HEIGHT="39" CONTENT="foundation," WC="0.76" CC="20050004084"/>
						<SP ID="P272_SP00185" HPOS="729" VPOS="1242" WIDTH="31"/>
						<String ID="P272_ST00207" HPOS="760" VPOS="1201" WIDTH="36" HEIGHT="27" CONTENT="to" WC="1.00" CC="00"/>
						<SP ID="P272_SP00186" HPOS="796" VPOS="1242" WIDTH="24"/>
						<String ID="P272_ST00208" HPOS="820" VPOS="1204" WIDTH="145" HEIGHT="26" CONTENT="account" WC="0.88" CC="0001070"/>
						<SP ID="P272_SP00187" HPOS="965" VPOS="1242" WIDTH="23"/>
						<String ID="P272_ST00209" HPOS="988" VPOS="1197" WIDTH="52" HEIGHT="33" CONTENT="for" WC="0.65" CC="504"/>
						<SP ID="P272_SP00188" HPOS="1040" VPOS="1242" WIDTH="28"/>
						<String ID="P272_ST00210" HPOS="1068" VPOS="1198" WIDTH="60" HEIGHT="32" CONTENT="the" WC="0.65" CC="460"/>
						<SP ID="P272_SP00189" HPOS="1128" VPOS="1242" WIDTH="31"/>
						<String ID="P272_ST00211" HPOS="1159" VPOS="1198" WIDTH="187" HEIGHT="33" CONTENT="difference" WC="0.80" CC="0711020700"/>
						<SP ID="P272_SP00190" HPOS="1346" VPOS="1242" WIDTH="24"/>
						<String ID="P272_ST00212" HPOS="1370" VPOS="1198" WIDTH="36" HEIGHT="33" CONTENT="in" WC="0.55" CC="07"/>
						<SP ID="P272_SP00191" HPOS="1406" VPOS="1242" WIDTH="27"/>
						<String ID="P272_ST00213" HPOS="1433" VPOS="1198" WIDTH="129" HEIGHT="34" CONTENT="colour." WC="0.87" CC="0400040"/>
					</TextLine>
					<TextLine ID="P272_TL00021" HPOS="210" VPOS="1252" WIDTH="1353" HEIGHT="48">
						<String ID="P272_ST00214" HPOS="210" VPOS="1254" WIDTH="160" HEIGHT="33" CONTENT="Without" WC="0.77" CC="2602030"/>
						<SP ID="P272_SP00192" HPOS="370" VPOS="1287" WIDTH="39"/>
						<String ID="P272_ST00215" HPOS="409" VPOS="1253" WIDTH="105" HEIGHT="45" CONTENT="going" WC="0.73" CC="14222"/>
						<SP ID="P272_SP00193" HPOS="514" VPOS="1298" WIDTH="42"/>
						<String ID="P272_ST00216" HPOS="556" VPOS="1252" WIDTH="73" HEIGHT="32" CONTENT="into" WC="0.76" CC="3230"/>
						<SP ID="P272_SP00194" HPOS="629" VPOS="1298" WIDTH="45"/>
						<String ID="P272_ST00217" HPOS="674" VPOS="1252" WIDTH="60" HEIGHT="32" CONTENT="the" WC="0.93" CC="200"/>
						<SP ID="P272_SP00195" HPOS="734" VPOS="1298" WIDTH="35"/>
						<String ID="P272_ST00218" HPOS="769" VPOS="1252" WIDTH="216" HEIGHT="45" CONTENT="supposition" WC="0.73" CC="03650100451"/>
						<SP ID="P272_SP00196" HPOS="985" VPOS="1298" WIDTH="34"/>
						<String ID="P272_ST00219" HPOS="1019" VPOS="1254" WIDTH="75" HEIGHT="32" CONTENT="that" WC="0.78" CC="0530"/>
						<SP ID="P272_SP00197" HPOS="1094" VPOS="1298" WIDTH="38"/>
						<String ID="P272_ST00220" HPOS="1132" VPOS="1267" WIDTH="67" HEIGHT="32" CONTENT="any" WC="0.60" CC="047"/>
						<SP ID="P272_SP00198" HPOS="1199" VPOS="1299" WIDTH="29"/>
						<String ID="P272_ST00221" HPOS="1228" VPOS="1255" WIDTH="101" HEIGHT="45" CONTENT="thing" WC="0.80" CC="01142"/>
						<SP ID="P272_SP00199" HPOS="1329" VPOS="1300" WIDTH="25"/>
						<String ID="P272_ST00222" HPOS="1354" VPOS="1261" WIDTH="209" HEIGHT="28" CONTENT="extraneous" WC="0.92" CC="0008000000"/>
					</TextLine>
					<TextLine ID="P272_TL00022" HPOS="210" VPOS="1308" WIDTH="1353" HEIGHT="49">
						<String ID="P272_ST00223" HPOS="210" VPOS="1322" WIDTH="39" HEIGHT="22" CONTENT="or" WC="0.70" CC="14"/>
						<SP ID="P272_SP00200" HPOS="249" VPOS="1344" WIDTH="24"/>
						<String ID="P272_ST00224" HPOS="273" VPOS="1309" WIDTH="206" HEIGHT="34" CONTENT="deleterious" WC="0.93" CC="00200000002"/>
						<SP ID="P272_SP00201" HPOS="479" VPOS="1344" WIDTH="26"/>
						<String ID="P272_ST00225" HPOS="505" VPOS="1309" WIDTH="27" HEIGHT="32" CONTENT="is" WC="0.54" CC="26"/>
						<SP ID="P272_SP00202" HPOS="532" VPOS="1344" WIDTH="34"/>
						<String ID="P272_ST00226" HPOS="566" VPOS="1308" WIDTH="95" HEIGHT="38" CONTENT="used," WC="0.79" CC="10026"/>
						<SP ID="P272_SP00203" HPOS="661" VPOS="1346" WIDTH="25"/>
						<String ID="P272_ST00227" HPOS="686" VPOS="1309" WIDTH="86" HEIGHT="33" CONTENT="both" WC="0.82" CC="0033"/>
						<SP ID="P272_SP00204" HPOS="772" VPOS="1346" WIDTH="25"/>
						<String ID="P272_ST00228" HPOS="797" VPOS="1309" WIDTH="185" HEIGHT="34" CONTENT="difference" WC="0.80" CC="0044000730"/>
						<SP ID="P272_SP00205" HPOS="982" VPOS="1346" WIDTH="34"/>
						<String ID="P272_ST00229" HPOS="1016" VPOS="1310" WIDTH="41" HEIGHT="33" CONTENT="of" WC="0.51" CC="36"/>
						<SP ID="P272_SP00206" HPOS="1057" VPOS="1346" WIDTH="28"/>
						<String ID="P272_ST00230" HPOS="1085" VPOS="1311" WIDTH="118" HEIGHT="33" CONTENT="colour" WC="0.91" CC="003000"/>
						<SP ID="P272_SP00207" HPOS="1203" VPOS="1346" WIDTH="27"/>
						<String ID="P272_ST00231" HPOS="1230" VPOS="1311" WIDTH="68" HEIGHT="33" CONTENT="and" WC="0.56" CC="660"/>
						<SP ID="P272_SP00208" HPOS="1298" VPOS="1346" WIDTH="30"/>
						<String ID="P272_ST00232" HPOS="1328" VPOS="1311" WIDTH="132" HEIGHT="45" CONTENT="quality" WC="0.59" CC="0267057"/>
						<SP ID="P272_SP00209" HPOS="1460" VPOS="1356" WIDTH="21"/>
						<String ID="P272_ST00233" HPOS="1481" VPOS="1324" WIDTH="82" HEIGHT="33" CONTENT="may" WC="0.42" CC="844"/>
					</TextLine>
					<TextLine ID="P272_TL00023" HPOS="210" VPOS="1364" WIDTH="1354" HEIGHT="48">
						<String ID="P272_ST00234" HPOS="210" VPOS="1366" WIDTH="149" HEIGHT="46" CONTENT="perhaps" WC="0.76" CC="6030060"/>
						<SP ID="P272_SP00210" HPOS="359" VPOS="1412" WIDTH="33"/>
						<String ID="P272_ST00235" HPOS="392" VPOS="1366" WIDTH="43" HEIGHT="33" CONTENT="be" WC="1.00" CC="00"/>
						<SP ID="P272_SP00211" HPOS="435" VPOS="1412" WIDTH="34"/>
						<String ID="P272_ST00236" HPOS="469" VPOS="1364" WIDTH="194" HEIGHT="46" CONTENT="explained," WC="0.77" CC="0066310005"/>
						<SP ID="P272_SP00212" HPOS="663" VPOS="1412" WIDTH="24"/>
						<String ID="P272_ST00237" HPOS="687" VPOS="1365" WIDTH="46" HEIGHT="44" CONTENT="by" WC="0.44" CC="38"/>
						<SP ID="P272_SP00213" HPOS="733" VPOS="1412" WIDTH="30"/>
						<String ID="P272_ST00238" HPOS="763" VPOS="1366" WIDTH="218" HEIGHT="45" CONTENT="considering" WC="0.72" CC="00552108042"/>
						<SP ID="P272_SP00214" HPOS="981" VPOS="1412" WIDTH="34"/>
						<String ID="P272_ST00239" HPOS="1015" VPOS="1379" WIDTH="67" HEIGHT="21" CONTENT="one" WC="0.74" CC="070"/>
						<SP ID="P272_SP00215" HPOS="1082" VPOS="1412" WIDTH="27"/>
						<String ID="P272_ST00240" HPOS="1109" VPOS="1367" WIDTH="41" HEIGHT="33" CONTENT="of" WC="0.38" CC="57"/>
						<SP ID="P272_SP00216" HPOS="1150" VPOS="1412" WIDTH="19"/>
						<String ID="P272_ST00241" HPOS="1169" VPOS="1368" WIDTH="60" HEIGHT="33" CONTENT="the" WC="0.81" CC="050"/>
						<SP ID="P272_SP00217" HPOS="1229" VPOS="1412" WIDTH="33"/>
						<String ID="P272_ST00242" HPOS="1262" VPOS="1367" WIDTH="128" HEIGHT="35" CONTENT="known" WC="0.53" CC="05636"/>
						<SP ID="P272_SP00218" HPOS="1390" VPOS="1412" WIDTH="27"/>
						<String ID="P272_ST00243" HPOS="1417" VPOS="1369" WIDTH="147" HEIGHT="33" CONTENT="circum" SUBS_TYPE="HypPart1" SUBS_CONTENT="circumstances" WC="0.90" CC="0020003"/>
						<HYP CONTENT="-"/>
					</TextLine>
					<TextLine ID="P272_TL00024" HPOS="209" VPOS="1421" WIDTH="1359" HEIGHT="49">
						<String ID="P272_ST00244" HPOS="209" VPOS="1429" WIDTH="132" HEIGHT="27" CONTENT="stances" SUBS_TYPE="HypPart2" SUBS_CONTENT="circumstances" WC="0.75" CC="4023006"/>
						<SP ID="P272_SP00219" HPOS="341" VPOS="1456" WIDTH="18"/>
						<String ID="P272_ST00245" HPOS="359" VPOS="1421" WIDTH="179" HEIGHT="45" CONTENT="attending" WC="0.83" CC="000080042"/>
						<SP ID="P272_SP00220" HPOS="538" VPOS="1466" WIDTH="26"/>
						<String ID="P272_ST00246" HPOS="564" VPOS="1421" WIDTH="41" HEIGHT="33" CONTENT="its" WC="0.63" CC="505"/>
						<SP ID="P272_SP00221" HPOS="605" VPOS="1466" WIDTH="26"/>
						<String ID="P272_ST00247" HPOS="631" VPOS="1421" WIDTH="218" HEIGHT="45" CONTENT="preparation" WC="0.73" CC="30061400156"/>
						<SP ID="P272_SP00222" HPOS="849" VPOS="1466" WIDTH="15"/>
						<String ID="P272_ST00248" HPOS="864" VPOS="1437" WIDTH="9" HEIGHT="25" CONTENT=";" WC="0.44" CC="5"/>
						<SP ID="P272_SP00223" HPOS="873" VPOS="1466" WIDTH="26"/>
						<String ID="P272_ST00249" HPOS="899" VPOS="1424" WIDTH="149" HEIGHT="45" CONTENT="namely," WC="0.73" CC="3200066"/>
						<SP ID="P272_SP00224" HPOS="1048" VPOS="1469" WIDTH="28"/>
						<String ID="P272_ST00250" HPOS="1076" VPOS="1424" WIDTH="60" HEIGHT="33" CONTENT="the" WC="1.00" CC="000"/>
						<SP ID="P272_SP00225" HPOS="1136" VPOS="1469" WIDTH="22"/>
						<String ID="P272_ST00251" HPOS="1158" VPOS="1424" WIDTH="68" HEIGHT="33" CONTENT="due" WC="0.56" CC="570"/>
						<SP ID="P272_SP00226" HPOS="1226" VPOS="1469" WIDTH="29"/>
						<String ID="P272_ST00252" HPOS="1255" VPOS="1432" WIDTH="249" HEIGHT="38" CONTENT="management" WC="0.68" CC="6283206000"/>
						<SP ID="P272_SP00227" HPOS="1504" VPOS="1470" WIDTH="23"/>
						<String ID="P272_ST00253" HPOS="1527" VPOS="1426" WIDTH="41" HEIGHT="34" CONTENT="of" WC="0.84" CC="11"/>
					</TextLine>
					<TextLine ID="P272_TL00025" HPOS="207" VPOS="1477" WIDTH="1356" HEIGHT="46">
						<String ID="P272_ST00254" HPOS="207" VPOS="1479" WIDTH="61" HEIGHT="33" CONTENT="the" WC="0.99" CC="000"/>
						<SP ID="P272_SP00228" HPOS="268" VPOS="1512" WIDTH="25"/>
						<String ID="P272_ST00255" HPOS="293" VPOS="1479" WIDTH="80" HEIGHT="32" CONTENT="heat" WC="1.00" CC="0000"/>
						<SP ID="P272_SP00229" HPOS="373" VPOS="1512" WIDTH="22"/>
						<String ID="P272_ST00256" HPOS="395" VPOS="1477" WIDTH="85" HEIGHT="33" CONTENT="used" WC="0.70" CC="0506"/>
						<SP ID="P272_SP00230" HPOS="480" VPOS="1512" WIDTH="17"/>
						<String ID="P272_ST00257" HPOS="497" VPOS="1477" WIDTH="34" HEIGHT="33" CONTENT="in" WC="0.94" CC="10"/>
						<SP ID="P272_SP00231" HPOS="531" VPOS="1512" WIDTH="19"/>
						<String ID="P272_ST00258" HPOS="550" VPOS="1477" WIDTH="122" HEIGHT="45" CONTENT="drying" WC="0.70" CC="280060"/>
						<SP ID="P272_SP00232" HPOS="672" VPOS="1522" WIDTH="17"/>
						<String ID="P272_ST00259" HPOS="689" VPOS="1478" WIDTH="60" HEIGHT="33" CONTENT="the" WC="0.83" CC="050"/>
						<SP ID="P272_SP00233" HPOS="749" VPOS="1522" WIDTH="17"/>
						<String ID="P272_ST00260" HPOS="766" VPOS="1478" WIDTH="105" HEIGHT="45" CONTENT="plant." WC="0.77" CC="700600"/>
						<SP ID="P272_SP00234" HPOS="871" VPOS="1523" WIDTH="52"/>
						<String ID="P272_ST00261" HPOS="923" VPOS="1479" WIDTH="114" HEIGHT="34" CONTENT="There" WC="0.83" CC="04030"/>
						<SP ID="P272_SP00235" HPOS="1037" VPOS="1523" WIDTH="26"/>
						<String ID="P272_ST00262" HPOS="1063" VPOS="1493" WIDTH="62" HEIGHT="19" CONTENT="can" WC="0.66" CC="017"/>
						<SP ID="P272_SP00236" HPOS="1125" VPOS="1523" WIDTH="25"/>
						<String ID="P272_ST00263" HPOS="1150" VPOS="1481" WIDTH="44" HEIGHT="32" CONTENT="be" WC="1.00" CC="00"/>
						<SP ID="P272_SP00237" HPOS="1194" VPOS="1523" WIDTH="29"/>
						<String ID="P272_ST00264" HPOS="1223" VPOS="1480" WIDTH="91" HEIGHT="34" CONTENT="little" WC="0.79" CC="050060"/>
						<SP ID="P272_SP00238" HPOS="1314" VPOS="1523" WIDTH="26"/>
						<String ID="P272_ST00265" HPOS="1340" VPOS="1481" WIDTH="121" HEIGHT="40" CONTENT="doubt," WC="0.83" CC="300007"/>
						<SP ID="P272_SP00239" HPOS="1461" VPOS="1523" WIDTH="25"/>
						<String ID="P272_ST00266" HPOS="1486" VPOS="1482" WIDTH="77" HEIGHT="34" CONTENT="that" WC="0.70" CC="8030"/>
					</TextLine>
					<TextLine ID="P272_TL00026" HPOS="210" VPOS="1534" WIDTH="1354" HEIGHT="47">
						<String ID="P272_ST00267" HPOS="210" VPOS="1548" WIDTH="19" HEIGHT="20" CONTENT="a" WC="0.54" CC="4"/>
						<SP ID="P272_SP00240" HPOS="229" VPOS="1568" WIDTH="15"/>
						<String ID="P272_ST00268" HPOS="244" VPOS="1534" WIDTH="73" HEIGHT="34" CONTENT="leaf" WC="0.88" CC="2020"/>
						<SP ID="P272_SP00241" HPOS="317" VPOS="1568" WIDTH="20"/>
						<String ID="P272_ST00269" HPOS="337" VPOS="1534" WIDTH="97" HEIGHT="33" CONTENT="dried" WC="0.68" CC="62007"/>
						<SP ID="P272_SP00242" HPOS="434" VPOS="1568" WIDTH="24"/>
						<String ID="P272_ST00270" HPOS="458" VPOS="1540" WIDTH="34" HEIGHT="27" CONTENT="at" WC="0.87" CC="20"/>
						<SP ID="P272_SP00243" HPOS="492" VPOS="1568" WIDTH="17"/>
						<String ID="P272_ST00271" HPOS="509" VPOS="1546" WIDTH="20" HEIGHT="20" CONTENT="a" WC="0.69" CC="3"/>
						<SP ID="P272_SP00244" HPOS="529" VPOS="1568" WIDTH="15"/>
						<String ID="P272_ST00272" HPOS="544" VPOS="1534" WIDTH="66" HEIGHT="32" CONTENT="low" WC="1.00" CC="000"/>
						<SP ID="P272_SP00245" HPOS="610" VPOS="1568" WIDTH="17"/>
						<String ID="P272_ST00273" HPOS="627" VPOS="1535" WIDTH="80" HEIGHT="32" CONTENT="heat" WC="0.90" CC="3000"/>
						<SP ID="P272_SP00246" HPOS="707" VPOS="1568" WIDTH="20"/>
						<String ID="P272_ST00274" HPOS="727" VPOS="1535" WIDTH="69" HEIGHT="32" CONTENT="Avill" WC="0.65" CC="84120"/>
						<SP ID="P272_SP00247" HPOS="796" VPOS="1568" WIDTH="25"/>
						<String ID="P272_ST00275" HPOS="821" VPOS="1536" WIDTH="107" HEIGHT="33" CONTENT="retain" WC="0.68" CC="700056"/>
						<SP ID="P272_SP00248" HPOS="928" VPOS="1569" WIDTH="19"/>
						<String ID="P272_ST00276" HPOS="947" VPOS="1548" WIDTH="97" HEIGHT="22" CONTENT="more" WC="0.78" CC="4040"/>
						<SP ID="P272_SP00249" HPOS="1044" VPOS="1570" WIDTH="17"/>
						<String ID="P272_ST00277" HPOS="1061" VPOS="1536" WIDTH="42" HEIGHT="33" CONTENT="of" WC="0.67" CC="24"/>
						<SP ID="P272_SP00250" HPOS="1103" VPOS="1570" WIDTH="17"/>
						<String ID="P272_ST00278" HPOS="1120" VPOS="1536" WIDTH="43" HEIGHT="33" CONTENT="its" WC="0.85" CC="201"/>
						<SP ID="P272_SP00251" HPOS="1163" VPOS="1570" WIDTH="18"/>
						<String ID="P272_ST00279" HPOS="1181" VPOS="1537" WIDTH="146" HEIGHT="44" CONTENT="original" WC="0.71" CC="11016750"/>
						<SP ID="P272_SP00252" HPOS="1327" VPOS="1581" WIDTH="19"/>
						<String ID="P272_ST00280" HPOS="1346" VPOS="1537" WIDTH="119" HEIGHT="35" CONTENT="colour" WC="0.88" CC="005001"/>
						<SP ID="P272_SP00253" HPOS="1465" VPOS="1581" WIDTH="30"/>
						<String ID="P272_ST00281" HPOS="1495" VPOS="1540" WIDTH="69" HEIGHT="33" CONTENT="and" WC="0.72" CC="411"/>
					</TextLine>
					<TextLine ID="P272_TL00027" HPOS="210" VPOS="1590" WIDTH="1353" HEIGHT="46">
						<String ID="P272_ST00282" HPOS="210" VPOS="1603" WIDTH="96" HEIGHT="21" CONTENT="more" WC="0.85" CC="0050"/>
						<SP ID="P272_SP00254" HPOS="306" VPOS="1624" WIDTH="27"/>
						<String ID="P272_ST00283" HPOS="333" VPOS="1590" WIDTH="41" HEIGHT="32" CONTENT="of" WC="0.69" CC="14"/>
						<SP ID="P272_SP00255" HPOS="374" VPOS="1624" WIDTH="23"/>
						<String ID="P272_ST00284" HPOS="397" VPOS="1590" WIDTH="41" HEIGHT="32" CONTENT="its" WC="0.79" CC="004"/>
						<SP ID="P272_SP00256" HPOS="438" VPOS="1624" WIDTH="33"/>
						<String ID="P272_ST00285" HPOS="471" VPOS="1590" WIDTH="151" HEIGHT="45" CONTENT="peculiar" WC="0.72" CC="80036003"/>
						<SP ID="P272_SP00257" HPOS="622" VPOS="1635" WIDTH="35"/>
						<String ID="P272_ST00286" HPOS="657" VPOS="1592" WIDTH="155" HEIGHT="44" CONTENT="qualities" WC="0.64" CC="154420733"/>
						<SP ID="P272_SP00258" HPOS="812" VPOS="1636" WIDTH="39"/>
						<String ID="P272_ST00287" HPOS="851" VPOS="1593" WIDTH="83" HEIGHT="32" CONTENT="than" WC="0.56" CC="0647"/>
						<SP ID="P272_SP00259" HPOS="934" VPOS="1636" WIDTH="30"/>
						<String ID="P272_ST00288" HPOS="964" VPOS="1604" WIDTH="67" HEIGHT="21" CONTENT="one" WC="0.95" CC="010"/>
						<SP ID="P272_SP00260" HPOS="1031" VPOS="1636" WIDTH="29"/>
						<String ID="P272_ST00289" HPOS="1060" VPOS="1593" WIDTH="73" HEIGHT="32" CONTENT="that" WC="0.87" CC="0013"/>
						<SP ID="P272_SP00261" HPOS="1133" VPOS="1636" WIDTH="27"/>
						<String ID="P272_ST00290" HPOS="1160" VPOS="1593" WIDTH="61" HEIGHT="32" CONTENT="has" WC="0.97" CC="000"/>
						<SP ID="P272_SP00262" HPOS="1221" VPOS="1636" WIDTH="27"/>
						<String ID="P272_ST00291" HPOS="1248" VPOS="1593" WIDTH="150" HEIGHT="33" CONTENT="suffered" WC="0.77" CC="44000503"/>
						<SP ID="P272_SP00263" HPOS="1398" VPOS="1636" WIDTH="33"/>
						<String ID="P272_ST00292" HPOS="1431" VPOS="1608" WIDTH="20" HEIGHT="19" CONTENT="a" WC="0.58" CC="4"/>
						<SP ID="P272_SP00264" HPOS="1451" VPOS="1636" WIDTH="26"/>
						<String ID="P272_ST00293" HPOS="1477" VPOS="1595" WIDTH="86" HEIGHT="34" CONTENT="hio*h" WC="0.65" CC="31470"/>
					</TextLine>
					<TextLine ID="P272_TL00028" HPOS="210" VPOS="1646" WIDTH="1353" HEIGHT="51">
						<String ID="P272_ST00294" HPOS="210" VPOS="1652" WIDTH="240" HEIGHT="40" CONTENT="temperature." WC="0.91" CC="000306000000"/>
						<SP ID="P272_SP00265" HPOS="450" VPOS="1692" WIDTH="55"/>
						<String ID="P272_ST00295" HPOS="505" VPOS="1646" WIDTH="206" HEIGHT="46" CONTENT="Supposing," WC="0.67" CC="6066050620"/>
						<SP ID="P272_SP00266" HPOS="711" VPOS="1692" WIDTH="26"/>
						<String ID="P272_ST00296" HPOS="737" VPOS="1648" WIDTH="181" HEIGHT="38" CONTENT="therefore," WC="0.70" CC="0008082207"/>
						<SP ID="P272_SP00267" HPOS="918" VPOS="1692" WIDTH="27"/>
						<String ID="P272_ST00297" HPOS="945" VPOS="1648" WIDTH="59" HEIGHT="33" CONTENT="the" WC="1.00" CC="000"/>
						<SP ID="P272_SP00268" HPOS="1004" VPOS="1692" WIDTH="25"/>
						<String ID="P272_ST00298" HPOS="1029" VPOS="1648" WIDTH="113" HEIGHT="33" CONTENT="leaves" WC="0.83" CC="100700"/>
						<SP ID="P272_SP00269" HPOS="1142" VPOS="1692" WIDTH="26"/>
						<String ID="P272_ST00299" HPOS="1168" VPOS="1648" WIDTH="41" HEIGHT="33" CONTENT="of" WC="0.67" CC="06"/>
						<SP ID="P272_SP00270" HPOS="1209" VPOS="1692" WIDTH="21"/>
						<String ID="P272_ST00300" HPOS="1230" VPOS="1649" WIDTH="60" HEIGHT="33" CONTENT="the" WC="1.00" CC="000"/>
						<SP ID="P272_SP00271" HPOS="1290" VPOS="1692" WIDTH="28"/>
						<String ID="P272_ST00301" HPOS="1318" VPOS="1662" WIDTH="95" HEIGHT="22" CONTENT="same" WC="1.00" CC="0000"/>
						<SP ID="P272_SP00272" HPOS="1413" VPOS="1692" WIDTH="18"/>
						<String ID="P272_ST00302" HPOS="1431" VPOS="1652" WIDTH="132" HEIGHT="45" CONTENT="species" WC="0.90" CC="0400002"/>
					</TextLine>
					<TextLine ID="P272_TL00029" HPOS="211" VPOS="1703" WIDTH="1352" HEIGHT="50">
						<String ID="P272_ST00303" HPOS="211" VPOS="1715" WIDTH="38" HEIGHT="21" CONTENT="or" WC="0.71" CC="22"/>
						<SP ID="P272_SP00273" HPOS="249" VPOS="1736" WIDTH="18"/>
						<String ID="P272_ST00304" HPOS="267" VPOS="1703" WIDTH="130" HEIGHT="44" CONTENT="variety" WC="0.83" CC="0014004"/>
						<SP ID="P272_SP00274" HPOS="397" VPOS="1747" WIDTH="17"/>
						<String ID="P272_ST00305" HPOS="414" VPOS="1703" WIDTH="41" HEIGHT="33" CONTENT="of" WC="0.78" CC="22"/>
						<SP ID="P272_SP00275" HPOS="455" VPOS="1747" WIDTH="14"/>
						<String ID="P272_ST00306" HPOS="469" VPOS="1703" WIDTH="59" HEIGHT="33" CONTENT="the" WC="0.90" CC="020"/>
						<SP ID="P272_SP00276" HPOS="528" VPOS="1747" WIDTH="25"/>
						<String ID="P272_ST00307" HPOS="553" VPOS="1709" WIDTH="55" HEIGHT="27" CONTENT="tea" WC="0.81" CC="005"/>
						<SP ID="P272_SP00277" HPOS="608" VPOS="1747" WIDTH="16"/>
						<String ID="P272_ST00308" HPOS="624" VPOS="1703" WIDTH="97" HEIGHT="45" CONTENT="plant" WC="0.69" CC="41440"/>
						<SP ID="P272_SP00278" HPOS="721" VPOS="1748" WIDTH="17"/>
						<String ID="P272_ST00309" HPOS="738" VPOS="1709" WIDTH="36" HEIGHT="27" CONTENT="to" WC="1.00" CC="00"/>
						<SP ID="P272_SP00279" HPOS="774" VPOS="1748" WIDTH="16"/>
						<String ID="P272_ST00310" HPOS="790" VPOS="1703" WIDTH="88" HEIGHT="33" CONTENT="have" WC="0.72" CC="2800"/>
						<SP ID="P272_SP00280" HPOS="878" VPOS="1748" WIDTH="26"/>
						<String ID="P272_ST00311" HPOS="904" VPOS="1703" WIDTH="201" HEIGHT="45" CONTENT="undergone" WC="0.60" CC="333074380"/>
						<SP ID="P272_SP00281" HPOS="1105" VPOS="1748" WIDTH="23"/>
						<String ID="P272_ST00312" HPOS="1128" VPOS="1704" WIDTH="83" HEIGHT="33" CONTENT="such" WC="0.68" CC="5700"/>
						<SP ID="P272_SP00282" HPOS="1211" VPOS="1748" WIDTH="29"/>
						<String ID="P272_ST00313" HPOS="1240" VPOS="1705" WIDTH="162" HEIGHT="35" CONTENT="different" WC="0.76" CC="000008074"/>
						<SP ID="P272_SP00283" HPOS="1402" VPOS="1748" WIDTH="18"/>
						<String ID="P272_ST00314" HPOS="1420" VPOS="1707" WIDTH="143" HEIGHT="46" CONTENT="degrees" WC="0.84" CC="0014004"/>
					</TextLine>
					<TextLine ID="P272_TL00030" HPOS="211" VPOS="1758" WIDTH="1352" HEIGHT="49">
						<String ID="P272_ST00315" HPOS="211" VPOS="1758" WIDTH="42" HEIGHT="34" CONTENT="of" WC="0.76" CC="40"/>
						<SP ID="P272_SP00284" HPOS="253" VPOS="1792" WIDTH="29"/>
						<String ID="P272_ST00316" HPOS="282" VPOS="1759" WIDTH="81" HEIGHT="33" CONTENT="heat" WC="1.00" CC="0000"/>
						<SP ID="P272_SP00285" HPOS="363" VPOS="1792" WIDTH="34"/>
						<String ID="P272_ST00317" HPOS="397" VPOS="1759" WIDTH="34" HEIGHT="32" CONTENT="in" WC="0.89" CC="20"/>
						<SP ID="P272_SP00286" HPOS="431" VPOS="1792" WIDTH="39"/>
						<String ID="P272_ST00318" HPOS="470" VPOS="1759" WIDTH="90" HEIGHT="33" CONTENT="their" WC="0.84" CC="01041"/>
						<SP ID="P272_SP00287" HPOS="560" VPOS="1792" WIDTH="35"/>
						<String ID="P272_ST00319" HPOS="595" VPOS="1760" WIDTH="228" HEIGHT="45" CONTENT="preparation," WC="0.69" CC="420306401526"/>
						<SP ID="P272_SP00288" HPOS="823" VPOS="1805" WIDTH="28"/>
						<String ID="P272_ST00320" HPOS="851" VPOS="1760" WIDTH="89" HEIGHT="33" CONTENT="their" WC="0.86" CC="20004"/>
						<SP ID="P272_SP00289" HPOS="940" VPOS="1805" WIDTH="32"/>
						<String ID="P272_ST00321" HPOS="972" VPOS="1760" WIDTH="151" HEIGHT="45" CONTENT="peculiar" WC="0.71" CC="70066002"/>
						<SP ID="P272_SP00290" HPOS="1123" VPOS="1805" WIDTH="26"/>
						<String ID="P272_ST00322" HPOS="1149" VPOS="1762" WIDTH="193" HEIGHT="45" CONTENT="properties" WC="0.76" CC="5804020001"/>
						<SP ID="P272_SP00291" HPOS="1342" VPOS="1807" WIDTH="27"/>
						<String ID="P272_ST00323" HPOS="1369" VPOS="1764" WIDTH="117" HEIGHT="33" CONTENT="would" WC="0.78" CC="50004"/>
						<SP ID="P272_SP00292" HPOS="1486" VPOS="1807" WIDTH="33"/>
						<String ID="P272_ST00324" HPOS="1519" VPOS="1766" WIDTH="44" HEIGHT="33" CONTENT="be" WC="1.00" CC="00"/>
					</TextLine>
					<TextLine ID="P272_TL00031" HPOS="214" VPOS="1816" WIDTH="1350" HEIGHT="51">
						<String ID="P272_ST00325" HPOS="214" VPOS="1816" WIDTH="168" HEIGHT="45" CONTENT="expected" WC="0.78" CC="00700703"/>
						<SP ID="P272_SP00293" HPOS="382" VPOS="1861" WIDTH="29"/>
						<String ID="P272_ST00326" HPOS="411" VPOS="1822" WIDTH="36" HEIGHT="27" CONTENT="to" WC="0.98" CC="00"/>
						<SP ID="P272_SP00294" HPOS="447" VPOS="1861" WIDTH="33"/>
						<String ID="P272_ST00327" HPOS="480" VPOS="1829" WIDTH="101" HEIGHT="20" CONTENT="occur" WC="0.54" CC="21746"/>
						<SP ID="P272_SP00295" HPOS="581" VPOS="1861" WIDTH="22"/>
						<String ID="P272_ST00328" HPOS="603" VPOS="1816" WIDTH="42" HEIGHT="33" CONTENT="of" WC="0.58" CC="35"/>
						<SP ID="P272_SP00296" HPOS="645" VPOS="1861" WIDTH="29"/>
						<String ID="P272_ST00329" HPOS="674" VPOS="1822" WIDTH="149" HEIGHT="39" CONTENT="greatest" WC="0.80" CC="24050040"/>
						<SP ID="P272_SP00297" HPOS="823" VPOS="1861" WIDTH="29"/>
						<String ID="P272_ST00330" HPOS="852" VPOS="1817" WIDTH="155" HEIGHT="46" CONTENT="strength" WC="0.84" CC="00005402"/>
						<SP ID="P272_SP00298" HPOS="1007" VPOS="1863" WIDTH="35"/>
						<String ID="P272_ST00331" HPOS="1042" VPOS="1818" WIDTH="35" HEIGHT="32" CONTENT="in" WC="0.61" CC="15"/>
						<SP ID="P272_SP00299" HPOS="1077" VPOS="1863" WIDTH="33"/>
						<String ID="P272_ST00332" HPOS="1110" VPOS="1818" WIDTH="101" HEIGHT="34" CONTENT="those" WC="0.89" CC="00220"/>
						<SP ID="P272_SP00300" HPOS="1211" VPOS="1863" WIDTH="26"/>
						<String ID="P272_ST00333" HPOS="1237" VPOS="1819" WIDTH="41" HEIGHT="33" CONTENT="of" WC="1.00" CC="00"/>
						<SP ID="P272_SP00301" HPOS="1278" VPOS="1863" WIDTH="31"/>
						<String ID="P272_ST00334" HPOS="1309" VPOS="1820" WIDTH="61" HEIGHT="33" CONTENT="the" WC="1.00" CC="000"/>
						<SP ID="P272_SP00302" HPOS="1370" VPOS="1863" WIDTH="33"/>
						<String ID="P272_ST00335" HPOS="1403" VPOS="1830" WIDTH="161" HEIGHT="37" CONTENT="greenest" WC="0.89" CC="00008000"/>
					</TextLine>
					<TextLine ID="P272_TL00032" HPOS="216" VPOS="1871" WIDTH="1350" HEIGHT="52">
						<String ID="P272_ST00336" HPOS="216" VPOS="1871" WIDTH="117" HEIGHT="35" CONTENT="colour" WC="0.89" CC="012002"/>
						<String ID="P272_ST00337" HPOS="346" VPOS="1887" WIDTH="8" HEIGHT="26" CONTENT=";" WC="0.37" CC="6"/>
						<SP ID="P272_SP00303" HPOS="354" VPOS="1913" WIDTH="27"/>
						<String ID="P272_ST00338" HPOS="381" VPOS="1885" WIDTH="38" HEIGHT="21" CONTENT="or" WC="0.48" CC="46"/>
						<SP ID="P272_SP00304" HPOS="419" VPOS="1913" WIDTH="22"/>
						<String ID="P272_ST00339" HPOS="441" VPOS="1873" WIDTH="34" HEIGHT="33" CONTENT="in" WC="0.74" CC="04"/>
						<SP ID="P272_SP00305" HPOS="475" VPOS="1913" WIDTH="28"/>
						<String ID="P272_ST00340" HPOS="503" VPOS="1874" WIDTH="99" HEIGHT="33" CONTENT="those" WC="0.87" CC="10300"/>
						<SP ID="P272_SP00306" HPOS="602" VPOS="1913" WIDTH="27"/>
						<String ID="P272_ST00341" HPOS="629" VPOS="1880" WIDTH="36" HEIGHT="27" CONTENT="to" WC="0.77" CC="31"/>
						<SP ID="P272_SP00307" HPOS="665" VPOS="1913" WIDTH="23"/>
						<String ID="P272_ST00342" HPOS="688" VPOS="1874" WIDTH="112" HEIGHT="33" CONTENT="which" WC="0.86" CC="05000"/>
						<SP ID="P272_SP00308" HPOS="800" VPOS="1913" WIDTH="18"/>
						<String ID="P272_ST00343" HPOS="818" VPOS="1874" WIDTH="85" HEIGHT="33" CONTENT="both" WC="0.75" CC="3105"/>
						<SP ID="P272_SP00309" HPOS="903" VPOS="1913" WIDTH="20"/>
						<String ID="P272_ST00344" HPOS="923" VPOS="1874" WIDTH="149" HEIGHT="34" CONTENT="Chinese" WC="0.80" CC="0407010"/>
						<SP ID="P272_SP00310" HPOS="1072" VPOS="1913" WIDTH="18"/>
						<String ID="P272_ST00345" HPOS="1090" VPOS="1875" WIDTH="69" HEIGHT="33" CONTENT="and" WC="0.62" CC="451"/>
						<SP ID="P272_SP00311" HPOS="1159" VPOS="1913" WIDTH="18"/>
						<String ID="P272_ST00346" HPOS="1177" VPOS="1875" WIDTH="204" HEIGHT="48" CONTENT="Europeans" WC="0.77" CC="100060460"/>
						<SP ID="P272_SP00312" HPOS="1381" VPOS="1923" WIDTH="19"/>
						<String ID="P272_ST00347" HPOS="1400" VPOS="1880" WIDTH="166" HEIGHT="34" CONTENT="attribute" WC="0.79" CC="200035060"/>
					</TextLine>
					<TextLine ID="P272_TL00033" HPOS="214" VPOS="1929" WIDTH="1350" HEIGHT="51">
						<String ID="P272_ST00348" HPOS="214" VPOS="1929" WIDTH="59" HEIGHT="33" CONTENT="the" WC="1.00" CC="000"/>
						<SP ID="P272_SP00313" HPOS="273" VPOS="1962" WIDTH="34"/>
						<String ID="P272_ST00349" HPOS="307" VPOS="1935" WIDTH="91" HEIGHT="27" CONTENT="most" WC="0.99" CC="0000"/>
						<SP ID="P272_SP00314" HPOS="398" VPOS="1962" WIDTH="31"/>
						<String ID="P272_ST00350" HPOS="429" VPOS="1929" WIDTH="166" HEIGHT="45" CONTENT="powerful" WC="0.68" CC="60005850"/>
						<SP ID="P272_SP00315" HPOS="595" VPOS="1974" WIDTH="29"/>
						<String ID="P272_ST00351" HPOS="624" VPOS="1931" WIDTH="199" HEIGHT="44" CONTENT="properties." WC="0.73" CC="62140400053"/>
						<SP ID="P272_SP00316" HPOS="823" VPOS="1975" WIDTH="54"/>
						<String ID="P272_ST00352" HPOS="877" VPOS="1931" WIDTH="17" HEIGHT="32" CONTENT="I" WC="1.00" CC="0"/>
						<SP ID="P272_SP00317" HPOS="894" VPOS="1975" WIDTH="29"/>
						<String ID="P272_ST00353" HPOS="923" VPOS="1944" WIDTH="78" HEIGHT="33" CONTENT="may" WC="0.49" CC="806"/>
						<SP ID="P272_SP00318" HPOS="1001" VPOS="1977" WIDTH="29"/>
						<String ID="P272_ST00354" HPOS="1030" VPOS="1932" WIDTH="83" HEIGHT="34" CONTENT="here" WC="0.75" CC="1080"/>
						<SP ID="P272_SP00319" HPOS="1113" VPOS="1977" WIDTH="28"/>
						<String ID="P272_ST00355" HPOS="1141" VPOS="1932" WIDTH="78" HEIGHT="41" CONTENT="add," WC="0.70" CC="0506"/>
						<SP ID="P272_SP00320" HPOS="1219" VPOS="1977" WIDTH="34"/>
						<String ID="P272_ST00356" HPOS="1253" VPOS="1933" WIDTH="75" HEIGHT="35" CONTENT="that" WC="0.50" CC="5716"/>
						<SP ID="P272_SP00321" HPOS="1328" VPOS="1977" WIDTH="26"/>
						<String ID="P272_ST00357" HPOS="1354" VPOS="1936" WIDTH="47" HEIGHT="44" CONTENT="by" WC="0.62" CC="07"/>
						<SP ID="P272_SP00322" HPOS="1401" VPOS="1980" WIDTH="29"/>
						<String ID="P272_ST00358" HPOS="1430" VPOS="1935" WIDTH="50" HEIGHT="33" CONTENT="far" WC="0.88" CC="101"/>
						<SP ID="P272_SP00323" HPOS="1480" VPOS="1980" WIDTH="22"/>
						<String ID="P272_ST00359" HPOS="1502" VPOS="1937" WIDTH="62" HEIGHT="35" CONTENT="the" WC="0.74" CC="520"/>
					</TextLine>
					<TextLine ID="P272_TL00034" HPOS="211" VPOS="1987" WIDTH="1352" HEIGHT="44">
						<String ID="P272_ST00360" HPOS="211" VPOS="1991" WIDTH="171" HEIGHT="40" CONTENT="strongest" WC="0.80" CC="102370002"/>
						<SP ID="P272_SP00324" HPOS="382" VPOS="2031" WIDTH="16"/>
						<String ID="P272_ST00361" HPOS="398" VPOS="1992" WIDTH="56" HEIGHT="27" CONTENT="tea" WC="1.00" CC="000"/>
						<SP ID="P272_SP00325" HPOS="454" VPOS="2031" WIDTH="17"/>
						<String ID="P272_ST00362" HPOS="471" VPOS="1987" WIDTH="110" HEIGHT="32" CONTENT="which" WC="0.84" CC="07000"/>
						<SP ID="P272_SP00326" HPOS="581" VPOS="2031" WIDTH="24"/>
						<String ID="P272_ST00363" HPOS="605" VPOS="1987" WIDTH="16" HEIGHT="32" CONTENT="I" WC="1.00" CC="0"/>
						<SP ID="P272_SP00327" HPOS="621" VPOS="2031" WIDTH="20"/>
						<String ID="P272_ST00364" HPOS="641" VPOS="1988" WIDTH="112" HEIGHT="33" CONTENT="tasted" WC="0.83" CC="002007"/>
						<SP ID="P272_SP00328" HPOS="753" VPOS="2031" WIDTH="17"/>
						<String ID="P272_ST00365" HPOS="770" VPOS="1988" WIDTH="35" HEIGHT="33" CONTENT="in" WC="0.86" CC="11"/>
						<SP ID="P272_SP00329" HPOS="805" VPOS="2031" WIDTH="21"/>
						<String ID="P272_ST00366" HPOS="826" VPOS="1988" WIDTH="119" HEIGHT="40" CONTENT="China," WC="0.60" CC="503643"/>
						<SP ID="P272_SP00330" HPOS="945" VPOS="2031" WIDTH="20"/>
						<String ID="P272_ST00367" HPOS="965" VPOS="1989" WIDTH="110" HEIGHT="34" CONTENT="called" WC="0.75" CC="053005"/>
						<SP ID="P272_SP00331" HPOS="1075" VPOS="2031" WIDTH="17"/>
						<String ID="P272_ST00368" HPOS="1092" VPOS="1995" WIDTH="20" HEIGHT="16" CONTENT='"' WC="1.00" CC="0"/>
						<SP ID="P272_SP00332" HPOS="1112" VPOS="2031" WIDTH="14"/>
						<String ID="P272_ST00369" HPOS="1126" VPOS="1989" WIDTH="179" HEIGHT="42" CONTENT='Yu-tien,"' WC="0.78" CC="102030560"/>
						<SP ID="P272_SP00333" HPOS="1305" VPOS="2031" WIDTH="21"/>
						<String ID="P272_ST00370" HPOS="1326" VPOS="1992" WIDTH="67" HEIGHT="34" CONTENT="and" WC="0.91" CC="110"/>
						<SP ID="P272_SP00334" HPOS="1393" VPOS="2031" WIDTH="18"/>
						<String ID="P272_ST00371" HPOS="1411" VPOS="1994" WIDTH="87" HEIGHT="33" CONTENT="used" WC="0.83" CC="6000"/>
						<SP ID="P272_SP00335" HPOS="1498" VPOS="2031" WIDTH="17"/>
						<String ID="P272_ST00372" HPOS="1515" VPOS="2007" WIDTH="48" HEIGHT="22" CONTENT="on" WC="0.91" CC="10"/>
					</TextLine>
					<TextLine ID="P272_TL00035" HPOS="212" VPOS="2041" WIDTH="1351" HEIGHT="50">
						<String ID="P272_ST00373" HPOS="212" VPOS="2042" WIDTH="174" HEIGHT="34" CONTENT="occasions" WC="0.74" CC="100034254"/>
						<SP ID="P272_SP00336" HPOS="386" VPOS="2076" WIDTH="18"/>
						<String ID="P272_ST00374" HPOS="404" VPOS="2041" WIDTH="40" HEIGHT="34" CONTENT="of" WC="0.66" CC="14"/>
						<SP ID="P272_SP00337" HPOS="444" VPOS="2076" WIDTH="11"/>
						<String ID="P272_ST00375" HPOS="455" VPOS="2055" WIDTH="195" HEIGHT="34" CONTENT="ceremony," WC="0.79" CC="000000485"/>
						<SP ID="P272_SP00338" HPOS="650" VPOS="2089" WIDTH="26"/>
						<String ID="P272_ST00376" HPOS="676" VPOS="2045" WIDTH="147" HEIGHT="46" CONTENT="scarcely" WC="0.72" CC="50060028"/>
						<SP ID="P272_SP00339" HPOS="823" VPOS="2091" WIDTH="17"/>
						<String ID="P272_ST00377" HPOS="840" VPOS="2046" WIDTH="164" HEIGHT="35" CONTENT="coloured" WC="0.85" CC="00000306"/>
						<SP ID="P272_SP00340" HPOS="1004" VPOS="2091" WIDTH="25"/>
						<String ID="P272_ST00378" HPOS="1029" VPOS="2048" WIDTH="60" HEIGHT="35" CONTENT="the" WC="0.94" CC="100"/>
						<SP ID="P272_SP00341" HPOS="1089" VPOS="2091" WIDTH="21"/>
						<String ID="P272_ST00379" HPOS="1110" VPOS="2055" WIDTH="112" HEIGHT="29" CONTENT="water." WC="0.83" CC="001026"/>
						<SP ID="P272_SP00342" HPOS="1222" VPOS="2091" WIDTH="55"/>
						<String ID="P272_ST00380" HPOS="1277" VPOS="2050" WIDTH="55" HEIGHT="34" CONTENT="On" WC="0.65" CC="60"/>
						<SP ID="P272_SP00343" HPOS="1332" VPOS="2091" WIDTH="27"/>
						<String ID="P272_ST00381" HPOS="1359" VPOS="2052" WIDTH="204" HEIGHT="35" CONTENT="examinino*" WC="0.65" CC="0011152677"/>
					</TextLine>
				</TextBlock>
			</PrintSpace>
		</Page>
	</Layout>
</alto>
