<?xml version="1.0" encoding="UTF-8"?>
<alto xmlns:xsi="http://www.w3.org/2001/XMLSchema-instance" xsi:noNamespaceSchemaLocation="http://www.bl.uk/schemas/alto/alto-1-4.xsd" xmlns:xlink="http://www.w3.org/1999/xlink">
	<Description>
		<MeasurementUnit>mm10</MeasurementUnit>
		<sourceImageInformation>
			<fileName>//head1/IN/2008-13/A0011342463/003345.jp2</fileName>
		</sourceImageInformation>
		<OCRProcessing ID="OCRPROCESSING_1">
			<preProcessingStep>
				<processingSoftware>
					<softwareCreator>CCS Content Conversion Specialists GmbH, Germany</softwareCreator>
					<softwareName>CCS docWORKS</softwareName>
					<softwareVersion>6.1-0.67</softwareVersion>
				</processingSoftware>
			</preProcessingStep>
			<ocrProcessingStep>
				<processingSoftware>
					<softwareCreator>ABBYY (BIT Software), Russia</softwareCreator>
					<softwareName>Finereader</softwareName>
				</processingSoftware>
			</ocrProcessingStep>
		</OCRProcessing>
	</Description>
	<Styles>
		<TextStyle ID="TXT_0" FONTSIZE="10" FONTFAMILY="Courier New"/>
		<ParagraphStyle ID="PAR_RIGHT" ALIGN="Right"/>
		<ParagraphStyle ID="PAR_LEFT" ALIGN="Left"/>
		<ParagraphStyle ID="PAR_CENTER" ALIGN="Center"/>
	</Styles>
	<Layout>
		<Page ID="P423" PHYSICAL_IMG_NR="423" HEIGHT="2350" WIDTH="1784" PRINTED_IMG_NR="361" POSITION="Right" ACCURACY="78.31">
			<TopMargin ID="P423_TM00001" HPOS="0" VPOS="0" WIDTH="1783" HEIGHT="204">
				<TextBlock ID="P423_TB00001" HPOS="772" VPOS="167" WIDTH="293" HEIGHT="25" STYLEREFS="TXT_0 PAR_RIGHT">
					<TextLine ID="P423_TL00001" HPOS="773" VPOS="168" WIDTH="292" HEIGHT="24">
						<String ID="P423_ST00001" HPOS="773" VPOS="168" WIDTH="94" HEIGHT="24" CONTENT="JEWS" WC="0.99" CC="0000"/>
						<SP ID="P423_SP00001" HPOS="867" VPOS="192" WIDTH="19"/>
						<String ID="P423_ST00002" HPOS="886" VPOS="169" WIDTH="39" HEIGHT="22" CONTENT="IN" WC="0.45" CC="55"/>
						<SP ID="P423_SP00002" HPOS="925" VPOS="192" WIDTH="18"/>
						<String ID="P423_ST00003" HPOS="943" VPOS="168" WIDTH="122" HEIGHT="24" CONTENT="CHINA." WC="0.71" CC="042540"/>
					</TextLine>
				</TextBlock>
				<TextBlock ID="P423_TB00002" HPOS="1521" VPOS="174" WIDTH="63" HEIGHT="29" STYLEREFS="TXT_0 PAR_RIGHT">
					<TextLine ID="P423_TL00002" HPOS="1521" VPOS="174" WIDTH="63" HEIGHT="29">
						<String ID="P423_ST00004" HPOS="1521" VPOS="174" WIDTH="63" HEIGHT="29" CONTENT="361" WC="0.68" CC="620"/>
					</TextLine>
				</TextBlock>
			</TopMargin>
			<LeftMargin ID="P423_LM00001" HPOS="0" VPOS="204" WIDTH="238" HEIGHT="1973"/>
			<RightMargin ID="P423_RM00001" HPOS="1599" VPOS="204" WIDTH="184" HEIGHT="1973"/>
			<BottomMargin ID="P423_BM00001" HPOS="0" VPOS="2177" WIDTH="1783" HEIGHT="173"/>
			<PrintSpace ID="P423_PS00001" HPOS="238" VPOS="204" WIDTH="1361" HEIGHT="1973">
				<TextBlock ID="P423_TB00003" HPOS="240" VPOS="244" WIDTH="1353" HEIGHT="402" STYLEREFS="TXT_0 PAR_LEFT">
					<TextLine ID="P423_TL00003" HPOS="241" VPOS="245" WIDTH="1348" HEIGHT="42">
						<String ID="P423_ST00005" HPOS="241" VPOS="245" WIDTH="80" HEIGHT="30" CONTENT="from" WC="0.66" CC="1713"/>
						<SP ID="P423_SP00003" HPOS="321" VPOS="275" WIDTH="17"/>
						<String ID="P423_ST00006" HPOS="338" VPOS="246" WIDTH="54" HEIGHT="30" CONTENT="the" WC="0.90" CC="200"/>
						<SP ID="P423_SP00004" HPOS="392" VPOS="276" WIDTH="18"/>
						<String ID="P423_ST00007" HPOS="410" VPOS="246" WIDTH="227" HEIGHT="30" CONTENT="Mahomedans" WC="0.89" CC="0000204030"/>
						<SP ID="P423_SP00005" HPOS="637" VPOS="276" WIDTH="17"/>
						<String ID="P423_ST00008" HPOS="654" VPOS="246" WIDTH="69" HEIGHT="30" CONTENT="Avho" WC="0.48" CC="8604"/>
						<SP ID="P423_SP00006" HPOS="723" VPOS="276" WIDTH="16"/>
						<String ID="P423_ST00009" HPOS="739" VPOS="257" WIDTH="80" HEIGHT="20" CONTENT="wear" WC="0.82" CC="3003"/>
						<SP ID="P423_SP00007" HPOS="819" VPOS="277" WIDTH="20"/>
						<String ID="P423_ST00010" HPOS="839" VPOS="257" WIDTH="17" HEIGHT="19" CONTENT="a" WC="0.99" CC="0"/>
						<SP ID="P423_SP00008" HPOS="856" VPOS="277" WIDTH="15"/>
						<String ID="P423_ST00011" HPOS="871" VPOS="246" WIDTH="92" HEIGHT="31" CONTENT="white" WC="0.83" CC="02500"/>
						<SP ID="P423_SP00009" HPOS="963" VPOS="277" WIDTH="17"/>
						<String ID="P423_ST00012" HPOS="980" VPOS="257" WIDTH="66" HEIGHT="30" CONTENT="cap," WC="0.59" CC="0537"/>
						<SP ID="P423_SP00010" HPOS="1046" VPOS="287" WIDTH="26"/>
						<String ID="P423_ST00013" HPOS="1072" VPOS="247" WIDTH="61" HEIGHT="30" CONTENT="and" WC="0.53" CC="273"/>
						<SP ID="P423_SP00011" HPOS="1133" VPOS="287" WIDTH="15"/>
						<String ID="P423_ST00014" HPOS="1148" VPOS="258" WIDTH="60" HEIGHT="25" CONTENT="are," WC="0.73" CC="5005"/>
						<SP ID="P423_SP00012" HPOS="1208" VPOS="287" WIDTH="19"/>
						<String ID="P423_ST00015" HPOS="1227" VPOS="249" WIDTH="162" HEIGHT="36" CONTENT="therefore," WC="0.83" CC="3000050007"/>
						<SP ID="P423_SP00013" HPOS="1389" VPOS="287" WIDTH="24"/>
						<String ID="P423_ST00016" HPOS="1413" VPOS="250" WIDTH="176" HEIGHT="30" CONTENT="sometimes" WC="0.84" CC="000008005"/>
					</TextLine>
					<TextLine ID="P423_TL00004" HPOS="240" VPOS="296" WIDTH="1349" HEIGHT="44">
						<String ID="P423_ST00017" HPOS="240" VPOS="296" WIDTH="102" HEIGHT="31" CONTENT="called" WC="0.98" CC="000000"/>
						<SP ID="P423_SP00014" HPOS="342" VPOS="327" WIDTH="30"/>
						<String ID="P423_ST00018" HPOS="372" VPOS="296" WIDTH="332" HEIGHT="32" CONTENT="Pe-maho-hoai-hoai." WC="0.70" CC="883620230034001204"/>
						<SP ID="P423_SP00015" HPOS="704" VPOS="328" WIDTH="58"/>
						<String ID="P423_ST00019" HPOS="762" VPOS="298" WIDTH="36" HEIGHT="29" CONTENT="In" WC="0.80" CC="03"/>
						<SP ID="P423_SP00016" HPOS="798" VPOS="328" WIDTH="27"/>
						<String ID="P423_ST00020" HPOS="825" VPOS="297" WIDTH="53" HEIGHT="31" CONTENT="the" WC="1.00" CC="000"/>
						<SP ID="P423_SP00017" HPOS="878" VPOS="328" WIDTH="30"/>
						<String ID="P423_ST00021" HPOS="908" VPOS="298" WIDTH="83" HEIGHT="42" CONTENT="early" WC="0.84" CC="00006"/>
						<SP ID="P423_SP00018" HPOS="991" VPOS="340" WIDTH="23"/>
						<String ID="P423_ST00022" HPOS="1014" VPOS="308" WIDTH="72" HEIGHT="31" CONTENT="ages" WC="0.84" CC="2003"/>
						<SP ID="P423_SP00019" HPOS="1086" VPOS="340" WIDTH="33"/>
						<String ID="P423_ST00023" HPOS="1119" VPOS="298" WIDTH="37" HEIGHT="30" CONTENT="of" WC="0.98" CC="00"/>
						<SP ID="P423_SP00020" HPOS="1156" VPOS="340" WIDTH="27"/>
						<String ID="P423_ST00024" HPOS="1183" VPOS="299" WIDTH="80" HEIGHT="29" CONTENT="their" WC="0.82" CC="30050"/>
						<SP ID="P423_SP00021" HPOS="1263" VPOS="340" WIDTH="31"/>
						<String ID="P423_ST00025" HPOS="1294" VPOS="301" WIDTH="231" HEIGHT="30" CONTENT="establishment" WC="0.92" CC="0200030000050"/>
						<SP ID="P423_SP00022" HPOS="1525" VPOS="340" WIDTH="32"/>
						<String ID="P423_ST00026" HPOS="1557" VPOS="301" WIDTH="32" HEIGHT="30" CONTENT="in" WC="0.45" CC="82"/>
					</TextLine>
					<TextLine ID="P423_TL00005" HPOS="242" VPOS="347" WIDTH="1347" HEIGHT="45">
						<String ID="P423_ST00027" HPOS="242" VPOS="347" WIDTH="111" HEIGHT="36" CONTENT="China," WC="0.83" CC="200106"/>
						<SP ID="P423_SP00023" HPOS="353" VPOS="383" WIDTH="25"/>
						<String ID="P423_ST00028" HPOS="378" VPOS="348" WIDTH="55" HEIGHT="30" CONTENT="the" WC="0.95" CC="001"/>
						<SP ID="P423_SP00024" HPOS="433" VPOS="383" WIDTH="16"/>
						<String ID="P423_ST00029" HPOS="449" VPOS="348" WIDTH="83" HEIGHT="31" CONTENT="Jews" WC="0.82" CC="0070"/>
						<SP ID="P423_SP00025" HPOS="532" VPOS="383" WIDTH="17"/>
						<String ID="P423_ST00030" HPOS="549" VPOS="349" WIDTH="161" HEIGHT="40" CONTENT="possessed" WC="0.84" CC="206000500"/>
						<SP ID="P423_SP00026" HPOS="710" VPOS="389" WIDTH="23"/>
						<String ID="P423_ST00031" HPOS="733" VPOS="349" WIDTH="226" HEIGHT="41" CONTENT="employments" WC="0.81" CC="00014600600"/>
						<SP ID="P423_SP00027" HPOS="959" VPOS="390" WIDTH="23"/>
						<String ID="P423_ST00032" HPOS="982" VPOS="349" WIDTH="99" HEIGHT="30" CONTENT="under" WC="0.80" CC="04400"/>
						<SP ID="P423_SP00028" HPOS="1081" VPOS="390" WIDTH="26"/>
						<String ID="P423_ST00033" HPOS="1107" VPOS="349" WIDTH="53" HEIGHT="30" CONTENT="the" WC="1.00" CC="000"/>
						<SP ID="P423_SP00029" HPOS="1160" VPOS="390" WIDTH="25"/>
						<String ID="P423_ST00034" HPOS="1185" VPOS="357" WIDTH="204" HEIGHT="31" CONTENT="government" WC="0.81" CC="0040600070"/>
						<SP ID="P423_SP00030" HPOS="1389" VPOS="390" WIDTH="26"/>
						<String ID="P423_ST00035" HPOS="1415" VPOS="352" WIDTH="60" HEIGHT="29" CONTENT="and" WC="0.74" CC="070"/>
						<SP ID="P423_SP00031" HPOS="1475" VPOS="390" WIDTH="25"/>
						<String ID="P423_ST00036" HPOS="1500" VPOS="358" WIDTH="89" HEIGHT="34" CONTENT="great" WC="1.00" CC="00000"/>
					</TextLine>
					<TextLine ID="P423_TL00006" HPOS="242" VPOS="400" WIDTH="1351" HEIGHT="42">
						<String ID="P423_ST00037" HPOS="242" VPOS="404" WIDTH="121" HEIGHT="30" CONTENT="estates," WC="0.82" CC="00302007"/>
						<SP ID="P423_SP00032" HPOS="363" VPOS="434" WIDTH="29"/>
						<String ID="P423_ST00038" HPOS="392" VPOS="400" WIDTH="63" HEIGHT="29" CONTENT="and" WC="0.67" CC="620"/>
						<SP ID="P423_SP00033" HPOS="455" VPOS="434" WIDTH="22"/>
						<String ID="P423_ST00039" HPOS="477" VPOS="400" WIDTH="158" HEIGHT="30" CONTENT="reckoned" WC="0.75" CC="80001405"/>
						<SP ID="P423_SP00034" HPOS="635" VPOS="434" WIDTH="18"/>
						<String ID="P423_ST00040" HPOS="653" VPOS="412" WIDTH="84" HEIGHT="19" CONTENT="more" WC="0.98" CC="0000"/>
						<SP ID="P423_SP00035" HPOS="737" VPOS="434" WIDTH="16"/>
						<String ID="P423_ST00041" HPOS="753" VPOS="401" WIDTH="74" HEIGHT="30" CONTENT="than" WC="0.81" CC="0007"/>
						<SP ID="P423_SP00036" HPOS="827" VPOS="434" WIDTH="20"/>
						<String ID="P423_ST00042" HPOS="847" VPOS="406" WIDTH="128" HEIGHT="36" CONTENT="seventy" WC="0.81" CC="0000606"/>
						<SP ID="P423_SP00037" HPOS="975" VPOS="442" WIDTH="16"/>
						<String ID="P423_ST00043" HPOS="991" VPOS="401" WIDTH="129" HEIGHT="31" CONTENT="families" WC="0.90" CC="10004000"/>
						<SP ID="P423_SP00038" HPOS="1120" VPOS="442" WIDTH="27"/>
						<String ID="P423_ST00044" HPOS="1147" VPOS="400" WIDTH="38" HEIGHT="30" CONTENT="of" WC="0.58" CC="08"/>
						<SP ID="P423_SP00039" HPOS="1185" VPOS="442" WIDTH="16"/>
						<String ID="P423_ST00045" HPOS="1201" VPOS="401" WIDTH="53" HEIGHT="29" CONTENT="the" WC="0.76" CC="070"/>
						<SP ID="P423_SP00040" HPOS="1254" VPOS="442" WIDTH="24"/>
						<String ID="P423_ST00046" HPOS="1278" VPOS="401" WIDTH="141" HEIGHT="30" CONTENT="different" WC="0.83" CC="004400050"/>
						<SP ID="P423_SP00041" HPOS="1419" VPOS="442" WIDTH="21"/>
						<String ID="P423_ST00047" HPOS="1440" VPOS="403" WIDTH="94" HEIGHT="31" CONTENT="tribes" WC="0.86" CC="043000"/>
						<SP ID="P423_SP00042" HPOS="1534" VPOS="442" WIDTH="23"/>
						<String ID="P423_ST00048" HPOS="1557" VPOS="405" WIDTH="36" HEIGHT="29" CONTENT="of" WC="0.62" CC="70"/>
					</TextLine>
					<TextLine ID="P423_TL00007" HPOS="242" VPOS="450" WIDTH="1346" HEIGHT="41">
						<String ID="P423_ST00049" HPOS="242" VPOS="450" WIDTH="174" HEIGHT="41" CONTENT="Benjamin," WC="0.64" CC="607006136"/>
						<SP ID="P423_SP00043" HPOS="416" VPOS="491" WIDTH="27"/>
						<String ID="P423_ST00050" HPOS="443" VPOS="450" WIDTH="88" HEIGHT="37" CONTENT="Levi," WC="0.74" CC="40303"/>
						<SP ID="P423_SP00044" HPOS="531" VPOS="491" WIDTH="27"/>
						<String ID="P423_ST00051" HPOS="558" VPOS="451" WIDTH="92" HEIGHT="36" CONTENT="Juda," WC="0.71" CC="20505"/>
						<SP ID="P423_SP00045" HPOS="650" VPOS="491" WIDTH="30"/>
						<String ID="P423_ST00052" HPOS="680" VPOS="455" WIDTH="66" HEIGHT="33" CONTENT="&amp;c," WC="0.52" CC="085"/>
						<SP ID="P423_SP00046" HPOS="746" VPOS="491" WIDTH="28"/>
						<String ID="P423_ST00053" HPOS="774" VPOS="454" WIDTH="57" HEIGHT="30" CONTENT="but" WC="1.00" CC="000"/>
						<SP ID="P423_SP00047" HPOS="831" VPOS="491" WIDTH="15"/>
						<String ID="P423_ST00054" HPOS="846" VPOS="454" WIDTH="31" HEIGHT="29" CONTENT="in" WC="0.68" CC="05"/>
						<SP ID="P423_SP00048" HPOS="877" VPOS="491" WIDTH="15"/>
						<String ID="P423_ST00055" HPOS="892" VPOS="453" WIDTH="78" HEIGHT="30" CONTENT="later" WC="0.91" CC="30001"/>
						<SP ID="P423_SP00049" HPOS="970" VPOS="491" WIDTH="23"/>
						<String ID="P423_ST00056" HPOS="993" VPOS="453" WIDTH="90" HEIGHT="30" CONTENT="times" WC="0.93" CC="03000"/>
						<SP ID="P423_SP00050" HPOS="1083" VPOS="491" WIDTH="26"/>
						<String ID="P423_ST00057" HPOS="1109" VPOS="462" WIDTH="16" HEIGHT="19" CONTENT="a" WC="1.00" CC="0"/>
						<SP ID="P423_SP00051" HPOS="1125" VPOS="491" WIDTH="23"/>
						<String ID="P423_ST00058" HPOS="1148" VPOS="456" WIDTH="88" HEIGHT="35" CONTENT="great" WC="1.00" CC="00000"/>
						<SP ID="P423_SP00052" HPOS="1236" VPOS="491" WIDTH="23"/>
						<String ID="P423_ST00059" HPOS="1259" VPOS="456" WIDTH="68" HEIGHT="34" CONTENT="part" WC="0.87" CC="0050"/>
						<SP ID="P423_SP00053" HPOS="1327" VPOS="491" WIDTH="26"/>
						<String ID="P423_ST00060" HPOS="1353" VPOS="451" WIDTH="36" HEIGHT="29" CONTENT="of" WC="1.00" CC="00"/>
						<SP ID="P423_SP00054" HPOS="1389" VPOS="491" WIDTH="20"/>
						<String ID="P423_ST00061" HPOS="1409" VPOS="452" WIDTH="84" HEIGHT="30" CONTENT="them" WC="1.00" CC="0000"/>
						<SP ID="P423_SP00055" HPOS="1493" VPOS="491" WIDTH="16"/>
						<String ID="P423_ST00062" HPOS="1509" VPOS="465" WIDTH="79" HEIGHT="19" CONTENT="were" WC="0.95" CC="1000"/>
					</TextLine>
					<TextLine ID="P423_TL00008" HPOS="241" VPOS="502" WIDTH="1348" HEIGHT="42">
						<String ID="P423_ST00063" HPOS="241" VPOS="502" WIDTH="172" HEIGHT="30" CONTENT="converted" WC="0.89" CC="005004000"/>
						<SP ID="P423_SP00056" HPOS="413" VPOS="532" WIDTH="21"/>
						<String ID="P423_ST00064" HPOS="434" VPOS="507" WIDTH="32" HEIGHT="25" CONTENT="to" WC="1.00" CC="00"/>
						<SP ID="P423_SP00057" HPOS="466" VPOS="532" WIDTH="20"/>
						<String ID="P423_ST00065" HPOS="486" VPOS="502" WIDTH="270" HEIGHT="31" CONTENT="Mahomedanism" WC="0.80" CC="001000046207"/>
						<SP ID="P423_SP00058" HPOS="756" VPOS="533" WIDTH="14"/>
						<String ID="P423_ST00066" HPOS="770" VPOS="517" WIDTH="9" HEIGHT="24" CONTENT=";" WC="0.16" CC="8"/>
						<SP ID="P423_SP00059" HPOS="779" VPOS="541" WIDTH="25"/>
						<String ID="P423_ST00067" HPOS="804" VPOS="505" WIDTH="61" HEIGHT="28" CONTENT="and" WC="0.81" CC="050"/>
						<SP ID="P423_SP00060" HPOS="865" VPOS="541" WIDTH="16"/>
						<String ID="P423_ST00068" HPOS="881" VPOS="510" WIDTH="32" HEIGHT="24" CONTENT="at" WC="0.92" CC="10"/>
						<SP ID="P423_SP00061" HPOS="913" VPOS="541" WIDTH="15"/>
						<String ID="P423_ST00069" HPOS="928" VPOS="504" WIDTH="53" HEIGHT="30" CONTENT="the" WC="0.96" CC="010"/>
						<SP ID="P423_SP00062" HPOS="981" VPOS="541" WIDTH="20"/>
						<String ID="P423_ST00070" HPOS="1001" VPOS="504" WIDTH="108" HEIGHT="40" CONTENT="period" WC="0.60" CC="208507"/>
						<SP ID="P423_SP00063" HPOS="1109" VPOS="544" WIDTH="15"/>
						<String ID="P423_ST00071" HPOS="1124" VPOS="503" WIDTH="90" HEIGHT="30" CONTENT="when" WC="0.72" CC="0505"/>
						<SP ID="P423_SP00064" HPOS="1214" VPOS="544" WIDTH="18"/>
						<String ID="P423_ST00072" HPOS="1232" VPOS="502" WIDTH="74" HEIGHT="40" CONTENT="they" WC="0.67" CC="0705"/>
						<SP ID="P423_SP00065" HPOS="1306" VPOS="544" WIDTH="17"/>
						<String ID="P423_ST00073" HPOS="1323" VPOS="512" WIDTH="79" HEIGHT="19" CONTENT="were" WC="0.86" CC="1030"/>
						<SP ID="P423_SP00066" HPOS="1402" VPOS="544" WIDTH="15"/>
						<String ID="P423_ST00074" HPOS="1417" VPOS="502" WIDTH="110" HEIGHT="31" CONTENT="visited" WC="0.86" CC="0450000"/>
						<SP ID="P423_SP00067" HPOS="1527" VPOS="544" WIDTH="21"/>
						<String ID="P423_ST00075" HPOS="1548" VPOS="506" WIDTH="41" HEIGHT="38" CONTENT="by" WC="1.00" CC="00"/>
					</TextLine>
					<TextLine ID="P423_TL00009" HPOS="242" VPOS="552" WIDTH="1347" HEIGHT="44">
						<String ID="P423_ST00076" HPOS="242" VPOS="552" WIDTH="115" HEIGHT="31" CONTENT="Father" WC="0.90" CC="200300"/>
						<SP ID="P423_SP00068" HPOS="357" VPOS="583" WIDTH="15"/>
						<String ID="P423_ST00077" HPOS="372" VPOS="554" WIDTH="124" HEIGHT="30" CONTENT="Gozani" WC="0.78" CC="600060"/>
						<SP ID="P423_SP00069" HPOS="496" VPOS="584" WIDTH="23"/>
						<String ID="P423_ST00078" HPOS="519" VPOS="555" WIDTH="62" HEIGHT="29" CONTENT="and" WC="0.39" CC="655"/>
						<SP ID="P423_SP00070" HPOS="581" VPOS="584" WIDTH="23"/>
						<String ID="P423_ST00079" HPOS="604" VPOS="555" WIDTH="89" HEIGHT="29" CONTENT="other" WC="0.94" CC="00002"/>
						<SP ID="P423_SP00071" HPOS="693" VPOS="584" WIDTH="21"/>
						<String ID="P423_ST00080" HPOS="714" VPOS="555" WIDTH="213" HEIGHT="36" CONTENT="missionaries," WC="0.79" CC="0500507000025"/>
						<SP ID="P423_SP00072" HPOS="927" VPOS="591" WIDTH="25"/>
						<String ID="P423_ST00081" HPOS="952" VPOS="555" WIDTH="76" HEIGHT="41" CONTENT="they" WC="0.83" CC="0105"/>
						<SP ID="P423_SP00073" HPOS="1028" VPOS="596" WIDTH="14"/>
						<String ID="P423_ST00082" HPOS="1042" VPOS="566" WIDTH="80" HEIGHT="19" CONTENT="were" WC="0.85" CC="1040"/>
						<SP ID="P423_SP00074" HPOS="1122" VPOS="596" WIDTH="16"/>
						<String ID="P423_ST00083" HPOS="1138" VPOS="554" WIDTH="137" HEIGHT="30" CONTENT="reduced" WC="0.83" CC="0073001"/>
						<SP ID="P423_SP00075" HPOS="1275" VPOS="596" WIDTH="16"/>
						<String ID="P423_ST00084" HPOS="1291" VPOS="559" WIDTH="32" HEIGHT="25" CONTENT="to" WC="0.93" CC="01"/>
						<SP ID="P423_SP00076" HPOS="1323" VPOS="596" WIDTH="16"/>
						<String ID="P423_ST00085" HPOS="1339" VPOS="564" WIDTH="91" HEIGHT="19" CONTENT="seven" WC="0.77" CC="50006"/>
						<SP ID="P423_SP00077" HPOS="1430" VPOS="596" WIDTH="20"/>
						<String ID="P423_ST00086" HPOS="1450" VPOS="554" WIDTH="139" HEIGHT="36" CONTENT="families," WC="0.68" CC="400704056"/>
					</TextLine>
					<TextLine ID="P423_TL00010" HPOS="242" VPOS="605" WIDTH="657" HEIGHT="41">
						<String ID="P423_ST00087" HPOS="242" VPOS="605" WIDTH="191" HEIGHT="40" CONTENT="comprising" WC="0.68" CC="0060387400"/>
						<SP ID="P423_SP00078" HPOS="433" VPOS="645" WIDTH="16"/>
						<String ID="P423_ST00088" HPOS="449" VPOS="606" WIDTH="95" HEIGHT="29" CONTENT="about" WC="0.88" CC="00060"/>
						<SP ID="P423_SP00079" HPOS="544" VPOS="645" WIDTH="16"/>
						<String ID="P423_ST00089" HPOS="560" VPOS="616" WIDTH="17" HEIGHT="19" CONTENT="a" WC="0.79" CC="2"/>
						<SP ID="P423_SP00080" HPOS="577" VPOS="645" WIDTH="15"/>
						<String ID="P423_ST00090" HPOS="592" VPOS="605" WIDTH="156" HEIGHT="31" CONTENT="thousand" WC="0.75" CC="00070407"/>
						<SP ID="P423_SP00081" HPOS="748" VPOS="645" WIDTH="16"/>
						<String ID="P423_ST00091" HPOS="764" VPOS="618" WIDTH="135" HEIGHT="28" CONTENT="persons." WC="0.87" CC="00600300"/>
					</TextLine>
				</TextBlock>
				<TextBlock ID="P423_TB00004" HPOS="242" VPOS="656" WIDTH="1354" HEIGHT="400" STYLEREFS="TXT_0 PAR_LEFT">
					<TextLine ID="P423_TL00011" HPOS="285" VPOS="656" WIDTH="1305" HEIGHT="43">
						<String ID="P423_ST00092" HPOS="285" VPOS="656" WIDTH="71" HEIGHT="31" CONTENT="The" WC="1.00" CC="000"/>
						<SP ID="P423_SP00082" HPOS="356" VPOS="687" WIDTH="25"/>
						<String ID="P423_ST00093" HPOS="381" VPOS="657" WIDTH="198" HEIGHT="30" CONTENT="misfortunes" WC="0.67" CC="05077205700"/>
						<SP ID="P423_SP00083" HPOS="579" VPOS="687" WIDTH="16"/>
						<String ID="P423_ST00094" HPOS="595" VPOS="658" WIDTH="37" HEIGHT="29" CONTENT="of" WC="0.79" CC="04"/>
						<SP ID="P423_SP00084" HPOS="632" VPOS="687" WIDTH="16"/>
						<String ID="P423_ST00095" HPOS="648" VPOS="658" WIDTH="54" HEIGHT="30" CONTENT="the" WC="1.00" CC="000"/>
						<SP ID="P423_SP00085" HPOS="702" VPOS="688" WIDTH="17"/>
						<String ID="P423_ST00096" HPOS="719" VPOS="658" WIDTH="64" HEIGHT="41" CONTENT="city" WC="0.83" CC="0006"/>
						<SP ID="P423_SP00086" HPOS="783" VPOS="699" WIDTH="16"/>
						<String ID="P423_ST00097" HPOS="799" VPOS="659" WIDTH="37" HEIGHT="29" CONTENT="of" WC="0.77" CC="04"/>
						<SP ID="P423_SP00087" HPOS="836" VPOS="699" WIDTH="17"/>
						<String ID="P423_ST00098" HPOS="853" VPOS="660" WIDTH="225" HEIGHT="39" CONTENT="Cai-song-fou," WC="0.75" CC="0060027136020"/>
						<SP ID="P423_SP00088" HPOS="1078" VPOS="699" WIDTH="23"/>
						<String ID="P423_ST00099" HPOS="1101" VPOS="659" WIDTH="100" HEIGHT="30" CONTENT="which" WC="0.88" CC="32000"/>
						<SP ID="P423_SP00089" HPOS="1201" VPOS="699" WIDTH="24"/>
						<String ID="P423_ST00100" HPOS="1225" VPOS="664" WIDTH="31" HEIGHT="24" CONTENT="at" WC="1.00" CC="00"/>
						<SP ID="P423_SP00090" HPOS="1256" VPOS="699" WIDTH="16"/>
						<String ID="P423_ST00101" HPOS="1272" VPOS="658" WIDTH="39" HEIGHT="30" CONTENT="all" WC="0.84" CC="040"/>
						<SP ID="P423_SP00091" HPOS="1311" VPOS="699" WIDTH="15"/>
						<String ID="P423_ST00102" HPOS="1326" VPOS="658" WIDTH="122" HEIGHT="40" CONTENT="periods" WC="0.77" CC="5014040"/>
						<SP ID="P423_SP00092" HPOS="1448" VPOS="699" WIDTH="16"/>
						<String ID="P423_ST00103" HPOS="1464" VPOS="668" WIDTH="126" HEIGHT="31" CONTENT="appears" WC="0.69" CC="2550340"/>
					</TextLine>
					<TextLine ID="P423_TL00012" HPOS="244" VPOS="708" WIDTH="1352" HEIGHT="42">
						<String ID="P423_ST00104" HPOS="244" VPOS="714" WIDTH="32" HEIGHT="24" CONTENT="to" WC="0.99" CC="00"/>
						<SP ID="P423_SP00093" HPOS="276" VPOS="738" WIDTH="26"/>
						<String ID="P423_ST00105" HPOS="302" VPOS="708" WIDTH="79" HEIGHT="30" CONTENT="have" WC="0.82" CC="4200"/>
						<SP ID="P423_SP00094" HPOS="381" VPOS="738" WIDTH="31"/>
						<String ID="P423_ST00106" HPOS="412" VPOS="710" WIDTH="168" HEIGHT="28" CONTENT="contained" WC="0.83" CC="004001503"/>
						<SP ID="P423_SP00095" HPOS="580" VPOS="738" WIDTH="26"/>
						<String ID="P423_ST00107" HPOS="606" VPOS="721" WIDTH="17" HEIGHT="17" CONTENT="a" WC="0.35" CC="6"/>
						<SP ID="P423_SP00096" HPOS="623" VPOS="738" WIDTH="26"/>
						<String ID="P423_ST00108" HPOS="649" VPOS="709" WIDTH="84" HEIGHT="40" CONTENT="large" WC="0.61" CC="45630"/>
						<SP ID="P423_SP00097" HPOS="733" VPOS="749" WIDTH="25"/>
						<String ID="P423_ST00109" HPOS="758" VPOS="711" WIDTH="179" HEIGHT="39" CONTENT="proportion" WC="0.89" CC="0240000300"/>
						<SP ID="P423_SP00098" HPOS="937" VPOS="750" WIDTH="28"/>
						<String ID="P423_ST00110" HPOS="965" VPOS="710" WIDTH="37" HEIGHT="29" CONTENT="of" WC="0.85" CC="02"/>
						<SP ID="P423_SP00099" HPOS="1002" VPOS="750" WIDTH="24"/>
						<String ID="P423_ST00111" HPOS="1026" VPOS="710" WIDTH="80" HEIGHT="30" CONTENT="their" WC="0.95" CC="00010"/>
						<SP ID="P423_SP00100" HPOS="1106" VPOS="750" WIDTH="26"/>
						<String ID="P423_ST00112" HPOS="1132" VPOS="710" WIDTH="154" HEIGHT="34" CONTENT="numbers," WC="0.90" CC="00400300"/>
						<SP ID="P423_SP00101" HPOS="1286" VPOS="750" WIDTH="33"/>
						<String ID="P423_ST00113" HPOS="1319" VPOS="709" WIDTH="60" HEIGHT="29" CONTENT="and" WC="0.27" CC="668"/>
						<SP ID="P423_SP00102" HPOS="1379" VPOS="750" WIDTH="26"/>
						<String ID="P423_ST00114" HPOS="1405" VPOS="709" WIDTH="80" HEIGHT="29" CONTENT="their" WC="0.81" CC="00053"/>
						<SP ID="P423_SP00103" HPOS="1485" VPOS="750" WIDTH="25"/>
						<String ID="P423_ST00115" HPOS="1510" VPOS="709" WIDTH="86" HEIGHT="29" CONTENT="chief" WC="0.74" CC="03207"/>
					</TextLine>
					<TextLine ID="P423_TL00013" HPOS="243" VPOS="760" WIDTH="1350" HEIGHT="40">
						<String ID="P423_ST00116" HPOS="243" VPOS="770" WIDTH="191" HEIGHT="30" CONTENT="synagogue," WC="0.75" CC="0740200505"/>
						<SP ID="P423_SP00104" HPOS="434" VPOS="800" WIDTH="19"/>
						<String ID="P423_ST00117" HPOS="453" VPOS="760" WIDTH="201" HEIGHT="30" CONTENT="contributed" WC="0.85" CC="08000033000"/>
						<SP ID="P423_SP00105" HPOS="654" VPOS="800" WIDTH="15"/>
						<String ID="P423_ST00118" HPOS="669" VPOS="760" WIDTH="120" HEIGHT="40" CONTENT="greatly" WC="0.76" CC="1002047"/>
						<SP ID="P423_SP00106" HPOS="789" VPOS="800" WIDTH="16"/>
						<String ID="P423_ST00119" HPOS="805" VPOS="767" WIDTH="32" HEIGHT="23" CONTENT="to" WC="0.98" CC="00"/>
						<SP ID="P423_SP00107" HPOS="837" VPOS="800" WIDTH="16"/>
						<String ID="P423_ST00120" HPOS="853" VPOS="761" WIDTH="96" HEIGHT="30" CONTENT="lessen" WC="0.76" CC="300207"/>
						<SP ID="P423_SP00108" HPOS="949" VPOS="800" WIDTH="18"/>
						<String ID="P423_ST00121" HPOS="967" VPOS="761" WIDTH="79" HEIGHT="30" CONTENT="their" WC="0.71" CC="60008"/>
						<SP ID="P423_SP00109" HPOS="1046" VPOS="800" WIDTH="17"/>
						<String ID="P423_ST00122" HPOS="1063" VPOS="765" WIDTH="136" HEIGHT="25" CONTENT="amount." WC="0.75" CC="2560200"/>
						<SP ID="P423_SP00110" HPOS="1199" VPOS="800" WIDTH="40"/>
						<String ID="P423_ST00123" HPOS="1239" VPOS="760" WIDTH="36" HEIGHT="29" CONTENT="In" WC="0.84" CC="02"/>
						<SP ID="P423_SP00111" HPOS="1275" VPOS="800" WIDTH="16"/>
						<String ID="P423_ST00124" HPOS="1291" VPOS="760" WIDTH="53" HEIGHT="29" CONTENT="the" WC="1.00" CC="000"/>
						<SP ID="P423_SP00112" HPOS="1344" VPOS="800" WIDTH="17"/>
						<String ID="P423_ST00125" HPOS="1361" VPOS="760" WIDTH="85" HEIGHT="39" CONTENT="reign" WC="0.73" CC="00317"/>
						<SP ID="P423_SP00113" HPOS="1446" VPOS="800" WIDTH="18"/>
						<String ID="P423_ST00126" HPOS="1464" VPOS="760" WIDTH="35" HEIGHT="29" CONTENT="of" WC="0.58" CC="08"/>
						<SP ID="P423_SP00114" HPOS="1499" VPOS="800" WIDTH="11"/>
						<String ID="P423_ST00127" HPOS="1510" VPOS="760" WIDTH="83" HEIGHT="29" CONTENT="Van-" WC="0.80" CC="3030"/>
					</TextLine>
					<TextLine ID="P423_TL00014" HPOS="244" VPOS="810" WIDTH="1349" HEIGHT="43">
						<String ID="P423_ST00128" HPOS="244" VPOS="811" WIDTH="66" HEIGHT="30" CONTENT="Lee" WC="0.81" CC="500"/>
						<SP ID="P423_SP00115" HPOS="310" VPOS="841" WIDTH="17"/>
						<String ID="P423_ST00129" HPOS="327" VPOS="822" WIDTH="17" HEIGHT="19" CONTENT="a" WC="1.00" CC="0"/>
						<SP ID="P423_SP00116" HPOS="344" VPOS="841" WIDTH="15"/>
						<String ID="P423_ST00130" HPOS="359" VPOS="811" WIDTH="226" HEIGHT="40" CONTENT="conflagration" WC="0.72" CC="0002200770428"/>
						<SP ID="P423_SP00117" HPOS="585" VPOS="851" WIDTH="16"/>
						<String ID="P423_ST00131" HPOS="601" VPOS="811" WIDTH="138" HEIGHT="30" CONTENT="reduced" WC="0.89" CC="0042000"/>
						<SP ID="P423_SP00118" HPOS="739" VPOS="851" WIDTH="15"/>
						<String ID="P423_ST00132" HPOS="754" VPOS="812" WIDTH="81" HEIGHT="30" CONTENT="their" WC="0.86" CC="00006"/>
						<SP ID="P423_SP00119" HPOS="835" VPOS="851" WIDTH="16"/>
						<String ID="P423_ST00133" HPOS="851" VPOS="822" WIDTH="178" HEIGHT="31" CONTENT="synagogue" WC="0.73" CC="055020180"/>
						<SP ID="P423_SP00120" HPOS="1029" VPOS="853" WIDTH="13"/>
						<String ID="P423_ST00134" HPOS="1042" VPOS="817" WIDTH="32" HEIGHT="25" CONTENT="to" WC="1.00" CC="00"/>
						<SP ID="P423_SP00121" HPOS="1074" VPOS="853" WIDTH="17"/>
						<String ID="P423_ST00135" HPOS="1091" VPOS="811" WIDTH="96" HEIGHT="35" CONTENT="ashes," WC="0.82" CC="210006"/>
						<SP ID="P423_SP00122" HPOS="1187" VPOS="853" WIDTH="18"/>
						<String ID="P423_ST00136" HPOS="1205" VPOS="810" WIDTH="61" HEIGHT="30" CONTENT="and" WC="0.66" CC="062"/>
						<SP ID="P423_SP00123" HPOS="1266" VPOS="853" WIDTH="12"/>
						<String ID="P423_ST00137" HPOS="1278" VPOS="810" WIDTH="165" HEIGHT="40" CONTENT="destroyed" WC="0.89" CC="000000602"/>
						<SP ID="P423_SP00124" HPOS="1443" VPOS="853" WIDTH="15"/>
						<String ID="P423_ST00138" HPOS="1458" VPOS="810" WIDTH="39" HEIGHT="30" CONTENT="all" WC="0.98" CC="000"/>
						<SP ID="P423_SP00125" HPOS="1497" VPOS="853" WIDTH="16"/>
						<String ID="P423_ST00139" HPOS="1513" VPOS="810" WIDTH="80" HEIGHT="30" CONTENT="their" WC="0.85" CC="00042"/>
					</TextLine>
					<TextLine ID="P423_TL00015" HPOS="244" VPOS="862" WIDTH="1349" HEIGHT="42">
						<String ID="P423_ST00140" HPOS="244" VPOS="863" WIDTH="101" HEIGHT="29" CONTENT="books" WC="0.78" CC="00307"/>
						<SP ID="P423_SP00126" HPOS="345" VPOS="892" WIDTH="16"/>
						<String ID="P423_ST00141" HPOS="361" VPOS="867" WIDTH="114" HEIGHT="36" CONTENT="except" WC="1.00" CC="000000"/>
						<SP ID="P423_SP00127" HPOS="475" VPOS="903" WIDTH="15"/>
						<String ID="P423_ST00142" HPOS="490" VPOS="874" WIDTH="16" HEIGHT="18" CONTENT="a" WC="0.80" CC="1"/>
						<SP ID="P423_SP00128" HPOS="506" VPOS="903" WIDTH="19"/>
						<String ID="P423_ST00143" HPOS="525" VPOS="863" WIDTH="203" HEIGHT="29" CONTENT="Pentateuch." WC="0.85" CC="30600005000"/>
						<SP ID="P423_SP00129" HPOS="728" VPOS="903" WIDTH="46"/>
						<String ID="P423_ST00144" HPOS="774" VPOS="863" WIDTH="69" HEIGHT="29" CONTENT="The" WC="0.79" CC="410"/>
						<SP ID="P423_SP00130" HPOS="843" VPOS="903" WIDTH="24"/>
						<String ID="P423_ST00145" HPOS="867" VPOS="874" WIDTH="178" HEIGHT="30" CONTENT="synagogue" WC="0.76" CC="075200050"/>
						<SP ID="P423_SP00131" HPOS="1045" VPOS="904" WIDTH="18"/>
						<String ID="P423_ST00146" HPOS="1063" VPOS="864" WIDTH="113" HEIGHT="39" CONTENT="having" WC="0.52" CC="674082"/>
						<SP ID="P423_SP00132" HPOS="1176" VPOS="904" WIDTH="15"/>
						<String ID="P423_ST00147" HPOS="1191" VPOS="864" WIDTH="79" HEIGHT="28" CONTENT="been" WC="0.95" CC="0002"/>
						<SP ID="P423_SP00133" HPOS="1270" VPOS="904" WIDTH="22"/>
						<String ID="P423_ST00148" HPOS="1292" VPOS="862" WIDTH="113" HEIGHT="30" CONTENT="rebuilt" WC="0.87" CC="2000050"/>
						<SP ID="P423_SP00134" HPOS="1405" VPOS="904" WIDTH="14"/>
						<String ID="P423_ST00149" HPOS="1419" VPOS="872" WIDTH="60" HEIGHT="20" CONTENT="was" WC="1.00" CC="000"/>
						<SP ID="P423_SP00135" HPOS="1479" VPOS="904" WIDTH="23"/>
						<String ID="P423_ST00150" HPOS="1502" VPOS="863" WIDTH="91" HEIGHT="39" CONTENT="again" WC="0.86" CC="01040"/>
					</TextLine>
					<TextLine ID="P423_TL00016" HPOS="245" VPOS="913" WIDTH="1346" HEIGHT="42">
						<String ID="P423_ST00151" HPOS="245" VPOS="914" WIDTH="169" HEIGHT="41" CONTENT="destroyed" WC="0.80" CC="000030608"/>
						<SP ID="P423_SP00136" HPOS="414" VPOS="955" WIDTH="23"/>
						<String ID="P423_ST00152" HPOS="437" VPOS="914" WIDTH="31" HEIGHT="29" CONTENT="in" WC="0.64" CC="33"/>
						<SP ID="P423_SP00137" HPOS="468" VPOS="955" WIDTH="28"/>
						<String ID="P423_ST00153" HPOS="496" VPOS="914" WIDTH="78" HEIGHT="30" CONTENT="1642" WC="0.38" CC="1688"/>
						<SP ID="P423_SP00138" HPOS="574" VPOS="955" WIDTH="26"/>
						<String ID="P423_ST00154" HPOS="600" VPOS="914" WIDTH="42" HEIGHT="40" CONTENT="by" WC="0.25" CC="68"/>
						<SP ID="P423_SP00139" HPOS="642" VPOS="955" WIDTH="15"/>
						<String ID="P423_ST00155" HPOS="657" VPOS="914" WIDTH="53" HEIGHT="29" CONTENT="the" WC="0.90" CC="030"/>
						<SP ID="P423_SP00140" HPOS="710" VPOS="955" WIDTH="24"/>
						<String ID="P423_ST00156" HPOS="734" VPOS="914" WIDTH="182" HEIGHT="30" CONTENT="inundation" WC="0.60" CC="0555370507"/>
						<SP ID="P423_SP00141" HPOS="916" VPOS="955" WIDTH="28"/>
						<String ID="P423_ST00157" HPOS="944" VPOS="915" WIDTH="37" HEIGHT="30" CONTENT="of" WC="0.65" CC="07"/>
						<SP ID="P423_SP00142" HPOS="981" VPOS="955" WIDTH="21"/>
						<String ID="P423_ST00158" HPOS="1002" VPOS="914" WIDTH="52" HEIGHT="30" CONTENT="the" WC="1.00" CC="000"/>
						<SP ID="P423_SP00143" HPOS="1054" VPOS="955" WIDTH="18"/>
						<String ID="P423_ST00159" HPOS="1072" VPOS="914" WIDTH="178" HEIGHT="39" CONTENT="Hoang-ho," WC="0.72" CC="630500305"/>
						<SP ID="P423_SP00144" HPOS="1250" VPOS="955" WIDTH="28"/>
						<String ID="P423_ST00160" HPOS="1278" VPOS="924" WIDTH="34" HEIGHT="18" CONTENT="or" WC="1.00" CC="00"/>
						<SP ID="P423_SP00145" HPOS="1312" VPOS="955" WIDTH="27"/>
						<String ID="P423_ST00161" HPOS="1339" VPOS="913" WIDTH="116" HEIGHT="29" CONTENT="Yellow" WC="0.91" CC="002200"/>
						<SP ID="P423_SP00146" HPOS="1455" VPOS="955" WIDTH="20"/>
						<String ID="P423_ST00162" HPOS="1475" VPOS="914" WIDTH="95" HEIGHT="28" CONTENT="River" WC="0.86" CC="42000"/>
						<SP ID="P423_SP00147" HPOS="1570" VPOS="955" WIDTH="13"/>
						<String ID="P423_ST00163" HPOS="1583" VPOS="925" WIDTH="8" HEIGHT="18" CONTENT=":" WC="0.64" CC="3"/>
					</TextLine>
					<TextLine ID="P423_TL00017" HPOS="245" VPOS="964" WIDTH="1347" HEIGHT="40">
						<String ID="P423_ST00164" HPOS="245" VPOS="965" WIDTH="236" HEIGHT="31" CONTENT="re-established" WC="0.87" CC="00103000232500"/>
						<SP ID="P423_SP00148" HPOS="481" VPOS="996" WIDTH="24"/>
						<String ID="P423_ST00165" HPOS="505" VPOS="970" WIDTH="30" HEIGHT="24" CONTENT="at" WC="0.79" CC="40"/>
						<SP ID="P423_SP00149" HPOS="535" VPOS="996" WIDTH="24"/>
						<String ID="P423_ST00166" HPOS="559" VPOS="964" WIDTH="51" HEIGHT="31" CONTENT="the" WC="1.00" CC="000"/>
						<SP ID="P423_SP00150" HPOS="610" VPOS="996" WIDTH="25"/>
						<String ID="P423_ST00167" HPOS="635" VPOS="964" WIDTH="114" HEIGHT="40" CONTENT="charge" WC="0.79" CC="071200"/>
						<SP ID="P423_SP00151" HPOS="749" VPOS="1004" WIDTH="16"/>
						<String ID="P423_ST00168" HPOS="765" VPOS="964" WIDTH="37" HEIGHT="30" CONTENT="of" WC="0.87" CC="02"/>
						<SP ID="P423_SP00152" HPOS="802" VPOS="1004" WIDTH="11"/>
						<String ID="P423_ST00169" HPOS="813" VPOS="965" WIDTH="117" HEIGHT="36" CONTENT="Tchao," WC="0.76" CC="300505"/>
						<SP ID="P423_SP00153" HPOS="930" VPOS="1004" WIDTH="19"/>
						<String ID="P423_ST00170" HPOS="949" VPOS="977" WIDTH="16" HEIGHT="19" CONTENT="a" WC="1.00" CC="0"/>
						<SP ID="P423_SP00154" HPOS="965" VPOS="1004" WIDTH="15"/>
						<String ID="P423_ST00171" HPOS="980" VPOS="966" WIDTH="114" HEIGHT="31" CONTENT="Jewish" WC="0.91" CC="000004"/>
						<SP ID="P423_SP00155" HPOS="1094" VPOS="1004" WIDTH="24"/>
						<String ID="P423_ST00172" HPOS="1118" VPOS="965" WIDTH="169" HEIGHT="35" CONTENT="mandarin," WC="0.57" CC="806730066"/>
						<SP ID="P423_SP00156" HPOS="1287" VPOS="1004" WIDTH="24"/>
						<String ID="P423_ST00173" HPOS="1311" VPOS="965" WIDTH="25" HEIGHT="29" CONTENT="it" WC="0.58" CC="26"/>
						<SP ID="P423_SP00157" HPOS="1336" VPOS="1004" WIDTH="15"/>
						<String ID="P423_ST00174" HPOS="1351" VPOS="975" WIDTH="60" HEIGHT="19" CONTENT="was" WC="0.77" CC="105"/>
						<SP ID="P423_SP00158" HPOS="1411" VPOS="1004" WIDTH="16"/>
						<String ID="P423_ST00175" HPOS="1427" VPOS="964" WIDTH="99" HEIGHT="30" CONTENT="called" WC="0.68" CC="006507"/>
						<SP ID="P423_SP00159" HPOS="1526" VPOS="1004" WIDTH="17"/>
						<String ID="P423_ST00176" HPOS="1543" VPOS="964" WIDTH="49" HEIGHT="30" CONTENT="Li" SUBS_TYPE="HypPart1" SUBS_CONTENT="Lipai-se," WC="0.56" CC="273"/>
						<HYP CONTENT="-"/>
					</TextLine>
					<TextLine ID="P423_TL00018" HPOS="244" VPOS="1015" WIDTH="1122" HEIGHT="41">
						<String ID="P423_ST00177" HPOS="244" VPOS="1017" WIDTH="107" HEIGHT="39" CONTENT="pai-se," SUBS_TYPE="HypPart2" SUBS_CONTENT="Lipai-se," WC="0.74" CC="4024006"/>
						<SP ID="P423_SP00160" HPOS="351" VPOS="1056" WIDTH="21"/>
						<String ID="P423_ST00178" HPOS="372" VPOS="1023" WIDTH="18" HEIGHT="12" CONTENT='"' WC="1.00" CC="0"/>
						<SP ID="P423_SP00161" HPOS="390" VPOS="1056" WIDTH="16"/>
						<String ID="P423_ST00179" HPOS="406" VPOS="1017" WIDTH="55" HEIGHT="30" CONTENT="the" WC="1.00" CC="000"/>
						<SP ID="P423_SP00162" HPOS="461" VPOS="1056" WIDTH="16"/>
						<String ID="P423_ST00180" HPOS="477" VPOS="1017" WIDTH="87" HEIGHT="39" CONTENT="place" WC="0.78" CC="03700"/>
						<SP ID="P423_SP00163" HPOS="564" VPOS="1056" WIDTH="17"/>
						<String ID="P423_ST00181" HPOS="581" VPOS="1015" WIDTH="34" HEIGHT="31" CONTENT="of" WC="0.80" CC="03"/>
						<SP ID="P423_SP00164" HPOS="615" VPOS="1056" WIDTH="17"/>
						<String ID="P423_ST00182" HPOS="632" VPOS="1017" WIDTH="224" HEIGHT="35" CONTENT='ceremonies,"' WC="0.84" CC="005000400044"/>
						<SP ID="P423_SP00165" HPOS="856" VPOS="1056" WIDTH="18"/>
						<String ID="P423_ST00183" HPOS="874" VPOS="1028" WIDTH="17" HEIGHT="18" CONTENT="a" WC="0.31" CC="6"/>
						<SP ID="P423_SP00166" HPOS="891" VPOS="1056" WIDTH="15"/>
						<String ID="P423_ST00184" HPOS="906" VPOS="1027" WIDTH="89" HEIGHT="20" CONTENT="name" WC="0.63" CC="6080"/>
						<SP ID="P423_SP00167" HPOS="995" VPOS="1056" WIDTH="16"/>
						<String ID="P423_ST00185" HPOS="1011" VPOS="1017" WIDTH="100" HEIGHT="30" CONTENT="which" WC="0.73" CC="75000"/>
						<SP ID="P423_SP00168" HPOS="1111" VPOS="1056" WIDTH="17"/>
						<String ID="P423_ST00186" HPOS="1128" VPOS="1017" WIDTH="23" HEIGHT="29" CONTENT="it" WC="1.00" CC="00"/>
						<SP ID="P423_SP00169" HPOS="1151" VPOS="1056" WIDTH="16"/>
						<String ID="P423_ST00187" HPOS="1167" VPOS="1016" WIDTH="60" HEIGHT="30" CONTENT="still" WC="0.89" CC="01003"/>
						<SP ID="P423_SP00170" HPOS="1227" VPOS="1056" WIDTH="16"/>
						<String ID="P423_ST00188" HPOS="1243" VPOS="1016" WIDTH="123" HEIGHT="30" CONTENT="retains." WC="0.83" CC="00204600"/>
					</TextLine>
				</TextBlock>
				<TextBlock ID="P423_TB00005" HPOS="245" VPOS="1066" WIDTH="1354" HEIGHT="404" STYLEREFS="TXT_0 PAR_LEFT">
					<TextLine ID="P423_TL00019" HPOS="289" VPOS="1067" WIDTH="1304" HEIGHT="41">
						<String ID="P423_ST00189" HPOS="289" VPOS="1069" WIDTH="70" HEIGHT="30" CONTENT="The" WC="0.99" CC="000"/>
						<SP ID="P423_SP00171" HPOS="359" VPOS="1099" WIDTH="46"/>
						<String ID="P423_ST00190" HPOS="405" VPOS="1069" WIDTH="159" HEIGHT="39" CONTENT="Li-pai-se," WC="0.74" CC="1115202145"/>
						<SP ID="P423_SP00172" HPOS="564" VPOS="1108" WIDTH="35"/>
						<String ID="P423_ST00191" HPOS="599" VPOS="1068" WIDTH="169" HEIGHT="40" CONTENT="according" WC="0.71" CC="000003578"/>
						<SP ID="P423_SP00173" HPOS="768" VPOS="1108" WIDTH="35"/>
						<String ID="P423_ST00192" HPOS="803" VPOS="1073" WIDTH="32" HEIGHT="24" CONTENT="to" WC="1.00" CC="00"/>
						<SP ID="P423_SP00174" HPOS="835" VPOS="1108" WIDTH="39"/>
						<String ID="P423_ST00193" HPOS="874" VPOS="1068" WIDTH="111" HEIGHT="29" CONTENT="Father" WC="0.92" CC="030000"/>
						<SP ID="P423_SP00175" HPOS="985" VPOS="1108" WIDTH="35"/>
						<String ID="P423_ST00194" HPOS="1020" VPOS="1068" WIDTH="189" HEIGHT="39" CONTENT="Domanges," WC="0.79" CC="720050010"/>
						<SP ID="P423_SP00176" HPOS="1209" VPOS="1108" WIDTH="41"/>
						<String ID="P423_ST00195" HPOS="1250" VPOS="1067" WIDTH="69" HEIGHT="29" CONTENT="who" WC="0.74" CC="430"/>
						<SP ID="P423_SP00177" HPOS="1319" VPOS="1108" WIDTH="40"/>
						<String ID="P423_ST00196" HPOS="1359" VPOS="1067" WIDTH="109" HEIGHT="40" CONTENT="passed" WC="0.78" CC="050006"/>
						<SP ID="P423_SP00178" HPOS="1468" VPOS="1108" WIDTH="37"/>
						<String ID="P423_ST00197" HPOS="1505" VPOS="1067" WIDTH="88" HEIGHT="40" CONTENT="eight" WC="0.80" CC="03060"/>
					</TextLine>
					<TextLine ID="P423_TL00020" HPOS="246" VPOS="1117" WIDTH="1347" HEIGHT="42">
						<String ID="P423_ST00198" HPOS="246" VPOS="1121" WIDTH="126" HEIGHT="30" CONTENT="months" WC="0.78" CC="016030"/>
						<SP ID="P423_SP00179" HPOS="372" VPOS="1151" WIDTH="24"/>
						<String ID="P423_ST00199" HPOS="396" VPOS="1125" WIDTH="32" HEIGHT="25" CONTENT="at" WC="1.00" CC="00"/>
						<SP ID="P423_SP00180" HPOS="428" VPOS="1151" WIDTH="25"/>
						<String ID="P423_ST00200" HPOS="453" VPOS="1119" WIDTH="226" HEIGHT="40" CONTENT="Cai-song-fou," WC="0.86" CC="0000001027005"/>
						<SP ID="P423_SP00181" HPOS="679" VPOS="1159" WIDTH="25"/>
						<String ID="P423_ST00201" HPOS="704" VPOS="1119" WIDTH="24" HEIGHT="29" CONTENT="is" WC="0.56" CC="43"/>
						<SP ID="P423_SP00182" HPOS="728" VPOS="1159" WIDTH="23"/>
						<String ID="P423_ST00202" HPOS="751" VPOS="1119" WIDTH="95" HEIGHT="30" CONTENT="about" WC="0.99" CC="00000"/>
						<SP ID="P423_SP00183" HPOS="846" VPOS="1159" WIDTH="23"/>
						<String ID="P423_ST00203" HPOS="869" VPOS="1119" WIDTH="78" HEIGHT="40" CONTENT="sixty" WC="0.74" CC="03008"/>
						<SP ID="P423_SP00184" HPOS="947" VPOS="1159" WIDTH="24"/>
						<String ID="P423_ST00204" HPOS="971" VPOS="1119" WIDTH="64" HEIGHT="29" CONTENT="feet" WC="0.91" CC="3000"/>
						<SP ID="P423_SP00185" HPOS="1035" VPOS="1159" WIDTH="22"/>
						<String ID="P423_ST00205" HPOS="1057" VPOS="1119" WIDTH="30" HEIGHT="28" CONTENT="in" WC="0.80" CC="21"/>
						<SP ID="P423_SP00186" HPOS="1087" VPOS="1159" WIDTH="24"/>
						<String ID="P423_ST00206" HPOS="1111" VPOS="1118" WIDTH="118" HEIGHT="39" CONTENT="length," WC="0.75" CC="0060065"/>
						<SP ID="P423_SP00187" HPOS="1229" VPOS="1159" WIDTH="28"/>
						<String ID="P423_ST00207" HPOS="1257" VPOS="1118" WIDTH="62" HEIGHT="28" CONTENT="and" WC="0.55" CC="076"/>
						<SP ID="P423_SP00188" HPOS="1319" VPOS="1159" WIDTH="22"/>
						<String ID="P423_ST00208" HPOS="1341" VPOS="1118" WIDTH="95" HEIGHT="28" CONTENT="about" WC="0.88" CC="00050"/>
						<SP ID="P423_SP00189" HPOS="1436" VPOS="1159" WIDTH="21"/>
						<String ID="P423_ST00209" HPOS="1457" VPOS="1117" WIDTH="82" HEIGHT="40" CONTENT="forty" WC="0.67" CC="56004"/>
						<SP ID="P423_SP00190" HPOS="1539" VPOS="1159" WIDTH="23"/>
						<String ID="P423_ST00210" HPOS="1562" VPOS="1119" WIDTH="31" HEIGHT="28" CONTENT="in" WC="0.54" CC="44"/>
					</TextLine>
					<TextLine ID="P423_TL00021" HPOS="247" VPOS="1169" WIDTH="1352" HEIGHT="42">
						<String ID="P423_ST00211" HPOS="247" VPOS="1173" WIDTH="143" HEIGHT="34" CONTENT="breadth," WC="0.89" CC="10000005"/>
						<SP ID="P423_SP00191" HPOS="390" VPOS="1207" WIDTH="27"/>
						<String ID="P423_ST00212" HPOS="417" VPOS="1173" WIDTH="57" HEIGHT="28" CONTENT="but" WC="0.52" CC="760"/>
						<SP ID="P423_SP00192" HPOS="474" VPOS="1207" WIDTH="22"/>
						<String ID="P423_ST00213" HPOS="496" VPOS="1172" WIDTH="25" HEIGHT="29" CONTENT="is" WC="0.80" CC="40"/>
						<SP ID="P423_SP00193" HPOS="521" VPOS="1207" WIDTH="23"/>
						<String ID="P423_ST00214" HPOS="544" VPOS="1170" WIDTH="194" HEIGHT="31" CONTENT="surrounded" WC="0.75" CC="3018064000"/>
						<SP ID="P423_SP00194" HPOS="738" VPOS="1207" WIDTH="16"/>
						<String ID="P423_ST00215" HPOS="754" VPOS="1171" WIDTH="41" HEIGHT="40" CONTENT="by" WC="0.44" CC="55"/>
						<SP ID="P423_SP00195" HPOS="795" VPOS="1211" WIDTH="17"/>
						<String ID="P423_ST00216" HPOS="812" VPOS="1171" WIDTH="184" HEIGHT="39" CONTENT="contingent" WC="0.84" CC="0010050070"/>
						<SP ID="P423_SP00196" HPOS="996" VPOS="1211" WIDTH="21"/>
						<String ID="P423_ST00217" HPOS="1017" VPOS="1169" WIDTH="167" HEIGHT="40" CONTENT="buildings," WC="0.83" CC="0002702221"/>
						<SP ID="P423_SP00197" HPOS="1184" VPOS="1211" WIDTH="29"/>
						<String ID="P423_ST00218" HPOS="1213" VPOS="1169" WIDTH="176" HEIGHT="40" CONTENT="occupying" WC="0.65" CC="070626070"/>
						<SP ID="P423_SP00198" HPOS="1389" VPOS="1211" WIDTH="23"/>
						<String ID="P423_ST00219" HPOS="1412" VPOS="1179" WIDTH="17" HEIGHT="19" CONTENT="a" WC="1.00" CC="0"/>
						<SP ID="P423_SP00199" HPOS="1429" VPOS="1211" WIDTH="20"/>
						<String ID="P423_ST00220" HPOS="1449" VPOS="1179" WIDTH="90" HEIGHT="30" CONTENT="space" WC="0.90" CC="03100"/>
						<SP ID="P423_SP00200" HPOS="1539" VPOS="1211" WIDTH="23"/>
						<String ID="P423_ST00221" HPOS="1562" VPOS="1169" WIDTH="37" HEIGHT="30" CONTENT="of" WC="1.00" CC="00"/>
					</TextLine>
					<TextLine ID="P423_TL00022" HPOS="246" VPOS="1220" WIDTH="1347" HEIGHT="45">
						<String ID="P423_ST00222" HPOS="246" VPOS="1224" WIDTH="126" HEIGHT="41" CONTENT="ground" WC="0.93" CC="000040"/>
						<SP ID="P423_SP00201" HPOS="372" VPOS="1265" WIDTH="15"/>
						<String ID="P423_ST00223" HPOS="387" VPOS="1223" WIDTH="70" HEIGHT="31" CONTENT="four" WC="0.54" CC="8243"/>
						<SP ID="P423_SP00202" HPOS="457" VPOS="1265" WIDTH="15"/>
						<String ID="P423_ST00224" HPOS="472" VPOS="1222" WIDTH="145" HEIGHT="30" CONTENT="hundred" WC="0.83" CC="0060005"/>
						<SP ID="P423_SP00203" HPOS="617" VPOS="1265" WIDTH="12"/>
						<String ID="P423_ST00225" HPOS="629" VPOS="1223" WIDTH="64" HEIGHT="28" CONTENT="feet" WC="0.77" CC="8000"/>
						<SP ID="P423_SP00204" HPOS="693" VPOS="1265" WIDTH="16"/>
						<String ID="P423_ST00226" HPOS="709" VPOS="1222" WIDTH="83" HEIGHT="40" CONTENT="long," WC="0.50" CC="50486"/>
						<SP ID="P423_SP00205" HPOS="792" VPOS="1265" WIDTH="18"/>
						<String ID="P423_ST00227" HPOS="810" VPOS="1222" WIDTH="60" HEIGHT="29" CONTENT="and" WC="0.57" CC="048"/>
						<SP ID="P423_SP00206" HPOS="870" VPOS="1265" WIDTH="16"/>
						<String ID="P423_ST00228" HPOS="886" VPOS="1233" WIDTH="17" HEIGHT="18" CONTENT="a" WC="1.00" CC="0"/>
						<SP ID="P423_SP00207" HPOS="903" VPOS="1265" WIDTH="16"/>
						<String ID="P423_ST00229" HPOS="919" VPOS="1221" WIDTH="144" HEIGHT="30" CONTENT="hundred" WC="0.76" CC="6112400"/>
						<SP ID="P423_SP00208" HPOS="1063" VPOS="1265" WIDTH="16"/>
						<String ID="P423_ST00230" HPOS="1079" VPOS="1221" WIDTH="60" HEIGHT="30" CONTENT="and" WC="0.82" CC="050"/>
						<SP ID="P423_SP00209" HPOS="1139" VPOS="1265" WIDTH="15"/>
						<String ID="P423_ST00231" HPOS="1154" VPOS="1221" WIDTH="69" HEIGHT="41" CONTENT="fifty" WC="0.65" CC="11707"/>
						<SP ID="P423_SP00210" HPOS="1223" VPOS="1265" WIDTH="12"/>
						<String ID="P423_ST00232" HPOS="1235" VPOS="1221" WIDTH="89" HEIGHT="30" CONTENT="wide." WC="0.78" CC="37000"/>
						<SP ID="P423_SP00211" HPOS="1324" VPOS="1265" WIDTH="31"/>
						<String ID="P423_ST00233" HPOS="1355" VPOS="1220" WIDTH="69" HEIGHT="30" CONTENT="The" WC="0.94" CC="010"/>
						<SP ID="P423_SP00212" HPOS="1424" VPOS="1265" WIDTH="12"/>
						<String ID="P423_ST00234" HPOS="1436" VPOS="1220" WIDTH="157" HEIGHT="41" CONTENT="buildings" WC="0.82" CC="003206020"/>
					</TextLine>
					<TextLine ID="P423_TL00023" HPOS="246" VPOS="1271" WIDTH="1346" HEIGHT="41">
						<String ID="P423_ST00235" HPOS="246" VPOS="1276" WIDTH="118" HEIGHT="30" CONTENT="inclose" WC="0.97" CC="0001000"/>
						<SP ID="P423_SP00213" HPOS="364" VPOS="1306" WIDTH="25"/>
						<String ID="P423_ST00236" HPOS="389" VPOS="1274" WIDTH="87" HEIGHT="31" CONTENT="small" WC="0.92" CC="03000"/>
						<SP ID="P423_SP00214" HPOS="476" VPOS="1306" WIDTH="25"/>
						<String ID="P423_ST00237" HPOS="501" VPOS="1279" WIDTH="105" HEIGHT="25" CONTENT="courts" WC="1.00" CC="000000"/>
						<SP ID="P423_SP00215" HPOS="606" VPOS="1306" WIDTH="25"/>
						<String ID="P423_ST00238" HPOS="631" VPOS="1273" WIDTH="203" HEIGHT="30" CONTENT="ornamented" WC="0.85" CC="0020005007"/>
						<SP ID="P423_SP00216" HPOS="834" VPOS="1306" WIDTH="27"/>
						<String ID="P423_ST00239" HPOS="861" VPOS="1273" WIDTH="72" HEIGHT="29" CONTENT="with" WC="0.91" CC="0003"/>
						<SP ID="P423_SP00217" HPOS="933" VPOS="1306" WIDTH="25"/>
						<String ID="P423_ST00240" HPOS="958" VPOS="1273" WIDTH="113" HEIGHT="39" CONTENT="figures" WC="0.84" CC="3303000"/>
						<SP ID="P423_SP00218" HPOS="1071" VPOS="1312" WIDTH="27"/>
						<String ID="P423_ST00241" HPOS="1098" VPOS="1273" WIDTH="37" HEIGHT="28" CONTENT="of" WC="0.59" CC="08"/>
						<SP ID="P423_SP00219" HPOS="1135" VPOS="1312" WIDTH="27"/>
						<String ID="P423_ST00242" HPOS="1162" VPOS="1273" WIDTH="88" HEIGHT="34" CONTENT="lions," WC="0.66" CC="057501"/>
						<SP ID="P423_SP00220" HPOS="1250" VPOS="1312" WIDTH="25"/>
						<String ID="P423_ST00243" HPOS="1275" VPOS="1282" WIDTH="86" HEIGHT="19" CONTENT="vases" WC="0.87" CC="06000"/>
						<SP ID="P423_SP00221" HPOS="1361" VPOS="1312" WIDTH="25"/>
						<String ID="P423_ST00244" HPOS="1386" VPOS="1271" WIDTH="48" HEIGHT="30" CONTENT="for" WC="0.72" CC="204"/>
						<SP ID="P423_SP00222" HPOS="1434" VPOS="1312" WIDTH="23"/>
						<String ID="P423_ST00245" HPOS="1457" VPOS="1272" WIDTH="135" HEIGHT="34" CONTENT="incense," WC="0.73" CC="36004006"/>
					</TextLine>
					<TextLine ID="P423_TL00024" HPOS="245" VPOS="1322" WIDTH="1348" HEIGHT="42">
						<String ID="P423_ST00246" HPOS="245" VPOS="1328" WIDTH="131" HEIGHT="34" CONTENT="flowers," WC="0.84" CC="33000004"/>
						<SP ID="P423_SP00223" HPOS="376" VPOS="1362" WIDTH="23"/>
						<String ID="P423_ST00247" HPOS="399" VPOS="1326" WIDTH="62" HEIGHT="30" CONTENT="and" WC="0.68" CC="072"/>
						<SP ID="P423_SP00224" HPOS="461" VPOS="1362" WIDTH="16"/>
						<String ID="P423_ST00248" HPOS="477" VPOS="1331" WIDTH="88" HEIGHT="25" CONTENT="stone" WC="0.83" CC="20140"/>
						<SP ID="P423_SP00225" HPOS="565" VPOS="1362" WIDTH="17"/>
						<String ID="P423_ST00249" HPOS="582" VPOS="1329" WIDTH="197" HEIGHT="25" CONTENT="monuments" WC="0.87" CC="001240300"/>
						<SP ID="P423_SP00226" HPOS="779" VPOS="1362" WIDTH="15"/>
						<String ID="P423_ST00250" HPOS="794" VPOS="1324" WIDTH="129" HEIGHT="40" CONTENT="bearing" WC="0.53" CC="0065488"/>
						<SP ID="P423_SP00227" HPOS="923" VPOS="1364" WIDTH="15"/>
						<String ID="P423_ST00251" HPOS="938" VPOS="1323" WIDTH="196" HEIGHT="40" CONTENT="inscriptions" WC="0.67" CC="340066405070"/>
						<SP ID="P423_SP00228" HPOS="1134" VPOS="1364" WIDTH="24"/>
						<String ID="P423_ST00252" HPOS="1158" VPOS="1323" WIDTH="116" HEIGHT="39" CONTENT="setting" WC="0.82" CC="0000451"/>
						<SP ID="P423_SP00229" HPOS="1274" VPOS="1364" WIDTH="21"/>
						<String ID="P423_ST00253" HPOS="1295" VPOS="1322" WIDTH="83" HEIGHT="29" CONTENT="forth" WC="0.87" CC="40020"/>
						<SP ID="P423_SP00230" HPOS="1378" VPOS="1364" WIDTH="24"/>
						<String ID="P423_ST00254" HPOS="1402" VPOS="1322" WIDTH="53" HEIGHT="29" CONTENT="the" WC="0.76" CC="060"/>
						<SP ID="P423_SP00231" HPOS="1455" VPOS="1364" WIDTH="22"/>
						<String ID="P423_ST00255" HPOS="1477" VPOS="1323" WIDTH="116" HEIGHT="39" CONTENT="history" WC="0.82" CC="0303005"/>
					</TextLine>
					<TextLine ID="P423_TL00025" HPOS="246" VPOS="1373" WIDTH="1347" HEIGHT="43">
						<String ID="P423_ST00256" HPOS="246" VPOS="1379" WIDTH="38" HEIGHT="30" CONTENT="of" WC="0.73" CC="05"/>
						<SP ID="P423_SP00232" HPOS="284" VPOS="1409" WIDTH="21"/>
						<String ID="P423_ST00257" HPOS="305" VPOS="1378" WIDTH="54" HEIGHT="31" CONTENT="the" WC="0.98" CC="000"/>
						<SP ID="P423_SP00233" HPOS="359" VPOS="1409" WIDTH="23"/>
						<String ID="P423_ST00258" HPOS="382" VPOS="1377" WIDTH="244" HEIGHT="31" CONTENT="establishment." WC="0.75" CC="02700003750700"/>
						<SP ID="P423_SP00234" HPOS="626" VPOS="1409" WIDTH="46"/>
						<String ID="P423_ST00259" HPOS="672" VPOS="1375" WIDTH="217" HEIGHT="41" CONTENT="Immediately" WC="0.77" CC="00600500067"/>
						<SP ID="P423_SP00235" HPOS="889" VPOS="1416" WIDTH="16"/>
						<String ID="P423_ST00260" HPOS="905" VPOS="1375" WIDTH="105" HEIGHT="30" CONTENT="before" WC="0.73" CC="002480"/>
						<SP ID="P423_SP00236" HPOS="1010" VPOS="1416" WIDTH="15"/>
						<String ID="P423_ST00261" HPOS="1025" VPOS="1374" WIDTH="54" HEIGHT="30" CONTENT="the" WC="1.00" CC="000"/>
						<SP ID="P423_SP00237" HPOS="1079" VPOS="1416" WIDTH="16"/>
						<String ID="P423_ST00262" HPOS="1095" VPOS="1373" WIDTH="156" HEIGHT="41" CONTENT="Li-pai-se," WC="0.74" CC="7037010006"/>
						<SP ID="P423_SP00238" HPOS="1251" VPOS="1416" WIDTH="22"/>
						<String ID="P423_ST00263" HPOS="1273" VPOS="1373" WIDTH="190" HEIGHT="30" CONTENT="balustrades" WC="0.75" CC="63260001600"/>
						<SP ID="P423_SP00239" HPOS="1463" VPOS="1416" WIDTH="15"/>
						<String ID="P423_ST00264" HPOS="1478" VPOS="1373" WIDTH="115" HEIGHT="31" CONTENT="inclose" WC="0.82" CC="0800400"/>
					</TextLine>
					<TextLine ID="P423_TL00026" HPOS="245" VPOS="1424" WIDTH="1274" HEIGHT="46">
						<String ID="P423_ST00265" HPOS="245" VPOS="1442" WIDTH="18" HEIGHT="19" CONTENT="a" WC="0.86" CC="1"/>
						<SP ID="P423_SP00240" HPOS="263" VPOS="1461" WIDTH="16"/>
						<String ID="P423_ST00266" HPOS="279" VPOS="1441" WIDTH="93" HEIGHT="29" CONTENT="space" WC="0.95" CC="02000"/>
						<SP ID="P423_SP00241" HPOS="372" VPOS="1470" WIDTH="15"/>
						<String ID="P423_ST00267" HPOS="387" VPOS="1430" WIDTH="32" HEIGHT="29" CONTENT="in" WC="0.65" CC="15"/>
						<SP ID="P423_SP00242" HPOS="419" VPOS="1470" WIDTH="17"/>
						<String ID="P423_ST00268" HPOS="436" VPOS="1429" WIDTH="101" HEIGHT="30" CONTENT="which" WC="0.62" CC="30780"/>
						<SP ID="P423_SP00243" HPOS="537" VPOS="1470" WIDTH="17"/>
						<String ID="P423_ST00269" HPOS="554" VPOS="1439" WIDTH="17" HEIGHT="19" CONTENT="a" WC="1.00" CC="0"/>
						<SP ID="P423_SP00244" HPOS="571" VPOS="1470" WIDTH="14"/>
						<String ID="P423_ST00270" HPOS="585" VPOS="1433" WIDTH="89" HEIGHT="35" CONTENT="great" WC="0.84" CC="00070"/>
						<SP ID="P423_SP00245" HPOS="674" VPOS="1470" WIDTH="14"/>
						<String ID="P423_ST00271" HPOS="688" VPOS="1432" WIDTH="69" HEIGHT="26" CONTENT="tent" WC="0.82" CC="0070"/>
						<SP ID="P423_SP00246" HPOS="757" VPOS="1470" WIDTH="14"/>
						<String ID="P423_ST00272" HPOS="771" VPOS="1428" WIDTH="26" HEIGHT="28" CONTENT="is" WC="1.00" CC="00"/>
						<SP ID="P423_SP00247" HPOS="797" VPOS="1470" WIDTH="15"/>
						<String ID="P423_ST00273" HPOS="812" VPOS="1426" WIDTH="129" HEIGHT="41" CONTENT="pitched" WC="0.77" CC="3400007"/>
						<SP ID="P423_SP00248" HPOS="941" VPOS="1470" WIDTH="14"/>
						<String ID="P423_ST00274" HPOS="955" VPOS="1426" WIDTH="48" HEIGHT="29" CONTENT="for" WC="0.61" CC="803"/>
						<SP ID="P423_SP00249" HPOS="1003" VPOS="1470" WIDTH="15"/>
						<String ID="P423_ST00275" HPOS="1018" VPOS="1425" WIDTH="53" HEIGHT="30" CONTENT="the" WC="0.80" CC="060"/>
						<SP ID="P423_SP00250" HPOS="1071" VPOS="1470" WIDTH="14"/>
						<String ID="P423_ST00276" HPOS="1085" VPOS="1425" WIDTH="79" HEIGHT="30" CONTENT="feast" WC="0.77" CC="80020"/>
						<SP ID="P423_SP00251" HPOS="1164" VPOS="1470" WIDTH="15"/>
						<String ID="P423_ST00277" HPOS="1179" VPOS="1425" WIDTH="38" HEIGHT="30" CONTENT="of" WC="0.91" CC="10"/>
						<SP ID="P423_SP00252" HPOS="1217" VPOS="1470" WIDTH="16"/>
						<String ID="P423_ST00278" HPOS="1233" VPOS="1425" WIDTH="53" HEIGHT="30" CONTENT="the" WC="0.79" CC="033"/>
						<SP ID="P423_SP00253" HPOS="1286" VPOS="1470" WIDTH="17"/>
						<String ID="P423_ST00279" HPOS="1303" VPOS="1424" WIDTH="216" HEIGHT="31" CONTENT="Tabernacles." WC="0.90" CC="030004002000"/>
					</TextLine>
				</TextBlock>
				<TextBlock ID="P423_TB00006" HPOS="238" VPOS="1475" WIDTH="1354" HEIGHT="661" STYLEREFS="TXT_0 PAR_LEFT">
					<TextLine ID="P423_TL00027" HPOS="289" VPOS="1476" WIDTH="1303" HEIGHT="41">
						<String ID="P423_ST00280" HPOS="289" VPOS="1483" WIDTH="38" HEIGHT="29" CONTENT="In" WC="0.54" CC="35"/>
						<SP ID="P423_SP00254" HPOS="327" VPOS="1512" WIDTH="12"/>
						<String ID="P423_ST00281" HPOS="339" VPOS="1482" WIDTH="55" HEIGHT="30" CONTENT="the" WC="0.96" CC="100"/>
						<SP ID="P423_SP00255" HPOS="394" VPOS="1512" WIDTH="13"/>
						<String ID="P423_ST00282" HPOS="407" VPOS="1481" WIDTH="117" HEIGHT="30" CONTENT="middle" WC="0.83" CC="105020"/>
						<SP ID="P423_SP00256" HPOS="524" VPOS="1512" WIDTH="13"/>
						<String ID="P423_ST00283" HPOS="537" VPOS="1480" WIDTH="37" HEIGHT="30" CONTENT="of" WC="0.58" CC="08"/>
						<SP ID="P423_SP00257" HPOS="574" VPOS="1512" WIDTH="9"/>
						<String ID="P423_ST00284" HPOS="583" VPOS="1480" WIDTH="54" HEIGHT="30" CONTENT="the" WC="0.89" CC="030"/>
						<SP ID="P423_SP00258" HPOS="637" VPOS="1512" WIDTH="16"/>
						<String ID="P423_ST00285" HPOS="653" VPOS="1489" WIDTH="78" HEIGHT="21" CONTENT="nave" WC="0.76" CC="3060"/>
						<SP ID="P423_SP00259" HPOS="731" VPOS="1512" WIDTH="16"/>
						<String ID="P423_ST00286" HPOS="747" VPOS="1478" WIDTH="37" HEIGHT="31" CONTENT="of" WC="0.93" CC="01"/>
						<SP ID="P423_SP00260" HPOS="784" VPOS="1512" WIDTH="10"/>
						<String ID="P423_ST00287" HPOS="794" VPOS="1478" WIDTH="52" HEIGHT="30" CONTENT="the" WC="0.84" CC="310"/>
						<SP ID="P423_SP00261" HPOS="846" VPOS="1512" WIDTH="14"/>
						<String ID="P423_ST00288" HPOS="860" VPOS="1477" WIDTH="156" HEIGHT="40" CONTENT="Li-pai-se," WC="0.79" CC="0402443000"/>
						<SP ID="P423_SP00262" HPOS="1016" VPOS="1517" WIDTH="18"/>
						<String ID="P423_ST00289" HPOS="1034" VPOS="1477" WIDTH="104" HEIGHT="29" CONTENT="stands" WC="0.86" CC="002203"/>
						<SP ID="P423_SP00263" HPOS="1138" VPOS="1517" WIDTH="16"/>
						<String ID="P423_ST00290" HPOS="1154" VPOS="1487" WIDTH="17" HEIGHT="18" CONTENT="a" WC="0.46" CC="5"/>
						<SP ID="P423_SP00264" HPOS="1171" VPOS="1517" WIDTH="16"/>
						<String ID="P423_ST00291" HPOS="1187" VPOS="1476" WIDTH="200" HEIGHT="40" CONTENT="magnificent" WC="0.75" CC="55072000050"/>
						<SP ID="P423_SP00265" HPOS="1387" VPOS="1517" WIDTH="11"/>
						<String ID="P423_ST00292" HPOS="1398" VPOS="1476" WIDTH="84" HEIGHT="29" CONTENT="chair" WC="0.68" CC="07053"/>
						<SP ID="P423_SP00266" HPOS="1482" VPOS="1517" WIDTH="11"/>
						<String ID="P423_ST00293" HPOS="1493" VPOS="1477" WIDTH="99" HEIGHT="28" CONTENT="raised" WC="0.43" CC="635836"/>
					</TextLine>
					<TextLine ID="P423_TL00028" HPOS="245" VPOS="1527" WIDTH="1347" HEIGHT="48">
						<String ID="P423_ST00294" HPOS="245" VPOS="1545" WIDTH="76" HEIGHT="30" CONTENT="very" WC="0.82" CC="0007"/>
						<SP ID="P423_SP00267" HPOS="321" VPOS="1575" WIDTH="15"/>
						<String ID="P423_ST00295" HPOS="336" VPOS="1533" WIDTH="86" HEIGHT="40" CONTENT="high," WC="0.61" CC="04086"/>
						<SP ID="P423_SP00268" HPOS="422" VPOS="1575" WIDTH="25"/>
						<String ID="P423_ST00296" HPOS="447" VPOS="1533" WIDTH="63" HEIGHT="29" CONTENT="and" WC="0.70" CC="260"/>
						<SP ID="P423_SP00269" HPOS="510" VPOS="1575" WIDTH="22"/>
						<String ID="P423_ST00297" HPOS="532" VPOS="1531" WIDTH="204" HEIGHT="30" CONTENT="ornamented" WC="0.82" CC="0064300110"/>
						<SP ID="P423_SP00270" HPOS="736" VPOS="1575" WIDTH="15"/>
						<String ID="P423_ST00298" HPOS="751" VPOS="1530" WIDTH="74" HEIGHT="30" CONTENT="with" WC="0.66" CC="3306"/>
						<SP ID="P423_SP00271" HPOS="825" VPOS="1575" WIDTH="17"/>
						<String ID="P423_ST00299" HPOS="842" VPOS="1540" WIDTH="17" HEIGHT="19" CONTENT="a" WC="0.97" CC="0"/>
						<SP ID="P423_SP00272" HPOS="859" VPOS="1575" WIDTH="15"/>
						<String ID="P423_ST00300" HPOS="874" VPOS="1527" WIDTH="151" HEIGHT="31" CONTENT="beautiful" WC="0.77" CC="005010850"/>
						<SP ID="P423_SP00273" HPOS="1025" VPOS="1575" WIDTH="24"/>
						<String ID="P423_ST00301" HPOS="1049" VPOS="1527" WIDTH="213" HEIGHT="30" CONTENT="embroidered" WC="0.83" CC="07042000300"/>
						<SP ID="P423_SP00274" HPOS="1262" VPOS="1575" WIDTH="23"/>
						<String ID="P423_ST00302" HPOS="1285" VPOS="1527" WIDTH="138" HEIGHT="29" CONTENT="cushion." WC="0.77" CC="05510060"/>
						<SP ID="P423_SP00275" HPOS="1423" VPOS="1575" WIDTH="45"/>
						<String ID="P423_ST00303" HPOS="1468" VPOS="1527" WIDTH="77" HEIGHT="28" CONTENT="This" WC="0.86" CC="0050"/>
						<SP ID="P423_SP00276" HPOS="1545" VPOS="1575" WIDTH="22"/>
						<String ID="P423_ST00304" HPOS="1567" VPOS="1527" WIDTH="25" HEIGHT="28" CONTENT="is" WC="0.44" CC="73"/>
					</TextLine>
					<TextLine ID="P423_TL00029" HPOS="245" VPOS="1577" WIDTH="1346" HEIGHT="44">
						<String ID="P423_ST00305" HPOS="245" VPOS="1587" WIDTH="54" HEIGHT="29" CONTENT="the" WC="0.89" CC="030"/>
						<SP ID="P423_SP00277" HPOS="299" VPOS="1616" WIDTH="17"/>
						<String ID="P423_ST00306" HPOS="316" VPOS="1586" WIDTH="86" HEIGHT="30" CONTENT="chair" WC="0.85" CC="01005"/>
						<SP ID="P423_SP00278" HPOS="402" VPOS="1616" WIDTH="16"/>
						<String ID="P423_ST00307" HPOS="418" VPOS="1584" WIDTH="37" HEIGHT="30" CONTENT="of" WC="0.67" CC="50"/>
						<SP ID="P423_SP00279" HPOS="455" VPOS="1616" WIDTH="12"/>
						<String ID="P423_ST00308" HPOS="467" VPOS="1584" WIDTH="105" HEIGHT="30" CONTENT="Moses" WC="0.78" CC="05301"/>
						<SP ID="P423_SP00280" HPOS="572" VPOS="1616" WIDTH="17"/>
						<String ID="P423_ST00309" HPOS="589" VPOS="1593" WIDTH="37" HEIGHT="19" CONTENT="on" WC="0.80" CC="04"/>
						<SP ID="P423_SP00281" HPOS="626" VPOS="1616" WIDTH="19"/>
						<String ID="P423_ST00310" HPOS="645" VPOS="1582" WIDTH="101" HEIGHT="29" CONTENT="Avhich" WC="0.76" CC="840001"/>
						<SP ID="P423_SP00282" HPOS="746" VPOS="1616" WIDTH="17"/>
						<String ID="P423_ST00311" HPOS="763" VPOS="1581" WIDTH="23" HEIGHT="30" CONTENT="is" WC="0.46" CC="55"/>
						<SP ID="P423_SP00283" HPOS="786" VPOS="1616" WIDTH="16"/>
						<String ID="P423_ST00312" HPOS="802" VPOS="1580" WIDTH="111" HEIGHT="41" CONTENT="placed" WC="0.62" CC="284007"/>
						<SP ID="P423_SP00284" HPOS="913" VPOS="1621" WIDTH="16"/>
						<String ID="P423_ST00313" HPOS="929" VPOS="1578" WIDTH="52" HEIGHT="31" CONTENT="the" WC="0.69" CC="800"/>
						<SP ID="P423_SP00285" HPOS="981" VPOS="1621" WIDTH="14"/>
						<String ID="P423_ST00314" HPOS="995" VPOS="1577" WIDTH="191" HEIGHT="31" CONTENT="Pentateuch" WC="0.81" CC="6050210003"/>
						<SP ID="P423_SP00286" HPOS="1186" VPOS="1621" WIDTH="14"/>
						<String ID="P423_ST00315" HPOS="1200" VPOS="1588" WIDTH="39" HEIGHT="19" CONTENT="on" WC="0.58" CC="16"/>
						<SP ID="P423_SP00287" HPOS="1239" VPOS="1621" WIDTH="14"/>
						<String ID="P423_ST00316" HPOS="1253" VPOS="1577" WIDTH="165" HEIGHT="40" CONTENT="Saturdays" WC="0.59" CC="211485560"/>
						<SP ID="P423_SP00288" HPOS="1418" VPOS="1621" WIDTH="13"/>
						<String ID="P423_ST00317" HPOS="1431" VPOS="1577" WIDTH="60" HEIGHT="29" CONTENT="and" WC="0.51" CC="553"/>
						<SP ID="P423_SP00289" HPOS="1491" VPOS="1621" WIDTH="12"/>
						<String ID="P423_ST00318" HPOS="1503" VPOS="1577" WIDTH="88" HEIGHT="29" CONTENT="other" WC="0.78" CC="02411"/>
					</TextLine>
					<TextLine ID="P423_TL00030" HPOS="246" VPOS="1628" WIDTH="1344" HEIGHT="48">
						<String ID="P423_ST00319" HPOS="246" VPOS="1638" WIDTH="119" HEIGHT="31" CONTENT="solemn" WC="0.76" CC="010066"/>
						<SP ID="P423_SP00290" HPOS="365" VPOS="1669" WIDTH="24"/>
						<String ID="P423_ST00320" HPOS="389" VPOS="1637" WIDTH="85" HEIGHT="39" CONTENT="days." WC="0.76" CC="00740"/>
						<SP ID="P423_SP00291" HPOS="474" VPOS="1676" WIDTH="46"/>
						<String ID="P423_ST00321" HPOS="520" VPOS="1635" WIDTH="85" HEIGHT="30" CONTENT="Near" WC="0.86" CC="3010"/>
						<SP ID="P423_SP00292" HPOS="605" VPOS="1676" WIDTH="23"/>
						<String ID="P423_ST00322" HPOS="628" VPOS="1634" WIDTH="54" HEIGHT="30" CONTENT="the" WC="0.81" CC="050"/>
						<SP ID="P423_SP00293" HPOS="682" VPOS="1676" WIDTH="20"/>
						<String ID="P423_ST00323" HPOS="702" VPOS="1633" WIDTH="84" HEIGHT="31" CONTENT="chair" WC="0.59" CC="24731"/>
						<SP ID="P423_SP00294" HPOS="786" VPOS="1676" WIDTH="23"/>
						<String ID="P423_ST00324" HPOS="809" VPOS="1633" WIDTH="24" HEIGHT="29" CONTENT="is" WC="0.68" CC="24"/>
						<SP ID="P423_SP00295" HPOS="833" VPOS="1676" WIDTH="22"/>
						<String ID="P423_ST00325" HPOS="855" VPOS="1643" WIDTH="16" HEIGHT="18" CONTENT="a" WC="0.42" CC="5"/>
						<SP ID="P423_SP00296" HPOS="871" VPOS="1676" WIDTH="20"/>
						<String ID="P423_ST00326" HPOS="891" VPOS="1629" WIDTH="205" HEIGHT="36" CONTENT="Van-sin-hai," WC="0.71" CC="372300700341"/>
						<SP ID="P423_SP00297" HPOS="1096" VPOS="1676" WIDTH="28"/>
						<String ID="P423_ST00327" HPOS="1124" VPOS="1640" WIDTH="34" HEIGHT="19" CONTENT="or" WC="0.77" CC="04"/>
						<SP ID="P423_SP00298" HPOS="1158" VPOS="1676" WIDTH="24"/>
						<String ID="P423_ST00328" HPOS="1182" VPOS="1629" WIDTH="141" HEIGHT="40" CONTENT="painting" WC="0.69" CC="16520061"/>
						<SP ID="P423_SP00299" HPOS="1323" VPOS="1676" WIDTH="16"/>
						<String ID="P423_ST00329" HPOS="1339" VPOS="1628" WIDTH="154" HEIGHT="29" CONTENT="inscribed" WC="0.60" CC="883266000"/>
						<SP ID="P423_SP00300" HPOS="1493" VPOS="1676" WIDTH="23"/>
						<String ID="P423_ST00330" HPOS="1516" VPOS="1628" WIDTH="74" HEIGHT="29" CONTENT="with" WC="0.81" CC="4002"/>
					</TextLine>
					<TextLine ID="P423_TL00031" HPOS="244" VPOS="1679" WIDTH="1344" HEIGHT="51">
						<String ID="P423_ST00331" HPOS="244" VPOS="1691" WIDTH="54" HEIGHT="30" CONTENT="the" WC="0.81" CC="500"/>
						<SP ID="P423_SP00301" HPOS="298" VPOS="1721" WIDTH="28"/>
						<String ID="P423_ST00332" HPOS="326" VPOS="1689" WIDTH="179" HEIGHT="41" CONTENT="Emperor's" WC="0.77" CC="064021050"/>
						<SP ID="P423_SP00302" HPOS="505" VPOS="1730" WIDTH="29"/>
						<String ID="P423_ST00333" HPOS="534" VPOS="1697" WIDTH="101" HEIGHT="19" CONTENT="name." WC="0.67" CC="83022"/>
						<SP ID="P423_SP00303" HPOS="635" VPOS="1730" WIDTH="46"/>
						<String ID="P423_ST00334" HPOS="681" VPOS="1685" WIDTH="85" HEIGHT="30" CONTENT="Over" WC="0.58" CC="5505"/>
						<SP ID="P423_SP00304" HPOS="766" VPOS="1730" WIDTH="32"/>
						<String ID="P423_ST00335" HPOS="798" VPOS="1684" WIDTH="60" HEIGHT="30" CONTENT="this" WC="0.85" CC="0023"/>
						<SP ID="P423_SP00305" HPOS="858" VPOS="1730" WIDTH="27"/>
						<String ID="P423_ST00336" HPOS="885" VPOS="1683" WIDTH="24" HEIGHT="29" CONTENT="is" WC="0.93" CC="10"/>
						<SP ID="P423_SP00306" HPOS="909" VPOS="1730" WIDTH="27"/>
						<String ID="P423_ST00337" HPOS="936" VPOS="1682" WIDTH="122" HEIGHT="29" CONTENT="written" WC="0.70" CC="0704008"/>
						<SP ID="P423_SP00307" HPOS="1058" VPOS="1730" WIDTH="24"/>
						<String ID="P423_ST00338" HPOS="1082" VPOS="1682" WIDTH="30" HEIGHT="28" CONTENT="in" WC="0.32" CC="57"/>
						<SP ID="P423_SP00308" HPOS="1112" VPOS="1730" WIDTH="26"/>
						<String ID="P423_ST00339" HPOS="1138" VPOS="1682" WIDTH="136" HEIGHT="28" CONTENT="Hebrew" WC="0.74" CC="500602"/>
						<SP ID="P423_SP00309" HPOS="1274" VPOS="1730" WIDTH="22"/>
						<String ID="P423_ST00340" HPOS="1296" VPOS="1681" WIDTH="104" HEIGHT="28" CONTENT="letters" WC="0.84" CC="0000046"/>
						<SP ID="P423_SP00310" HPOS="1400" VPOS="1730" WIDTH="33"/>
						<String ID="P423_ST00341" HPOS="1433" VPOS="1679" WIDTH="36" HEIGHT="30" CONTENT="of" WC="1.00" CC="00"/>
						<SP ID="P423_SP00311" HPOS="1469" VPOS="1730" WIDTH="26"/>
						<String ID="P423_ST00342" HPOS="1495" VPOS="1679" WIDTH="74" HEIGHT="40" CONTENT="gold" WC="0.86" CC="0041"/>
						<String ID="P423_ST00343" HPOS="1582" VPOS="1691" WIDTH="6" HEIGHT="18" CONTENT=":" WC="0.94" CC="0"/>
					</TextLine>
					<TextLine ID="P423_TL00032" HPOS="246" VPOS="1731" WIDTH="1343" HEIGHT="45">
						<String ID="P423_ST00344" HPOS="246" VPOS="1748" WIDTH="19" HEIGHT="14" CONTENT='"' WC="0.83" CC="1"/>
						<SP ID="P423_SP00312" HPOS="265" VPOS="1762" WIDTH="17"/>
						<String ID="P423_ST00345" HPOS="282" VPOS="1743" WIDTH="101" HEIGHT="33" CONTENT="Hear," WC="0.86" CC="00005"/>
						<SP ID="P423_SP00313" HPOS="383" VPOS="1776" WIDTH="20"/>
						<String ID="P423_ST00346" HPOS="403" VPOS="1742" WIDTH="27" HEIGHT="28" CONTENT="O" WC="1.00" CC="0"/>
						<SP ID="P423_SP00314" HPOS="430" VPOS="1776" WIDTH="16"/>
						<String ID="P423_ST00347" HPOS="446" VPOS="1740" WIDTH="110" HEIGHT="34" CONTENT="Israel," WC="0.89" CC="0300301"/>
						<SP ID="P423_SP00315" HPOS="556" VPOS="1776" WIDTH="16"/>
						<String ID="P423_ST00348" HPOS="572" VPOS="1738" WIDTH="148" HEIGHT="34" CONTENT="Jehovah," WC="0.77" CC="02640050"/>
						<SP ID="P423_SP00316" HPOS="720" VPOS="1776" WIDTH="17"/>
						<String ID="P423_ST00349" HPOS="737" VPOS="1747" WIDTH="56" HEIGHT="19" CONTENT="our" WC="0.70" CC="701"/>
						<SP ID="P423_SP00317" HPOS="793" VPOS="1776" WIDTH="16"/>
						<String ID="P423_ST00350" HPOS="809" VPOS="1737" WIDTH="77" HEIGHT="33" CONTENT="God," WC="0.83" CC="0600"/>
						<SP ID="P423_SP00318" HPOS="886" VPOS="1776" WIDTH="25"/>
						<String ID="P423_ST00351" HPOS="911" VPOS="1736" WIDTH="25" HEIGHT="28" CONTENT="is" WC="0.79" CC="03"/>
						<SP ID="P423_SP00319" HPOS="936" VPOS="1776" WIDTH="16"/>
						<String ID="P423_ST00352" HPOS="952" VPOS="1734" WIDTH="45" HEIGHT="29" CONTENT="the" WC="1.00" CC="000"/>
						<SP ID="P423_SP00320" HPOS="997" VPOS="1776" WIDTH="16"/>
						<String ID="P423_ST00353" HPOS="1013" VPOS="1734" WIDTH="69" HEIGHT="37" CONTENT="only" WC="0.81" CC="6000"/>
						<SP ID="P423_SP00321" HPOS="1082" VPOS="1776" WIDTH="16"/>
						<String ID="P423_ST00354" HPOS="1098" VPOS="1733" WIDTH="76" HEIGHT="30" CONTENT="God." WC="0.75" CC="0504"/>
						<SP ID="P423_SP00322" HPOS="1174" VPOS="1776" WIDTH="47"/>
						<String ID="P423_ST00355" HPOS="1221" VPOS="1733" WIDTH="125" HEIGHT="30" CONTENT="Blessed" WC="0.72" CC="1040633"/>
						<SP ID="P423_SP00323" HPOS="1346" VPOS="1776" WIDTH="14"/>
						<String ID="P423_ST00356" HPOS="1360" VPOS="1732" WIDTH="33" HEIGHT="28" CONTENT="be" WC="0.94" CC="01"/>
						<SP ID="P423_SP00324" HPOS="1393" VPOS="1776" WIDTH="18"/>
						<String ID="P423_ST00357" HPOS="1411" VPOS="1731" WIDTH="46" HEIGHT="28" CONTENT="his" WC="0.86" CC="400"/>
						<SP ID="P423_SP00325" HPOS="1457" VPOS="1776" WIDTH="14"/>
						<String ID="P423_ST00358" HPOS="1471" VPOS="1731" WIDTH="118" HEIGHT="37" CONTENT="Name;" WC="0.98" CC="00000"/>
					</TextLine>
					<TextLine ID="P423_TL00033" HPOS="245" VPOS="1781" WIDTH="1347" HEIGHT="51">
						<String ID="P423_ST00359" HPOS="245" VPOS="1795" WIDTH="99" HEIGHT="37" CONTENT="Glory" WC="0.89" CC="00211"/>
						<SP ID="P423_SP00326" HPOS="344" VPOS="1832" WIDTH="17"/>
						<String ID="P423_ST00360" HPOS="361" VPOS="1798" WIDTH="27" HEIGHT="25" CONTENT="to" WC="0.65" CC="07"/>
						<SP ID="P423_SP00327" HPOS="388" VPOS="1832" WIDTH="17"/>
						<String ID="P423_ST00361" HPOS="405" VPOS="1792" WIDTH="65" HEIGHT="29" CONTENT="His" WC="0.93" CC="020"/>
						<SP ID="P423_SP00328" HPOS="470" VPOS="1832" WIDTH="16"/>
						<String ID="P423_ST00362" HPOS="486" VPOS="1791" WIDTH="156" HEIGHT="38" CONTENT="Kingdom" WC="0.83" CC="0082000"/>
						<SP ID="P423_SP00329" HPOS="642" VPOS="1832" WIDTH="4"/>
						<String ID="P423_ST00363" HPOS="646" VPOS="1790" WIDTH="60" HEIGHT="38" CONTENT="for" WC="0.66" CC="270"/>
						<SP ID="P423_SP00330" HPOS="706" VPOS="1832" WIDTH="14"/>
						<String ID="P423_ST00364" HPOS="720" VPOS="1789" WIDTH="44" HEIGHT="29" CONTENT="all" WC="1.00" CC="000"/>
						<SP ID="P423_SP00331" HPOS="764" VPOS="1832" WIDTH="11"/>
						<String ID="P423_ST00365" HPOS="775" VPOS="1787" WIDTH="160" HEIGHT="38" CONTENT='eternity."' WC="0.80" CC="0020030265"/>
						<SP ID="P423_SP00332" HPOS="935" VPOS="1832" WIDTH="46"/>
						<String ID="P423_ST00366" HPOS="981" VPOS="1785" WIDTH="35" HEIGHT="29" CONTENT="In" WC="0.46" CC="37"/>
						<SP ID="P423_SP00333" HPOS="1016" VPOS="1832" WIDTH="19"/>
						<String ID="P423_ST00367" HPOS="1035" VPOS="1783" WIDTH="129" HEIGHT="31" CONTENT="another" WC="0.85" CC="0700003"/>
						<SP ID="P423_SP00334" HPOS="1164" VPOS="1832" WIDTH="15"/>
						<String ID="P423_ST00368" HPOS="1179" VPOS="1789" WIDTH="68" HEIGHT="35" CONTENT="part" WC="0.90" CC="1200"/>
						<SP ID="P423_SP00335" HPOS="1247" VPOS="1832" WIDTH="14"/>
						<String ID="P423_ST00369" HPOS="1261" VPOS="1784" WIDTH="25" HEIGHT="29" CONTENT="is" WC="0.43" CC="82"/>
						<SP ID="P423_SP00336" HPOS="1286" VPOS="1832" WIDTH="16"/>
						<String ID="P423_ST00370" HPOS="1302" VPOS="1793" WIDTH="17" HEIGHT="19" CONTENT="a" WC="1.00" CC="0"/>
						<SP ID="P423_SP00337" HPOS="1319" VPOS="1832" WIDTH="14"/>
						<String ID="P423_ST00371" HPOS="1333" VPOS="1781" WIDTH="77" HEIGHT="30" CONTENT="kind" WC="0.58" CC="6045"/>
						<SP ID="P423_SP00338" HPOS="1410" VPOS="1832" WIDTH="22"/>
						<String ID="P423_ST00372" HPOS="1432" VPOS="1781" WIDTH="37" HEIGHT="30" CONTENT="of" WC="0.62" CC="07"/>
						<SP ID="P423_SP00339" HPOS="1469" VPOS="1832" WIDTH="14"/>
						<String ID="P423_ST00373" HPOS="1483" VPOS="1792" WIDTH="109" HEIGHT="31" CONTENT="square" WC="0.57" CC="638070"/>
					</TextLine>
					<TextLine ID="P423_TL00034" HPOS="243" VPOS="1834" WIDTH="1348" HEIGHT="47">
						<String ID="P423_ST00374" HPOS="243" VPOS="1851" WIDTH="79" HEIGHT="30" CONTENT="tent," WC="0.86" CC="00204"/>
						<SP ID="P423_SP00340" HPOS="322" VPOS="1881" WIDTH="17"/>
						<String ID="P423_ST00375" HPOS="339" VPOS="1844" WIDTH="54" HEIGHT="31" CONTENT="the" WC="1.00" CC="000"/>
						<SP ID="P423_SP00341" HPOS="393" VPOS="1881" WIDTH="19"/>
						<String ID="P423_ST00376" HPOS="412" VPOS="1849" WIDTH="19" HEIGHT="12" CONTENT='"' WC="1.00" CC="0"/>
						<SP ID="P423_SP00342" HPOS="431" VPOS="1881" WIDTH="19"/>
						<String ID="P423_ST00377" HPOS="450" VPOS="1842" WIDTH="83" HEIGHT="39" CONTENT="Holy" WC="0.65" CC="5008"/>
						<SP ID="P423_SP00343" HPOS="533" VPOS="1881" WIDTH="14"/>
						<String ID="P423_ST00378" HPOS="547" VPOS="1841" WIDTH="36" HEIGHT="29" CONTENT="of" WC="0.50" CC="27"/>
						<SP ID="P423_SP00344" HPOS="583" VPOS="1881" WIDTH="11"/>
						<String ID="P423_ST00379" HPOS="594" VPOS="1841" WIDTH="54" HEIGHT="29" CONTENT="the" WC="1.00" CC="000"/>
						<SP ID="P423_SP00345" HPOS="648" VPOS="1881" WIDTH="15"/>
						<String ID="P423_ST00380" HPOS="663" VPOS="1840" WIDTH="129" HEIGHT="30" CONTENT='Holies"' WC="0.70" CC="7004043"/>
						<SP ID="P423_SP00346" HPOS="792" VPOS="1881" WIDTH="18"/>
						<String ID="P423_ST00381" HPOS="810" VPOS="1838" WIDTH="36" HEIGHT="30" CONTENT="of" WC="0.61" CC="07"/>
						<SP ID="P423_SP00347" HPOS="846" VPOS="1881" WIDTH="11"/>
						<String ID="P423_ST00382" HPOS="857" VPOS="1838" WIDTH="52" HEIGHT="30" CONTENT="the" WC="0.97" CC="000"/>
						<SP ID="P423_SP00348" HPOS="909" VPOS="1881" WIDTH="16"/>
						<String ID="P423_ST00383" HPOS="925" VPOS="1837" WIDTH="81" HEIGHT="31" CONTENT="Jews" WC="0.94" CC="0020"/>
						<SP ID="P423_SP00349" HPOS="1006" VPOS="1881" WIDTH="14"/>
						<String ID="P423_ST00384" HPOS="1020" VPOS="1836" WIDTH="32" HEIGHT="28" CONTENT="in" WC="0.72" CC="23"/>
						<SP ID="P423_SP00350" HPOS="1052" VPOS="1881" WIDTH="16"/>
						<String ID="P423_ST00385" HPOS="1068" VPOS="1836" WIDTH="110" HEIGHT="29" CONTENT="China." WC="0.72" CC="005440"/>
						<SP ID="P423_SP00351" HPOS="1178" VPOS="1881" WIDTH="33"/>
						<String ID="P423_ST00386" HPOS="1211" VPOS="1835" WIDTH="89" HEIGHT="40" CONTENT="They" WC="0.83" CC="0006"/>
						<SP ID="P423_SP00352" HPOS="1300" VPOS="1881" WIDTH="11"/>
						<String ID="P423_ST00387" HPOS="1311" VPOS="1834" WIDTH="58" HEIGHT="30" CONTENT="call" WC="0.82" CC="0015"/>
						<SP ID="P423_SP00353" HPOS="1369" VPOS="1881" WIDTH="16"/>
						<String ID="P423_ST00388" HPOS="1385" VPOS="1835" WIDTH="25" HEIGHT="29" CONTENT="it" WC="1.00" CC="00"/>
						<SP ID="P423_SP00354" HPOS="1410" VPOS="1881" WIDTH="17"/>
						<String ID="P423_ST00389" HPOS="1427" VPOS="1835" WIDTH="117" HEIGHT="35" CONTENT="Bethel," WC="0.76" CC="3007050"/>
						<SP ID="P423_SP00355" HPOS="1544" VPOS="1881" WIDTH="15"/>
						<String ID="P423_ST00390" HPOS="1559" VPOS="1836" WIDTH="32" HEIGHT="28" CONTENT="in" WC="0.75" CC="50"/>
					</TextLine>
					<TextLine ID="P423_TL00035" HPOS="243" VPOS="1886" WIDTH="1348" HEIGHT="47">
						<String ID="P423_ST00391" HPOS="243" VPOS="1898" WIDTH="54" HEIGHT="30" CONTENT="the" WC="0.97" CC="000"/>
						<SP ID="P423_SP00356" HPOS="297" VPOS="1928" WIDTH="17"/>
						<String ID="P423_ST00392" HPOS="314" VPOS="1896" WIDTH="136" HEIGHT="31" CONTENT="Chinese" WC="0.71" CC="0606070"/>
						<SP ID="P423_SP00357" HPOS="450" VPOS="1928" WIDTH="15"/>
						<String ID="P423_ST00393" HPOS="465" VPOS="1894" WIDTH="156" HEIGHT="39" CONTENT="language" WC="0.85" CC="00700120"/>
						<SP ID="P423_SP00358" HPOS="621" VPOS="1933" WIDTH="11"/>
						<String ID="P423_ST00394" HPOS="632" VPOS="1892" WIDTH="180" HEIGHT="38" CONTENT="Tien-tang," WC="0.80" CC="0005201432"/>
						<SP ID="P423_SP00359" HPOS="812" VPOS="1933" WIDTH="20"/>
						<String ID="P423_ST00395" HPOS="832" VPOS="1895" WIDTH="19" HEIGHT="13" CONTENT='"' WC="1.00" CC="0"/>
						<SP ID="P423_SP00360" HPOS="851" VPOS="1933" WIDTH="17"/>
						<String ID="P423_ST00396" HPOS="868" VPOS="1888" WIDTH="129" HEIGHT="40" CONTENT="Temple" WC="0.90" CC="005000"/>
						<SP ID="P423_SP00361" HPOS="997" VPOS="1933" WIDTH="17"/>
						<String ID="P423_ST00397" HPOS="1014" VPOS="1887" WIDTH="37" HEIGHT="30" CONTENT="of" WC="0.61" CC="07"/>
						<SP ID="P423_SP00362" HPOS="1051" VPOS="1933" WIDTH="13"/>
						<String ID="P423_ST00398" HPOS="1064" VPOS="1887" WIDTH="163" HEIGHT="30" CONTENT='Heaven."' WC="0.82" CC="40000602"/>
						<SP ID="P423_SP00363" HPOS="1227" VPOS="1933" WIDTH="39"/>
						<String ID="P423_ST00399" HPOS="1266" VPOS="1886" WIDTH="76" HEIGHT="30" CONTENT="This" WC="0.63" CC="0446"/>
						<SP ID="P423_SP00364" HPOS="1342" VPOS="1933" WIDTH="15"/>
						<String ID="P423_ST00400" HPOS="1357" VPOS="1886" WIDTH="87" HEIGHT="40" CONTENT="place" WC="0.89" CC="01300"/>
						<SP ID="P423_SP00365" HPOS="1444" VPOS="1933" WIDTH="17"/>
						<String ID="P423_ST00401" HPOS="1461" VPOS="1886" WIDTH="130" HEIGHT="30" CONTENT="incloses" WC="0.70" CC="53076100"/>
					</TextLine>
					<TextLine ID="P423_TL00036" HPOS="242" VPOS="1937" WIDTH="1347" HEIGHT="49">
						<String ID="P423_ST00402" HPOS="242" VPOS="1949" WIDTH="82" HEIGHT="31" CONTENT="their" WC="0.82" CC="00053"/>
						<SP ID="P423_SP00366" HPOS="324" VPOS="1980" WIDTH="12"/>
						<String ID="P423_ST00403" HPOS="336" VPOS="1947" WIDTH="154" HEIGHT="39" CONTENT="Ta-kings" WC="0.78" CC="02306600"/>
						<SP ID="P423_SP00367" HPOS="490" VPOS="1986" WIDTH="13"/>
						<String ID="P423_ST00404" HPOS="503" VPOS="1955" WIDTH="34" HEIGHT="19" CONTENT="or" WC="1.00" CC="00"/>
						<SP ID="P423_SP00368" HPOS="537" VPOS="1986" WIDTH="11"/>
						<String ID="P423_ST00405" HPOS="548" VPOS="1948" WIDTH="89" HEIGHT="37" CONTENT="great" WC="0.95" CC="00001"/>
						<SP ID="P423_SP00369" HPOS="637" VPOS="1986" WIDTH="11"/>
						<String ID="P423_ST00406" HPOS="648" VPOS="1942" WIDTH="107" HEIGHT="35" CONTENT="books," WC="0.83" CC="011042"/>
						<SP ID="P423_SP00370" HPOS="755" VPOS="1986" WIDTH="15"/>
						<String ID="P423_ST00407" HPOS="770" VPOS="1952" WIDTH="31" HEIGHT="19" CONTENT="as" WC="0.37" CC="66"/>
						<SP ID="P423_SP00371" HPOS="801" VPOS="1986" WIDTH="12"/>
						<String ID="P423_ST00408" HPOS="813" VPOS="1941" WIDTH="53" HEIGHT="30" CONTENT="the" WC="0.93" CC="020"/>
						<SP ID="P423_SP00372" HPOS="866" VPOS="1986" WIDTH="14"/>
						<String ID="P423_ST00409" HPOS="880" VPOS="1940" WIDTH="103" HEIGHT="40" CONTENT="copies" WC="0.88" CC="020400"/>
						<SP ID="P423_SP00373" HPOS="983" VPOS="1986" WIDTH="13"/>
						<String ID="P423_ST00410" HPOS="996" VPOS="1939" WIDTH="36" HEIGHT="30" CONTENT="of" WC="0.37" CC="57"/>
						<SP ID="P423_SP00374" HPOS="1032" VPOS="1986" WIDTH="7"/>
						<String ID="P423_ST00411" HPOS="1039" VPOS="1940" WIDTH="52" HEIGHT="29" CONTENT="the" WC="1.00" CC="000"/>
						<SP ID="P423_SP00375" HPOS="1091" VPOS="1986" WIDTH="13"/>
						<String ID="P423_ST00412" HPOS="1104" VPOS="1938" WIDTH="191" HEIGHT="31" CONTENT="Pentateuch" WC="0.64" CC="6070640505"/>
						<SP ID="P423_SP00376" HPOS="1295" VPOS="1986" WIDTH="14"/>
						<String ID="P423_ST00413" HPOS="1309" VPOS="1949" WIDTH="50" HEIGHT="19" CONTENT="are" WC="0.88" CC="200"/>
						<SP ID="P423_SP00377" HPOS="1359" VPOS="1986" WIDTH="13"/>
						<String ID="P423_ST00414" HPOS="1372" VPOS="1938" WIDTH="109" HEIGHT="30" CONTENT="called." WC="0.87" CC="0040040"/>
						<SP ID="P423_SP00378" HPOS="1481" VPOS="1986" WIDTH="24"/>
						<String ID="P423_ST00415" HPOS="1505" VPOS="1937" WIDTH="84" HEIGHT="31" CONTENT="Over" WC="0.66" CC="2406"/>
					</TextLine>
					<TextLine ID="P423_TL00037" HPOS="242" VPOS="1989" WIDTH="1345" HEIGHT="44">
						<String ID="P423_ST00416" HPOS="242" VPOS="2003" WIDTH="53" HEIGHT="30" CONTENT="the" WC="0.66" CC="360"/>
						<SP ID="P423_SP00379" HPOS="295" VPOS="2033" WIDTH="17"/>
						<String ID="P423_ST00417" HPOS="312" VPOS="2000" WIDTH="113" HEIGHT="31" CONTENT="Bethel" WC="0.77" CC="400702"/>
						<SP ID="P423_SP00380" HPOS="425" VPOS="2033" WIDTH="15"/>
						<String ID="P423_ST00418" HPOS="440" VPOS="1999" WIDTH="26" HEIGHT="30" CONTENT="is" WC="0.59" CC="61"/>
						<SP ID="P423_SP00381" HPOS="466" VPOS="2033" WIDTH="15"/>
						<String ID="P423_ST00419" HPOS="481" VPOS="1997" WIDTH="123" HEIGHT="31" CONTENT="written" WC="0.77" CC="2630003"/>
						<SP ID="P423_SP00382" HPOS="604" VPOS="2033" WIDTH="24"/>
						<String ID="P423_ST00420" HPOS="628" VPOS="1996" WIDTH="30" HEIGHT="28" CONTENT="in" WC="0.51" CC="36"/>
						<SP ID="P423_SP00383" HPOS="658" VPOS="2033" WIDTH="28"/>
						<String ID="P423_ST00421" HPOS="686" VPOS="1995" WIDTH="134" HEIGHT="29" CONTENT="Hebrew" WC="0.91" CC="000103"/>
						<SP ID="P423_SP00384" HPOS="820" VPOS="2033" WIDTH="24"/>
						<String ID="P423_ST00422" HPOS="844" VPOS="1993" WIDTH="173" HEIGHT="31" CONTENT="characters" WC="0.86" CC="0030540000"/>
						<SP ID="P423_SP00385" HPOS="1017" VPOS="2033" WIDTH="23"/>
						<String ID="P423_ST00423" HPOS="1040" VPOS="1992" WIDTH="37" HEIGHT="30" CONTENT="of" WC="0.94" CC="01"/>
						<SP ID="P423_SP00386" HPOS="1077" VPOS="2033" WIDTH="15"/>
						<String ID="P423_ST00424" HPOS="1092" VPOS="1991" WIDTH="74" HEIGHT="41" CONTENT="gold" WC="0.81" CC="0221"/>
						<SP ID="P423_SP00387" HPOS="1166" VPOS="2033" WIDTH="16"/>
						<String ID="P423_ST00425" HPOS="1182" VPOS="2003" WIDTH="6" HEIGHT="18" CONTENT=":" WC="1.00" CC="0"/>
						<SP ID="P423_SP00388" HPOS="1188" VPOS="2033" WIDTH="28"/>
						<String ID="P423_ST00426" HPOS="1216" VPOS="1997" WIDTH="18" HEIGHT="13" CONTENT='"' WC="1.00" CC="0"/>
						<SP ID="P423_SP00389" HPOS="1234" VPOS="2033" WIDTH="16"/>
						<String ID="P423_ST00427" HPOS="1250" VPOS="1993" WIDTH="100" HEIGHT="29" CONTENT="Knotv" WC="0.43" CC="17486"/>
						<SP ID="P423_SP00390" HPOS="1350" VPOS="2033" WIDTH="21"/>
						<String ID="P423_ST00428" HPOS="1371" VPOS="1992" WIDTH="63" HEIGHT="29" CONTENT="that" WC="0.45" CC="1857"/>
						<SP ID="P423_SP00391" HPOS="1434" VPOS="2033" WIDTH="20"/>
						<String ID="P423_ST00429" HPOS="1454" VPOS="1989" WIDTH="133" HEIGHT="32" CONTENT="Jehovah" WC="0.42" CC="0586567"/>
					</TextLine>
					<TextLine ID="P423_TL00038" HPOS="239" VPOS="2038" WIDTH="1348" HEIGHT="52">
						<String ID="P423_ST00430" HPOS="239" VPOS="2057" WIDTH="25" HEIGHT="28" CONTENT="is" WC="0.87" CC="02"/>
						<SP ID="P423_SP00392" HPOS="264" VPOS="2085" WIDTH="25"/>
						<String ID="P423_ST00431" HPOS="289" VPOS="2055" WIDTH="47" HEIGHT="30" CONTENT="the" WC="0.94" CC="001"/>
						<SP ID="P423_SP00393" HPOS="336" VPOS="2085" WIDTH="24"/>
						<String ID="P423_ST00432" HPOS="360" VPOS="2053" WIDTH="72" HEIGHT="31" CONTENT="God" WC="0.91" CC="020"/>
						<SP ID="P423_SP00394" HPOS="432" VPOS="2085" WIDTH="20"/>
						<String ID="P423_ST00433" HPOS="452" VPOS="2052" WIDTH="40" HEIGHT="38" CONTENT="of" WC="0.49" CC="73"/>
						<SP ID="P423_SP00395" HPOS="492" VPOS="2090" WIDTH="16"/>
						<String ID="P423_ST00434" HPOS="508" VPOS="2051" WIDTH="93" HEIGHT="34" CONTENT="Gods," WC="0.69" CC="04046"/>
						<SP ID="P423_SP00396" HPOS="601" VPOS="2090" WIDTH="27"/>
						<String ID="P423_ST00435" HPOS="628" VPOS="2049" WIDTH="46" HEIGHT="29" CONTENT="the" WC="0.68" CC="044"/>
						<SP ID="P423_SP00397" HPOS="674" VPOS="2090" WIDTH="23"/>
						<String ID="P423_ST00436" HPOS="697" VPOS="2047" WIDTH="97" HEIGHT="34" CONTENT="Lord," WC="0.77" CC="07003"/>
						<SP ID="P423_SP00398" HPOS="794" VPOS="2090" WIDTH="25"/>
						<String ID="P423_ST00437" HPOS="819" VPOS="2056" WIDTH="17" HEIGHT="19" CONTENT="a" WC="1.00" CC="0"/>
						<SP ID="P423_SP00399" HPOS="836" VPOS="2090" WIDTH="20"/>
						<String ID="P423_ST00438" HPOS="856" VPOS="2050" WIDTH="92" HEIGHT="35" CONTENT="great" WC="0.96" CC="00200"/>
						<SP ID="P423_SP00400" HPOS="948" VPOS="2090" WIDTH="21"/>
						<String ID="P423_ST00439" HPOS="969" VPOS="2045" WIDTH="71" HEIGHT="30" CONTENT="God" WC="0.76" CC="070"/>
						<SP ID="P423_SP00401" HPOS="1040" VPOS="2090" WIDTH="19"/>
						<String ID="P423_ST00440" HPOS="1059" VPOS="2049" WIDTH="106" HEIGHT="35" CONTENT="strong" WC="0.92" CC="300100"/>
						<SP ID="P423_SP00402" HPOS="1165" VPOS="2090" WIDTH="21"/>
						<String ID="P423_ST00441" HPOS="1186" VPOS="2045" WIDTH="62" HEIGHT="29" CONTENT="and" WC="0.98" CC="000"/>
						<SP ID="P423_SP00403" HPOS="1248" VPOS="2090" WIDTH="21"/>
						<String ID="P423_ST00442" HPOS="1269" VPOS="2043" WIDTH="152" HEIGHT="31" CONTENT='terrible."' WC="0.78" CC="0400040364"/>
						<SP ID="P423_SP00404" HPOS="1421" VPOS="2090" WIDTH="46"/>
						<String ID="P423_ST00443" HPOS="1467" VPOS="2038" WIDTH="120" HEIGHT="30" CONTENT="Behind" WC="0.52" CC="807326"/>
					</TextLine>
					<TextLine ID="P423_TL00039" HPOS="239" VPOS="2090" WIDTH="1348" HEIGHT="46">
						<String ID="P423_ST00444" HPOS="239" VPOS="2107" WIDTH="53" HEIGHT="29" CONTENT="the" WC="0.57" CC="660"/>
						<SP ID="P423_SP00405" HPOS="292" VPOS="2136" WIDTH="19"/>
						<String ID="P423_ST00445" HPOS="311" VPOS="2104" WIDTH="111" HEIGHT="32" CONTENT="Bethel" WC="0.75" CC="606001"/>
						<SP ID="P423_SP00406" HPOS="422" VPOS="2136" WIDTH="17"/>
						<String ID="P423_ST00446" HPOS="439" VPOS="2113" WIDTH="50" HEIGHT="20" CONTENT="are" WC="0.99" CC="000"/>
						<SP ID="P423_SP00407" HPOS="489" VPOS="2136" WIDTH="17"/>
						<String ID="P423_ST00447" HPOS="506" VPOS="2102" WIDTH="54" HEIGHT="30" CONTENT="the" WC="0.98" CC="000"/>
						<SP ID="P423_SP00408" HPOS="560" VPOS="2136" WIDTH="16"/>
						<String ID="P423_ST00448" HPOS="576" VPOS="2107" WIDTH="61" HEIGHT="24" CONTENT="two" WC="1.00" CC="000"/>
						<SP ID="P423_SP00409" HPOS="637" VPOS="2136" WIDTH="16"/>
						<String ID="P423_ST00449" HPOS="653" VPOS="2099" WIDTH="97" HEIGHT="30" CONTENT="tables" WC="0.88" CC="000600"/>
						<SP ID="P423_SP00410" HPOS="750" VPOS="2136" WIDTH="16"/>
						<String ID="P423_ST00450" HPOS="766" VPOS="2097" WIDTH="37" HEIGHT="31" CONTENT="of" WC="0.71" CC="05"/>
						<SP ID="P423_SP00411" HPOS="803" VPOS="2136" WIDTH="10"/>
						<String ID="P423_ST00451" HPOS="813" VPOS="2096" WIDTH="53" HEIGHT="31" CONTENT="the" WC="0.83" CC="040"/>
						<SP ID="P423_SP00412" HPOS="866" VPOS="2136" WIDTH="15"/>
						<String ID="P423_ST00452" HPOS="881" VPOS="2096" WIDTH="58" HEIGHT="31" CONTENT="law" WC="0.72" CC="430"/>
						<SP ID="P423_SP00413" HPOS="939" VPOS="2136" WIDTH="16"/>
						<String ID="P423_ST00453" HPOS="955" VPOS="2097" WIDTH="121" HEIGHT="31" CONTENT="written" WC="0.64" CC="7020607"/>
						<SP ID="P423_SP00414" HPOS="1076" VPOS="2136" WIDTH="17"/>
						<String ID="P423_ST00454" HPOS="1093" VPOS="2097" WIDTH="30" HEIGHT="29" CONTENT="in" WC="0.49" CC="72"/>
						<SP ID="P423_SP00415" HPOS="1123" VPOS="2136" WIDTH="16"/>
						<String ID="P423_ST00455" HPOS="1139" VPOS="2096" WIDTH="106" HEIGHT="31" CONTENT="letters" WC="0.93" CC="4000000"/>
						<SP ID="P423_SP00416" HPOS="1245" VPOS="2136" WIDTH="16"/>
						<String ID="P423_ST00456" HPOS="1261" VPOS="2096" WIDTH="37" HEIGHT="29" CONTENT="of" WC="0.66" CC="06"/>
						<SP ID="P423_SP00417" HPOS="1298" VPOS="2136" WIDTH="9"/>
						<String ID="P423_ST00457" HPOS="1307" VPOS="2094" WIDTH="82" HEIGHT="40" CONTENT="gold." WC="0.89" CC="00310"/>
						<SP ID="P423_SP00418" HPOS="1389" VPOS="2136" WIDTH="48"/>
						<String ID="P423_ST00458" HPOS="1437" VPOS="2091" WIDTH="82" HEIGHT="29" CONTENT="Near" WC="0.63" CC="4064"/>
						<SP ID="P423_SP00419" HPOS="1519" VPOS="2136" WIDTH="15"/>
						<String ID="P423_ST00459" HPOS="1534" VPOS="2090" WIDTH="53" HEIGHT="30" CONTENT="the" WC="0.86" CC="040"/>
					</TextLine>
				</TextBlock>
				<TextBlock ID="P423_TB00007" HPOS="880" VPOS="2151" WIDTH="60" HEIGHT="26" STYLEREFS="TXT_0 PAR_CENTER">
					<TextLine ID="P423_TL00040" HPOS="880" VPOS="2151" WIDTH="60" HEIGHT="26">
						<String ID="P423_ST00460" HPOS="880" VPOS="2151" WIDTH="19" HEIGHT="26" CONTENT="3" WC="0.20" CC="7"/>
						<SP ID="P423_SP00420" HPOS="899" VPOS="2177" WIDTH="24"/>
						<String ID="P423_ST00461" HPOS="923" VPOS="2159" WIDTH="17" HEIGHT="18" CONTENT="A" WC="0.32" CC="6"/>
					</TextLine>
				</TextBlock>
			</PrintSpace>
		</Page>
	</Layout>
</alto>
