<?xml version="1.0" encoding="UTF-8"?>
<alto xmlns:xsi="http://www.w3.org/2001/XMLSchema-instance" xsi:noNamespaceSchemaLocation="http://www.bl.uk/schemas/alto/alto-1-4.xsd" xmlns:xlink="http://www.w3.org/1999/xlink">
	<Description>
		<MeasurementUnit>mm10</MeasurementUnit>
		<sourceImageInformation>
			<fileName>//head1/IN/2008-13/A0011342463/003038.jp2</fileName>
		</sourceImageInformation>
		<OCRProcessing ID="OCRPROCESSING_1">
			<preProcessingStep>
				<processingSoftware>
					<softwareCreator>CCS Content Conversion Specialists GmbH, Germany</softwareCreator>
					<softwareName>CCS docWORKS</softwareName>
					<softwareVersion>6.1-0.67</softwareVersion>
				</processingSoftware>
			</preProcessingStep>
			<ocrProcessingStep>
				<processingSoftware>
					<softwareCreator>ABBYY (BIT Software), Russia</softwareCreator>
					<softwareName>Finereader</softwareName>
				</processingSoftware>
			</ocrProcessingStep>
		</OCRProcessing>
	</Description>
	<Styles>
		<TextStyle ID="TXT_0" FONTSIZE="10" FONTFAMILY="Courier New"/>
		<TextStyle ID="TXT_1" FONTSIZE="9" FONTFAMILY="Courier New"/>
		<ParagraphStyle ID="PAR_LEFT" ALIGN="Left"/>
		<ParagraphStyle ID="PAR_CENTER" ALIGN="Center"/>
	</Styles>
	<Layout>
		<Page ID="P120" PHYSICAL_IMG_NR="120" HEIGHT="2350" WIDTH="1784" PRINTED_IMG_NR="82" POSITION="Left" ACCURACY="78.91">
			<TopMargin ID="P120_TM00001" HPOS="0" VPOS="0" WIDTH="1783" HEIGHT="157">
				<TextBlock ID="P120_TB00001" HPOS="211" VPOS="124" WIDTH="45" HEIGHT="31" STYLEREFS="TXT_0 PAR_LEFT">
					<TextLine ID="P120_TL00001" HPOS="212" VPOS="125" WIDTH="44" HEIGHT="30">
						<String ID="P120_ST00001" HPOS="212" VPOS="125" WIDTH="44" HEIGHT="30" CONTENT="82" WC="0.59" CC="08"/>
					</TextLine>
				</TextBlock>
				<TextBlock ID="P120_TB00002" HPOS="773" VPOS="118" WIDTH="232" HEIGHT="25" STYLEREFS="TXT_0 PAR_CENTER">
					<TextLine ID="P120_TL00002" HPOS="774" VPOS="119" WIDTH="231" HEIGHT="24">
						<String ID="P120_ST00002" HPOS="774" VPOS="119" WIDTH="231" HEIGHT="24" CONTENT="MANDARINS." WC="0.62" CC="0640670740"/>
					</TextLine>
				</TextBlock>
			</TopMargin>
			<LeftMargin ID="P120_LM00001" HPOS="0" VPOS="157" WIDTH="211" HEIGHT="1944"/>
			<RightMargin ID="P120_RM00001" HPOS="1573" VPOS="157" WIDTH="210" HEIGHT="1944"/>
			<BottomMargin ID="P120_BM00001" HPOS="0" VPOS="2101" WIDTH="1783" HEIGHT="249"/>
			<PrintSpace ID="P120_PS00001" HPOS="211" VPOS="157" WIDTH="1362" HEIGHT="1944">
				<TextBlock ID="P120_TB00003" HPOS="211" VPOS="198" WIDTH="1358" HEIGHT="958" STYLEREFS="TXT_0 PAR_LEFT">
					<TextLine ID="P120_TL00003" HPOS="212" VPOS="199" WIDTH="1354" HEIGHT="48">
						<String ID="P120_ST00003" HPOS="212" VPOS="210" WIDTH="65" HEIGHT="34" CONTENT="tea," WC="0.74" CC="6003"/>
						<SP ID="P120_SP00001" HPOS="277" VPOS="244" WIDTH="26"/>
						<String ID="P120_ST00004" HPOS="303" VPOS="204" WIDTH="61" HEIGHT="40" CONTENT="ice," WC="0.93" CC="0002"/>
						<SP ID="P120_SP00002" HPOS="364" VPOS="244" WIDTH="26"/>
						<String ID="P120_ST00005" HPOS="390" VPOS="203" WIDTH="68" HEIGHT="34" CONTENT="and" WC="0.72" CC="403"/>
						<SP ID="P120_SP00003" HPOS="458" VPOS="244" WIDTH="17"/>
						<String ID="P120_ST00006" HPOS="475" VPOS="203" WIDTH="91" HEIGHT="34" CONTENT="fruit." WC="0.87" CC="204100"/>
						<SP ID="P120_SP00004" HPOS="566" VPOS="244" WIDTH="51"/>
						<String ID="P120_ST00007" HPOS="617" VPOS="202" WIDTH="76" HEIGHT="34" CONTENT="The" WC="1.00" CC="000"/>
						<SP ID="P120_SP00005" HPOS="693" VPOS="244" WIDTH="24"/>
						<String ID="P120_ST00008" HPOS="717" VPOS="201" WIDTH="203" HEIGHT="35" CONTENT="Mandarins" WC="0.94" CC="000000031"/>
						<SP ID="P120_SP00006" HPOS="920" VPOS="244" WIDTH="19"/>
						<String ID="P120_ST00009" HPOS="939" VPOS="214" WIDTH="89" HEIGHT="22" CONTENT="were" WC="0.80" CC="0800"/>
						<SP ID="P120_SP00007" HPOS="1028" VPOS="244" WIDTH="24"/>
						<String ID="P120_ST00010" HPOS="1052" VPOS="200" WIDTH="116" HEIGHT="35" CONTENT="rather" WC="0.77" CC="006700"/>
						<SP ID="P120_SP00008" HPOS="1168" VPOS="244" WIDTH="24"/>
						<String ID="P120_ST00011" HPOS="1192" VPOS="199" WIDTH="207" HEIGHT="48" CONTENT="gorgeously" WC="0.79" CC="0074000107"/>
						<SP ID="P120_SP00009" HPOS="1399" VPOS="247" WIDTH="18"/>
						<String ID="P120_ST00012" HPOS="1417" VPOS="199" WIDTH="149" HEIGHT="39" CONTENT="dressed," WC="0.80" CC="15002015"/>
					</TextLine>
					<TextLine ID="P120_TL00004" HPOS="213" VPOS="258" WIDTH="1354" HEIGHT="50">
						<String ID="P120_ST00013" HPOS="213" VPOS="262" WIDTH="165" HEIGHT="46" CONTENT="although" WC="0.86" CC="00223001"/>
						<SP ID="P120_SP00010" HPOS="378" VPOS="308" WIDTH="17"/>
						<String ID="P120_ST00014" HPOS="395" VPOS="262" WIDTH="90" HEIGHT="35" CONTENT="their" WC="0.82" CC="10015"/>
						<SP ID="P120_SP00011" HPOS="485" VPOS="308" WIDTH="17"/>
						<String ID="P120_ST00015" HPOS="502" VPOS="261" WIDTH="155" HEIGHT="36" CONTENT="external" WC="0.94" CC="00001003"/>
						<SP ID="P120_SP00012" HPOS="657" VPOS="308" WIDTH="16"/>
						<String ID="P120_ST00016" HPOS="673" VPOS="266" WIDTH="158" HEIGHT="41" CONTENT="garment" WC="0.81" CC="1350020"/>
						<SP ID="P120_SP00013" HPOS="831" VPOS="308" WIDTH="23"/>
						<String ID="P120_ST00017" HPOS="854" VPOS="273" WIDTH="67" HEIGHT="20" CONTENT="was" WC="0.85" CC="030"/>
						<SP ID="P120_SP00014" HPOS="921" VPOS="308" WIDTH="23"/>
						<String ID="P120_ST00018" HPOS="944" VPOS="259" WIDTH="94" HEIGHT="47" CONTENT="plain" WC="0.79" CC="50050"/>
						<SP ID="P120_SP00015" HPOS="1038" VPOS="308" WIDTH="14"/>
						<String ID="P120_ST00019" HPOS="1052" VPOS="274" WIDTH="7" HEIGHT="27" CONTENT=";" WC="0.33" CC="6"/>
						<SP ID="P120_SP00016" HPOS="1059" VPOS="308" WIDTH="27"/>
						<String ID="P120_ST00020" HPOS="1086" VPOS="258" WIDTH="105" HEIGHT="46" CONTENT="being" WC="0.88" CC="00032"/>
						<SP ID="P120_SP00017" HPOS="1191" VPOS="308" WIDTH="17"/>
						<String ID="P120_ST00021" HPOS="1208" VPOS="271" WIDTH="19" HEIGHT="20" CONTENT="a" WC="0.77" CC="2"/>
						<SP ID="P120_SP00018" HPOS="1227" VPOS="308" WIDTH="16"/>
						<String ID="P120_ST00022" HPOS="1243" VPOS="258" WIDTH="96" HEIGHT="34" CONTENT="loose" WC="0.91" CC="00400"/>
						<SP ID="P120_SP00019" HPOS="1339" VPOS="308" WIDTH="17"/>
						<String ID="P120_ST00023" HPOS="1356" VPOS="270" WIDTH="101" HEIGHT="34" CONTENT="crape" WC="0.91" CC="00030"/>
						<SP ID="P120_SP00020" HPOS="1457" VPOS="308" WIDTH="17"/>
						<String ID="P120_ST00024" HPOS="1474" VPOS="258" WIDTH="93" HEIGHT="39" CONTENT="robe," WC="0.75" CC="50006"/>
					</TextLine>
					<TextLine ID="P120_TL00005" HPOS="213" VPOS="314" WIDTH="1355" HEIGHT="49">
						<String ID="P120_ST00025" HPOS="213" VPOS="319" WIDTH="83" HEIGHT="34" CONTENT="with" WC="0.89" CC="0030"/>
						<SP ID="P120_SP00021" HPOS="296" VPOS="353" WIDTH="18"/>
						<String ID="P120_ST00026" HPOS="314" VPOS="331" WIDTH="45" HEIGHT="22" CONTENT="no" WC="0.95" CC="10"/>
						<SP ID="P120_SP00022" HPOS="359" VPOS="353" WIDTH="23"/>
						<String ID="P120_ST00027" HPOS="382" VPOS="320" WIDTH="100" HEIGHT="34" CONTENT="other" WC="0.79" CC="00307"/>
						<SP ID="P120_SP00023" HPOS="482" VPOS="354" WIDTH="17"/>
						<String ID="P120_ST00028" HPOS="499" VPOS="325" WIDTH="183" HEIGHT="29" CONTENT="ornament" WC="0.94" CC="13000000"/>
						<SP ID="P120_SP00024" HPOS="682" VPOS="354" WIDTH="24"/>
						<String ID="P120_ST00029" HPOS="706" VPOS="319" WIDTH="83" HEIGHT="33" CONTENT="than" WC="0.64" CC="4504"/>
						<SP ID="P120_SP00025" HPOS="789" VPOS="354" WIDTH="26"/>
						<String ID="P120_ST00030" HPOS="815" VPOS="330" WIDTH="18" HEIGHT="22" CONTENT="a" WC="1.00" CC="0"/>
						<SP ID="P120_SP00026" HPOS="833" VPOS="354" WIDTH="24"/>
						<String ID="P120_ST00031" HPOS="857" VPOS="318" WIDTH="94" HEIGHT="34" CONTENT="stork" WC="0.91" CC="40000"/>
						<SP ID="P120_SP00027" HPOS="951" VPOS="354" WIDTH="17"/>
						<String ID="P120_ST00032" HPOS="968" VPOS="330" WIDTH="39" HEIGHT="22" CONTENT="or" WC="1.00" CC="00"/>
						<SP ID="P120_SP00028" HPOS="1007" VPOS="354" WIDTH="18"/>
						<String ID="P120_ST00033" HPOS="1025" VPOS="330" WIDTH="18" HEIGHT="21" CONTENT="a" WC="0.61" CC="3"/>
						<SP ID="P120_SP00029" HPOS="1043" VPOS="354" WIDTH="17"/>
						<String ID="P120_ST00034" HPOS="1060" VPOS="317" WIDTH="97" HEIGHT="46" CONTENT="tiger," WC="0.90" CC="001004"/>
						<SP ID="P120_SP00030" HPOS="1157" VPOS="363" WIDTH="28"/>
						<String ID="P120_ST00035" HPOS="1185" VPOS="316" WIDTH="167" HEIGHT="47" CONTENT="denoting" WC="0.73" CC="30700360"/>
						<SP ID="P120_SP00031" HPOS="1352" VPOS="363" WIDTH="22"/>
						<String ID="P120_ST00036" HPOS="1374" VPOS="315" WIDTH="91" HEIGHT="35" CONTENT="their" WC="0.79" CC="40060"/>
						<SP ID="P120_SP00032" HPOS="1465" VPOS="363" WIDTH="25"/>
						<String ID="P120_ST00037" HPOS="1490" VPOS="314" WIDTH="78" HEIGHT="35" CONTENT="civil" WC="0.88" CC="01022"/>
					</TextLine>
					<TextLine ID="P120_TL00006" HPOS="214" VPOS="372" WIDTH="1355" HEIGHT="52">
						<String ID="P120_ST00038" HPOS="214" VPOS="389" WIDTH="38" HEIGHT="22" CONTENT="or" WC="0.89" CC="02"/>
						<SP ID="P120_SP00033" HPOS="252" VPOS="411" WIDTH="25"/>
						<String ID="P120_ST00039" HPOS="277" VPOS="377" WIDTH="150" HEIGHT="47" CONTENT="military" WC="0.80" CC="02000408"/>
						<SP ID="P120_SP00034" HPOS="427" VPOS="424" WIDTH="18"/>
						<String ID="P120_ST00040" HPOS="445" VPOS="378" WIDTH="110" HEIGHT="40" CONTENT="order," WC="0.66" CC="051066"/>
						<SP ID="P120_SP00035" HPOS="555" VPOS="424" WIDTH="27"/>
						<String ID="P120_ST00041" HPOS="582" VPOS="377" WIDTH="139" HEIGHT="35" CONTENT="worked" WC="0.86" CC="023002"/>
						<SP ID="P120_SP00036" HPOS="721" VPOS="424" WIDTH="22"/>
						<String ID="P120_ST00042" HPOS="743" VPOS="389" WIDTH="44" HEIGHT="21" CONTENT="on" WC="1.00" CC="00"/>
						<SP ID="P120_SP00037" HPOS="787" VPOS="424" WIDTH="18"/>
						<String ID="P120_ST00043" HPOS="805" VPOS="375" WIDTH="60" HEIGHT="34" CONTENT="the" WC="0.81" CC="230"/>
						<SP ID="P120_SP00038" HPOS="865" VPOS="424" WIDTH="21"/>
						<String ID="P120_ST00044" HPOS="886" VPOS="375" WIDTH="88" HEIGHT="34" CONTENT="back" WC="1.00" CC="0000"/>
						<SP ID="P120_SP00039" HPOS="974" VPOS="424" WIDTH="17"/>
						<String ID="P120_ST00045" HPOS="991" VPOS="388" WIDTH="39" HEIGHT="20" CONTENT="or" WC="0.92" CC="01"/>
						<SP ID="P120_SP00040" HPOS="1030" VPOS="424" WIDTH="16"/>
						<String ID="P120_ST00046" HPOS="1046" VPOS="376" WIDTH="122" HEIGHT="32" CONTENT="breast." WC="1.00" CC="0000000"/>
						<SP ID="P120_SP00041" HPOS="1168" VPOS="424" WIDTH="53"/>
						<String ID="P120_ST00047" HPOS="1221" VPOS="374" WIDTH="155" HEIGHT="33" CONTENT="Beneath" WC="0.85" CC="7200000"/>
						<SP ID="P120_SP00042" HPOS="1376" VPOS="424" WIDTH="20"/>
						<String ID="P120_ST00048" HPOS="1396" VPOS="374" WIDTH="80" HEIGHT="39" CONTENT="this," WC="0.63" CC="50407"/>
						<SP ID="P120_SP00043" HPOS="1476" VPOS="424" WIDTH="26"/>
						<String ID="P120_ST00049" HPOS="1502" VPOS="372" WIDTH="67" HEIGHT="35" CONTENT="and" WC="0.55" CC="076"/>
					</TextLine>
					<TextLine ID="P120_TL00007" HPOS="214" VPOS="430" WIDTH="1355" HEIGHT="51">
						<String ID="P120_ST00050" HPOS="214" VPOS="433" WIDTH="170" HEIGHT="35" CONTENT="disclosed" WC="0.86" CC="014050000"/>
						<SP ID="P120_SP00044" HPOS="384" VPOS="468" WIDTH="26"/>
						<String ID="P120_ST00051" HPOS="410" VPOS="436" WIDTH="46" HEIGHT="45" CONTENT="by" WC="0.66" CC="06"/>
						<SP ID="P120_SP00045" HPOS="456" VPOS="481" WIDTH="27"/>
						<String ID="P120_ST00052" HPOS="483" VPOS="435" WIDTH="43" HEIGHT="34" CONTENT="its" WC="0.89" CC="101"/>
						<SP ID="P120_SP00046" HPOS="526" VPOS="481" WIDTH="33"/>
						<String ID="P120_ST00053" HPOS="559" VPOS="440" WIDTH="229" HEIGHT="33" CONTENT="movements," WC="0.93" CC="0020000003"/>
						<SP ID="P120_SP00047" HPOS="788" VPOS="481" WIDTH="31"/>
						<String ID="P120_ST00054" HPOS="819" VPOS="433" WIDTH="172" HEIGHT="46" CONTENT="appeared" WC="0.76" CC="05600005"/>
						<SP ID="P120_SP00048" HPOS="991" VPOS="481" WIDTH="26"/>
						<String ID="P120_ST00055" HPOS="1017" VPOS="446" WIDTH="19" HEIGHT="20" CONTENT="a" WC="1.00" CC="0"/>
						<SP ID="P120_SP00049" HPOS="1036" VPOS="481" WIDTH="25"/>
						<String ID="P120_ST00056" HPOS="1061" VPOS="432" WIDTH="66" HEIGHT="34" CONTENT="silk" WC="0.95" CC="0200"/>
						<SP ID="P120_SP00050" HPOS="1127" VPOS="481" WIDTH="25"/>
						<String ID="P120_ST00057" HPOS="1152" VPOS="432" WIDTH="177" HEIGHT="46" CONTENT="petticoat," WC="0.71" CC="5005300436"/>
						<SP ID="P120_SP00051" HPOS="1329" VPOS="481" WIDTH="37"/>
						<String ID="P120_ST00058" HPOS="1366" VPOS="430" WIDTH="203" HEIGHT="46" CONTENT="beautifully" WC="0.86" CC="00003120007"/>
					</TextLine>
					<TextLine ID="P120_TL00008" HPOS="214" VPOS="488" WIDTH="1353" HEIGHT="50">
						<String ID="P120_ST00059" HPOS="214" VPOS="490" WIDTH="211" HEIGHT="35" CONTENT="interwoven" WC="0.89" CC="0020004003"/>
						<SP ID="P120_SP00052" HPOS="425" VPOS="525" WIDTH="18"/>
						<String ID="P120_ST00060" HPOS="443" VPOS="492" WIDTH="83" HEIGHT="33" CONTENT="with" WC="0.91" CC="0300"/>
						<SP ID="P120_SP00053" HPOS="526" VPOS="525" WIDTH="24"/>
						<String ID="P120_ST00061" HPOS="550" VPOS="491" WIDTH="82" HEIGHT="47" CONTENT="gold" WC="0.69" CC="3107"/>
						<SP ID="P120_SP00054" HPOS="632" VPOS="538" WIDTH="25"/>
						<String ID="P120_ST00062" HPOS="657" VPOS="491" WIDTH="67" HEIGHT="34" CONTENT="and" WC="0.84" CC="310"/>
						<SP ID="P120_SP00055" HPOS="724" VPOS="538" WIDTH="18"/>
						<String ID="P120_ST00063" HPOS="742" VPOS="490" WIDTH="74" HEIGHT="39" CONTENT="silk," WC="0.89" CC="10003"/>
						<SP ID="P120_SP00056" HPOS="816" VPOS="538" WIDTH="26"/>
						<String ID="P120_ST00064" HPOS="842" VPOS="490" WIDTH="35" HEIGHT="33" CONTENT="in" WC="0.98" CC="00"/>
						<SP ID="P120_SP00057" HPOS="877" VPOS="538" WIDTH="19"/>
						<String ID="P120_ST00065" HPOS="896" VPOS="490" WIDTH="59" HEIGHT="34" CONTENT="the" WC="0.84" CC="040"/>
						<SP ID="P120_SP00058" HPOS="955" VPOS="538" WIDTH="21"/>
						<String ID="P120_ST00066" HPOS="976" VPOS="490" WIDTH="106" HEIGHT="33" CONTENT="forms" WC="0.83" CC="40300"/>
						<SP ID="P120_SP00059" HPOS="1082" VPOS="538" WIDTH="18"/>
						<String ID="P120_ST00067" HPOS="1100" VPOS="489" WIDTH="41" HEIGHT="34" CONTENT="of" WC="0.82" CC="03"/>
						<SP ID="P120_SP00060" HPOS="1141" VPOS="538" WIDTH="18"/>
						<String ID="P120_ST00068" HPOS="1159" VPOS="490" WIDTH="148" HEIGHT="45" CONTENT="dragons" WC="0.84" CC="0400103"/>
						<SP ID="P120_SP00061" HPOS="1307" VPOS="538" WIDTH="26"/>
						<String ID="P120_ST00069" HPOS="1333" VPOS="489" WIDTH="68" HEIGHT="34" CONTENT="and" WC="0.50" CC="355"/>
						<SP ID="P120_SP00062" HPOS="1401" VPOS="538" WIDTH="24"/>
						<String ID="P120_ST00070" HPOS="1425" VPOS="488" WIDTH="142" HEIGHT="34" CONTENT="flowers." WC="0.69" CC="44500820"/>
					</TextLine>
					<TextLine ID="P120_TL00009" HPOS="214" VPOS="545" WIDTH="1355" HEIGHT="47">
						<String ID="P120_ST00071" HPOS="214" VPOS="546" WIDTH="106" HEIGHT="35" CONTENT="Their" WC="0.88" CC="00050"/>
						<SP ID="P120_SP00063" HPOS="320" VPOS="581" WIDTH="17"/>
						<String ID="P120_ST00072" HPOS="337" VPOS="549" WIDTH="99" HEIGHT="33" CONTENT="boots" WC="0.73" CC="01335"/>
						<SP ID="P120_SP00064" HPOS="436" VPOS="582" WIDTH="18"/>
						<String ID="P120_ST00073" HPOS="454" VPOS="562" WIDTH="88" HEIGHT="21" CONTENT="were" WC="1.00" CC="0000"/>
						<SP ID="P120_SP00065" HPOS="542" VPOS="583" WIDTH="17"/>
						<String ID="P120_ST00074" HPOS="559" VPOS="548" WIDTH="41" HEIGHT="34" CONTENT="of" WC="0.70" CC="32"/>
						<SP ID="P120_SP00066" HPOS="600" VPOS="583" WIDTH="19"/>
						<String ID="P120_ST00075" HPOS="619" VPOS="548" WIDTH="98" HEIGHT="39" CONTENT="satin," WC="0.76" CC="300056"/>
						<SP ID="P120_SP00067" HPOS="717" VPOS="587" WIDTH="26"/>
						<String ID="P120_ST00076" HPOS="743" VPOS="547" WIDTH="68" HEIGHT="33" CONTENT="and" WC="0.86" CC="004"/>
						<SP ID="P120_SP00068" HPOS="811" VPOS="587" WIDTH="17"/>
						<String ID="P120_ST00077" HPOS="828" VPOS="547" WIDTH="120" HEIGHT="34" CONTENT="served" WC="0.97" CC="001000"/>
						<SP ID="P120_SP00069" HPOS="948" VPOS="587" WIDTH="17"/>
						<String ID="P120_ST00078" HPOS="965" VPOS="547" WIDTH="98" HEIGHT="33" CONTENT="them" WC="1.00" CC="0000"/>
						<SP ID="P120_SP00070" HPOS="1063" VPOS="587" WIDTH="17"/>
						<String ID="P120_ST00079" HPOS="1080" VPOS="546" WIDTH="52" HEIGHT="34" CONTENT="for" WC="0.63" CC="333"/>
						<SP ID="P120_SP00071" HPOS="1132" VPOS="587" WIDTH="25"/>
						<String ID="P120_ST00080" HPOS="1157" VPOS="546" WIDTH="153" HEIGHT="46" CONTENT="pockets." WC="0.93" CC="40000100"/>
						<SP ID="P120_SP00072" HPOS="1310" VPOS="592" WIDTH="51"/>
						<String ID="P120_ST00081" HPOS="1361" VPOS="545" WIDTH="106" HEIGHT="34" CONTENT="Their" WC="0.85" CC="00025"/>
						<SP ID="P120_SP00073" HPOS="1467" VPOS="592" WIDTH="23"/>
						<String ID="P120_ST00082" HPOS="1490" VPOS="557" WIDTH="79" HEIGHT="33" CONTENT="caps" WC="0.73" CC="0046"/>
					</TextLine>
					<TextLine ID="P120_TL00010" HPOS="216" VPOS="602" WIDTH="1353" HEIGHT="48">
						<String ID="P120_ST00083" HPOS="216" VPOS="616" WIDTH="89" HEIGHT="21" CONTENT="were" WC="0.86" CC="0050"/>
						<SP ID="P120_SP00074" HPOS="305" VPOS="637" WIDTH="25"/>
						<String ID="P120_ST00084" HPOS="330" VPOS="605" WIDTH="97" HEIGHT="33" CONTENT="small" WC="0.91" CC="30000"/>
						<SP ID="P120_SP00075" HPOS="427" VPOS="638" WIDTH="18"/>
						<String ID="P120_ST00085" HPOS="445" VPOS="605" WIDTH="67" HEIGHT="34" CONTENT="and" WC="0.84" CC="301"/>
						<SP ID="P120_SP00076" HPOS="512" VPOS="639" WIDTH="17"/>
						<String ID="P120_ST00086" HPOS="529" VPOS="605" WIDTH="141" HEIGHT="39" CONTENT="conical," WC="0.76" CC="00150065"/>
						<SP ID="P120_SP00077" HPOS="670" VPOS="644" WIDTH="26"/>
						<String ID="P120_ST00087" HPOS="696" VPOS="604" WIDTH="146" HEIGHT="34" CONTENT="covered" WC="0.91" CC="0300200"/>
						<SP ID="P120_SP00078" HPOS="842" VPOS="644" WIDTH="22"/>
						<String ID="P120_ST00088" HPOS="864" VPOS="605" WIDTH="84" HEIGHT="33" CONTENT="with" WC="0.97" CC="0000"/>
						<SP ID="P120_SP00079" HPOS="948" VPOS="644" WIDTH="16"/>
						<String ID="P120_ST00089" HPOS="964" VPOS="605" WIDTH="83" HEIGHT="45" CONTENT="long" WC="0.68" CC="0470"/>
						<SP ID="P120_SP00080" HPOS="1047" VPOS="650" WIDTH="17"/>
						<String ID="P120_ST00090" HPOS="1064" VPOS="604" WIDTH="61" HEIGHT="34" CONTENT="red" WC="0.94" CC="001"/>
						<SP ID="P120_SP00081" HPOS="1125" VPOS="650" WIDTH="17"/>
						<String ID="P120_ST00091" HPOS="1142" VPOS="604" WIDTH="84" HEIGHT="39" CONTENT="hair," WC="0.67" CC="50135"/>
						<SP ID="P120_SP00082" HPOS="1226" VPOS="650" WIDTH="26"/>
						<String ID="P120_ST00092" HPOS="1252" VPOS="603" WIDTH="66" HEIGHT="34" CONTENT="and" WC="0.80" CC="005"/>
						<SP ID="P120_SP00083" HPOS="1318" VPOS="650" WIDTH="25"/>
						<String ID="P120_ST00093" HPOS="1343" VPOS="602" WIDTH="226" HEIGHT="34" CONTENT="surmounted" WC="0.84" CC="0000224005"/>
					</TextLine>
					<TextLine ID="P120_TL00011" HPOS="217" VPOS="659" WIDTH="1352" HEIGHT="48">
						<String ID="P120_ST00094" HPOS="217" VPOS="661" WIDTH="82" HEIGHT="33" CONTENT="with" WC="0.93" CC="1010"/>
						<SP ID="P120_SP00084" HPOS="299" VPOS="694" WIDTH="23"/>
						<String ID="P120_ST00095" HPOS="322" VPOS="674" WIDTH="19" HEIGHT="20" CONTENT="a" WC="0.75" CC="2"/>
						<SP ID="P120_SP00085" HPOS="341" VPOS="694" WIDTH="21"/>
						<String ID="P120_ST00096" HPOS="362" VPOS="662" WIDTH="111" HEIGHT="45" CONTENT="globe," WC="0.79" CC="004007"/>
						<SP ID="P120_SP00086" HPOS="473" VPOS="707" WIDTH="26"/>
						<String ID="P120_ST00097" HPOS="499" VPOS="663" WIDTH="116" HEIGHT="33" CONTENT="whose" WC="0.81" CC="05110"/>
						<SP ID="P120_SP00087" HPOS="615" VPOS="707" WIDTH="23"/>
						<String ID="P120_ST00098" HPOS="638" VPOS="662" WIDTH="117" HEIGHT="33" CONTENT="colour" WC="0.79" CC="035003"/>
						<SP ID="P120_SP00088" HPOS="755" VPOS="707" WIDTH="25"/>
						<String ID="P120_ST00099" HPOS="780" VPOS="661" WIDTH="173" HEIGHT="34" CONTENT="indicated" WC="0.67" CC="440404208"/>
						<SP ID="P120_SP00089" HPOS="953" VPOS="707" WIDTH="24"/>
						<String ID="P120_ST00100" HPOS="977" VPOS="661" WIDTH="90" HEIGHT="33" CONTENT="their" WC="0.75" CC="50007"/>
						<SP ID="P120_SP00090" HPOS="1067" VPOS="707" WIDTH="25"/>
						<String ID="P120_ST00101" HPOS="1092" VPOS="661" WIDTH="94" HEIGHT="33" CONTENT="rank." WC="0.69" CC="30650"/>
						<SP ID="P120_SP00091" HPOS="1186" VPOS="707" WIDTH="52"/>
						<String ID="P120_ST00102" HPOS="1238" VPOS="661" WIDTH="101" HEIGHT="39" CONTENT="Fans," WC="0.47" CC="64644"/>
						<SP ID="P120_SP00092" HPOS="1339" VPOS="707" WIDTH="26"/>
						<String ID="P120_ST00103" HPOS="1365" VPOS="660" WIDTH="110" HEIGHT="45" CONTENT="pipes," WC="0.63" CC="407045"/>
						<SP ID="P120_SP00093" HPOS="1475" VPOS="707" WIDTH="26"/>
						<String ID="P120_ST00104" HPOS="1501" VPOS="659" WIDTH="68" HEIGHT="33" CONTENT="and" WC="0.60" CC="560"/>
					</TextLine>
					<TextLine ID="P120_TL00012" HPOS="217" VPOS="715" WIDTH="1352" HEIGHT="50">
						<String ID="P120_ST00105" HPOS="217" VPOS="717" WIDTH="220" HEIGHT="46" CONTENT="chop-sticks," WC="0.85" CC="004340000004"/>
						<SP ID="P120_SP00094" HPOS="437" VPOS="763" WIDTH="26"/>
						<String ID="P120_ST00106" HPOS="463" VPOS="719" WIDTH="95" HEIGHT="46" CONTENT="hung" WC="0.85" CC="0060"/>
						<SP ID="P120_SP00095" HPOS="558" VPOS="765" WIDTH="25"/>
						<String ID="P120_ST00107" HPOS="583" VPOS="721" WIDTH="45" HEIGHT="43" CONTENT="by" WC="0.70" CC="05"/>
						<SP ID="P120_SP00096" HPOS="628" VPOS="765" WIDTH="17"/>
						<String ID="P120_ST00108" HPOS="645" VPOS="719" WIDTH="90" HEIGHT="33" CONTENT="their" WC="0.75" CC="46010"/>
						<SP ID="P120_SP00097" HPOS="735" VPOS="765" WIDTH="22"/>
						<String ID="P120_ST00109" HPOS="757" VPOS="718" WIDTH="88" HEIGHT="33" CONTENT="sides" WC="0.94" CC="00200"/>
						<String ID="P120_ST00110" HPOS="859" VPOS="733" WIDTH="8" HEIGHT="26" CONTENT=";" WC="0.25" CC="7"/>
						<SP ID="P120_SP00098" HPOS="867" VPOS="765" WIDTH="26"/>
						<String ID="P120_ST00111" HPOS="893" VPOS="718" WIDTH="69" HEIGHT="33" CONTENT="and" WC="0.80" CC="006"/>
						<SP ID="P120_SP00099" HPOS="962" VPOS="765" WIDTH="16"/>
						<String ID="P120_ST00112" HPOS="978" VPOS="717" WIDTH="146" HEIGHT="46" CONTENT="English" WC="0.80" CC="3220120"/>
						<SP ID="P120_SP00100" HPOS="1124" VPOS="765" WIDTH="23"/>
						<String ID="P120_ST00113" HPOS="1147" VPOS="717" WIDTH="159" HEIGHT="39" CONTENT="Avatches," WC="0.82" CC="820000005"/>
						<SP ID="P120_SP00101" HPOS="1306" VPOS="765" WIDTH="27"/>
						<String ID="P120_ST00114" HPOS="1333" VPOS="716" WIDTH="35" HEIGHT="33" CONTENT="in" WC="0.86" CC="20"/>
						<SP ID="P120_SP00102" HPOS="1368" VPOS="765" WIDTH="18"/>
						<String ID="P120_ST00115" HPOS="1386" VPOS="715" WIDTH="183" HEIGHT="34" CONTENT="embossed" WC="0.85" CC="05010004"/>
					</TextLine>
					<TextLine ID="P120_TL00013" HPOS="217" VPOS="774" WIDTH="1352" HEIGHT="47">
						<String ID="P120_ST00116" HPOS="217" VPOS="785" WIDTH="103" HEIGHT="28" CONTENT="cases," WC="0.87" CC="000024"/>
						<SP ID="P120_SP00103" HPOS="320" VPOS="813" WIDTH="41"/>
						<String ID="P120_ST00117" HPOS="361" VPOS="788" WIDTH="88" HEIGHT="21" CONTENT="were" WC="1.00" CC="0000"/>
						<SP ID="P120_SP00104" HPOS="449" VPOS="813" WIDTH="34"/>
						<String ID="P120_ST00118" HPOS="483" VPOS="776" WIDTH="196" HEIGHT="45" CONTENT="suspended" WC="0.81" CC="000400605"/>
						<SP ID="P120_SP00105" HPOS="679" VPOS="821" WIDTH="31"/>
						<String ID="P120_ST00119" HPOS="710" VPOS="775" WIDTH="89" HEIGHT="34" CONTENT="from" WC="0.83" CC="3300"/>
						<SP ID="P120_SP00106" HPOS="799" VPOS="821" WIDTH="34"/>
						<String ID="P120_ST00120" HPOS="833" VPOS="787" WIDTH="104" HEIGHT="34" CONTENT="many" WC="0.73" CC="3006"/>
						<SP ID="P120_SP00107" HPOS="937" VPOS="821" WIDTH="29"/>
						<String ID="P120_ST00121" HPOS="966" VPOS="774" WIDTH="42" HEIGHT="34" CONTENT="of" WC="0.76" CC="31"/>
						<SP ID="P120_SP00108" HPOS="1008" VPOS="821" WIDTH="17"/>
						<String ID="P120_ST00122" HPOS="1025" VPOS="774" WIDTH="90" HEIGHT="34" CONTENT="their" WC="0.89" CC="00021"/>
						<SP ID="P120_SP00109" HPOS="1115" VPOS="821" WIDTH="32"/>
						<String ID="P120_ST00123" HPOS="1147" VPOS="774" WIDTH="136" HEIGHT="46" CONTENT="girdles." WC="0.83" CC="00502050"/>
						<SP ID="P120_SP00110" HPOS="1283" VPOS="821" WIDTH="56"/>
						<String ID="P120_ST00124" HPOS="1339" VPOS="774" WIDTH="114" HEIGHT="33" CONTENT="These" WC="0.90" CC="02010"/>
						<SP ID="P120_SP00111" HPOS="1453" VPOS="821" WIDTH="27"/>
						<String ID="P120_ST00125" HPOS="1480" VPOS="785" WIDTH="89" HEIGHT="21" CONTENT="were" WC="0.96" CC="1000"/>
					</TextLine>
					<TextLine ID="P120_TL00014" HPOS="216" VPOS="829" WIDTH="1353" HEIGHT="48">
						<String ID="P120_ST00126" HPOS="216" VPOS="829" WIDTH="120" HEIGHT="46" CONTENT="highly" WC="0.62" CC="531037"/>
						<SP ID="P120_SP00112" HPOS="336" VPOS="875" WIDTH="24"/>
						<String ID="P120_ST00127" HPOS="360" VPOS="832" WIDTH="120" HEIGHT="44" CONTENT="prized" WC="0.77" CC="420006"/>
						<SP ID="P120_SP00113" HPOS="480" VPOS="876" WIDTH="27"/>
						<String ID="P120_ST00128" HPOS="507" VPOS="832" WIDTH="47" HEIGHT="45" CONTENT="by" WC="0.65" CC="07"/>
						<SP ID="P120_SP00114" HPOS="554" VPOS="877" WIDTH="16"/>
						<String ID="P120_ST00129" HPOS="570" VPOS="832" WIDTH="60" HEIGHT="33" CONTENT="the" WC="0.86" CC="210"/>
						<SP ID="P120_SP00115" HPOS="630" VPOS="877" WIDTH="26"/>
						<String ID="P120_ST00130" HPOS="656" VPOS="844" WIDTH="153" HEIGHT="27" CONTENT="wearers," WC="0.75" CC="00070236"/>
						<SP ID="P120_SP00116" HPOS="809" VPOS="877" WIDTH="26"/>
						<String ID="P120_ST00131" HPOS="835" VPOS="832" WIDTH="77" HEIGHT="32" CONTENT="who" WC="0.95" CC="010"/>
						<SP ID="P120_SP00117" HPOS="912" VPOS="877" WIDTH="30"/>
						<String ID="P120_ST00132" HPOS="942" VPOS="831" WIDTH="179" HEIGHT="45" CONTENT="anxiously" WC="0.74" CC="451000308"/>
						<SP ID="P120_SP00118" HPOS="1121" VPOS="877" WIDTH="19"/>
						<String ID="P120_ST00133" HPOS="1140" VPOS="830" WIDTH="167" HEIGHT="46" CONTENT="enquired" WC="0.91" CC="00030002"/>
						<SP ID="P120_SP00119" HPOS="1307" VPOS="877" WIDTH="26"/>
						<String ID="P120_ST00134" HPOS="1333" VPOS="843" WIDTH="62" HEIGHT="21" CONTENT="our" WC="0.72" CC="071"/>
						<SP ID="P120_SP00120" HPOS="1395" VPOS="877" WIDTH="30"/>
						<String ID="P120_ST00135" HPOS="1425" VPOS="831" WIDTH="144" HEIGHT="45" CONTENT="opinion" WC="0.63" CC="1613345"/>
					</TextLine>
					<TextLine ID="P120_TL00015" HPOS="218" VPOS="886" WIDTH="1351" HEIGHT="46">
						<String ID="P120_ST00136" HPOS="218" VPOS="886" WIDTH="41" HEIGHT="34" CONTENT="of" WC="0.59" CC="34"/>
						<SP ID="P120_SP00121" HPOS="259" VPOS="920" WIDTH="19"/>
						<String ID="P120_ST00137" HPOS="278" VPOS="887" WIDTH="89" HEIGHT="33" CONTENT="their" WC="0.77" CC="60004"/>
						<SP ID="P120_SP00122" HPOS="367" VPOS="920" WIDTH="26"/>
						<String ID="P120_ST00138" HPOS="393" VPOS="888" WIDTH="107" HEIGHT="33" CONTENT="value." WC="0.82" CC="010503"/>
						<SP ID="P120_SP00123" HPOS="500" VPOS="921" WIDTH="15"/>
						<String ID="P120_ST00139" HPOS="515" VPOS="888" WIDTH="20" HEIGHT="21" CONTENT="*" WC="0.61" CC="3"/>
						<SP ID="P120_SP00124" HPOS="535" VPOS="921" WIDTH="49"/>
						<String ID="P120_ST00140" HPOS="584" VPOS="888" WIDTH="106" HEIGHT="33" CONTENT="Their" WC="0.92" CC="00030"/>
						<SP ID="P120_SP00125" HPOS="690" VPOS="921" WIDTH="28"/>
						<String ID="P120_ST00141" HPOS="718" VPOS="887" WIDTH="74" HEIGHT="33" CONTENT="fans" WC="0.79" CC="1052"/>
						<SP ID="P120_SP00126" HPOS="792" VPOS="921" WIDTH="27"/>
						<String ID="P120_ST00142" HPOS="819" VPOS="899" WIDTH="89" HEIGHT="21" CONTENT="were" WC="0.83" CC="0060"/>
						<SP ID="P120_SP00127" HPOS="908" VPOS="921" WIDTH="23"/>
						<String ID="P120_ST00143" HPOS="931" VPOS="893" WIDTH="60" HEIGHT="27" CONTENT="not" WC="0.84" CC="040"/>
						<SP ID="P120_SP00128" HPOS="991" VPOS="921" WIDTH="28"/>
						<String ID="P120_ST00144" HPOS="1019" VPOS="887" WIDTH="109" HEIGHT="45" CONTENT="costly" WC="0.79" CC="013007"/>
						<SP ID="P120_SP00129" HPOS="1128" VPOS="932" WIDTH="26"/>
						<String ID="P120_ST00145" HPOS="1154" VPOS="887" WIDTH="35" HEIGHT="32" CONTENT="in" WC="0.38" CC="47"/>
						<SP ID="P120_SP00130" HPOS="1189" VPOS="932" WIDTH="25"/>
						<String ID="P120_ST00146" HPOS="1214" VPOS="887" WIDTH="90" HEIGHT="33" CONTENT="their" WC="0.97" CC="00001"/>
						<SP ID="P120_SP00131" HPOS="1304" VPOS="932" WIDTH="29"/>
						<String ID="P120_ST00147" HPOS="1333" VPOS="887" WIDTH="172" HEIGHT="33" CONTENT="materials" WC="0.87" CC="020013040"/>
						<SP ID="P120_SP00132" HPOS="1505" VPOS="932" WIDTH="27"/>
						<String ID="P120_ST00148" HPOS="1532" VPOS="899" WIDTH="37" HEIGHT="21" CONTENT="or" WC="0.76" CC="04"/>
					</TextLine>
					<TextLine ID="P120_TL00016" HPOS="218" VPOS="943" WIDTH="1351" HEIGHT="47">
						<String ID="P120_ST00149" HPOS="218" VPOS="944" WIDTH="243" HEIGHT="39" CONTENT="construction," WC="0.76" CC="0252040002166"/>
						<SP ID="P120_SP00133" HPOS="461" VPOS="983" WIDTH="26"/>
						<String ID="P120_ST00150" HPOS="487" VPOS="945" WIDTH="68" HEIGHT="32" CONTENT="and" WC="0.88" CC="003"/>
						<SP ID="P120_SP00134" HPOS="555" VPOS="983" WIDTH="26"/>
						<String ID="P120_ST00151" HPOS="581" VPOS="945" WIDTH="35" HEIGHT="32" CONTENT="in" WC="0.90" CC="02"/>
						<SP ID="P120_SP00135" HPOS="616" VPOS="983" WIDTH="23"/>
						<String ID="P120_ST00152" HPOS="639" VPOS="957" WIDTH="46" HEIGHT="20" CONTENT="no" WC="0.71" CC="50"/>
						<SP ID="P120_SP00136" HPOS="685" VPOS="983" WIDTH="30"/>
						<String ID="P120_ST00153" HPOS="715" VPOS="950" WIDTH="132" HEIGHT="40" CONTENT="respect" WC="0.95" CC="0002000"/>
						<SP ID="P120_SP00137" HPOS="847" VPOS="990" WIDTH="27"/>
						<String ID="P120_ST00154" HPOS="874" VPOS="943" WIDTH="194" HEIGHT="33" CONTENT="resembled" WC="0.82" CC="501030005"/>
						<SP ID="P120_SP00138" HPOS="1068" VPOS="990" WIDTH="24"/>
						<String ID="P120_ST00155" HPOS="1092" VPOS="943" WIDTH="99" HEIGHT="33" CONTENT="those" WC="0.79" CC="44010"/>
						<SP ID="P120_SP00139" HPOS="1191" VPOS="990" WIDTH="26"/>
						<String ID="P120_ST00156" HPOS="1217" VPOS="943" WIDTH="136" HEIGHT="45" CONTENT="elegant" WC="0.99" CC="0000000"/>
						<SP ID="P120_SP00140" HPOS="1353" VPOS="990" WIDTH="23"/>
						<String ID="P120_ST00157" HPOS="1376" VPOS="943" WIDTH="193" HEIGHT="46" CONTENT="specimens" WC="0.82" CC="240031022"/>
					</TextLine>
					<TextLine ID="P120_TL00017" HPOS="218" VPOS="998" WIDTH="1351" HEIGHT="48">
						<String ID="P120_ST00158" HPOS="218" VPOS="999" WIDTH="41" HEIGHT="33" CONTENT="of" WC="0.87" CC="20"/>
						<SP ID="P120_SP00141" HPOS="259" VPOS="1032" WIDTH="30"/>
						<String ID="P120_ST00159" HPOS="289" VPOS="999" WIDTH="147" HEIGHT="34" CONTENT="Chinese" WC="0.88" CC="2005000"/>
						<SP ID="P120_SP00142" HPOS="436" VPOS="1033" WIDTH="33"/>
						<String ID="P120_ST00160" HPOS="469" VPOS="1000" WIDTH="254" HEIGHT="45" CONTENT="workmanship" WC="0.83" CC="02004020125"/>
						<SP ID="P120_SP00143" HPOS="723" VPOS="1045" WIDTH="34"/>
						<String ID="P120_ST00161" HPOS="757" VPOS="999" WIDTH="113" HEIGHT="33" CONTENT="which" WC="0.95" CC="00002"/>
						<SP ID="P120_SP00144" HPOS="870" VPOS="1045" WIDTH="33"/>
						<String ID="P120_ST00162" HPOS="903" VPOS="1011" WIDTH="55" HEIGHT="20" CONTENT="are" WC="0.69" CC="440"/>
						<SP ID="P120_SP00145" HPOS="958" VPOS="1045" WIDTH="33"/>
						<String ID="P120_ST00163" HPOS="991" VPOS="998" WIDTH="173" HEIGHT="46" CONTENT="imported" WC="0.81" CC="00720005"/>
						<SP ID="P120_SP00146" HPOS="1164" VPOS="1045" WIDTH="33"/>
						<String ID="P120_ST00164" HPOS="1197" VPOS="999" WIDTH="75" HEIGHT="33" CONTENT="into" WC="0.80" CC="1600"/>
						<SP ID="P120_SP00147" HPOS="1272" VPOS="1045" WIDTH="32"/>
						<String ID="P120_ST00165" HPOS="1304" VPOS="1000" WIDTH="142" HEIGHT="46" CONTENT="Europe" WC="0.72" CC="640050"/>
						<SP ID="P120_SP00148" HPOS="1446" VPOS="1046" WIDTH="33"/>
						<String ID="P120_ST00166" HPOS="1479" VPOS="1001" WIDTH="90" HEIGHT="33" CONTENT="from" WC="0.91" CC="2000"/>
					</TextLine>
					<TextLine ID="P120_TL00018" HPOS="221" VPOS="1055" WIDTH="1348" HEIGHT="47">
						<String ID="P120_ST00167" HPOS="221" VPOS="1055" WIDTH="133" HEIGHT="33" CONTENT="Canton" WC="0.77" CC="303105"/>
						<String ID="P120_ST00168" HPOS="367" VPOS="1071" WIDTH="9" HEIGHT="26" CONTENT=";" WC="0.22" CC="7"/>
						<SP ID="P120_SP00149" HPOS="376" VPOS="1097" WIDTH="41"/>
						<String ID="P120_ST00169" HPOS="417" VPOS="1056" WIDTH="104" HEIGHT="46" CONTENT="being" WC="0.71" CC="00571"/>
						<SP ID="P120_SP00150" HPOS="521" VPOS="1102" WIDTH="33"/>
						<String ID="P120_ST00170" HPOS="554" VPOS="1056" WIDTH="135" HEIGHT="34" CONTENT="formed" WC="0.78" CC="205005"/>
						<SP ID="P120_SP00151" HPOS="689" VPOS="1102" WIDTH="21"/>
						<String ID="P120_ST00171" HPOS="710" VPOS="1056" WIDTH="41" HEIGHT="33" CONTENT="of" WC="0.88" CC="20"/>
						<SP ID="P120_SP00152" HPOS="751" VPOS="1102" WIDTH="18"/>
						<String ID="P120_ST00172" HPOS="769" VPOS="1068" WIDTH="106" HEIGHT="33" CONTENT="paper" WC="0.65" CC="65401"/>
						<SP ID="P120_SP00153" HPOS="875" VPOS="1102" WIDTH="28"/>
						<String ID="P120_ST00173" HPOS="903" VPOS="1055" WIDTH="67" HEIGHT="33" CONTENT="and" WC="0.82" CC="005"/>
						<SP ID="P120_SP00154" HPOS="970" VPOS="1102" WIDTH="27"/>
						<String ID="P120_ST00174" HPOS="997" VPOS="1055" WIDTH="182" HEIGHT="45" CONTENT="Japanned" WC="0.86" CC="00500005"/>
						<SP ID="P120_SP00155" HPOS="1179" VPOS="1102" WIDTH="26"/>
						<String ID="P120_ST00175" HPOS="1205" VPOS="1057" WIDTH="110" HEIGHT="38" CONTENT="wood," WC="0.89" CC="00005"/>
						<SP ID="P120_SP00156" HPOS="1315" VPOS="1102" WIDTH="26"/>
						<String ID="P120_ST00176" HPOS="1341" VPOS="1057" WIDTH="84" HEIGHT="33" CONTENT="with" WC="0.73" CC="0504"/>
						<SP ID="P120_SP00157" HPOS="1425" VPOS="1102" WIDTH="26"/>
						<String ID="P120_ST00177" HPOS="1451" VPOS="1070" WIDTH="20" HEIGHT="20" CONTENT="a" WC="1.00" CC="0"/>
						<SP ID="P120_SP00158" HPOS="1471" VPOS="1102" WIDTH="33"/>
						<String ID="P120_ST00178" HPOS="1504" VPOS="1057" WIDTH="65" HEIGHT="34" CONTENT="few" WC="0.90" CC="200"/>
					</TextLine>
					<TextLine ID="P120_TL00019" HPOS="218" VPOS="1111" WIDTH="1351" HEIGHT="45">
						<String ID="P120_ST00179" HPOS="218" VPOS="1111" WIDTH="136" HEIGHT="34" CONTENT="devices" WC="0.89" CC="7000000"/>
						<SP ID="P120_SP00159" HPOS="354" VPOS="1145" WIDTH="27"/>
						<String ID="P120_ST00180" HPOS="381" VPOS="1113" WIDTH="119" HEIGHT="43" CONTENT="faintly" WC="0.66" CC="0056046"/>
						<SP ID="P120_SP00160" HPOS="500" VPOS="1156" WIDTH="18"/>
						<String ID="P120_ST00181" HPOS="518" VPOS="1113" WIDTH="164" HEIGHT="34" CONTENT="sketched" WC="0.94" CC="01000200"/>
						<SP ID="P120_SP00161" HPOS="682" VPOS="1156" WIDTH="23"/>
						<String ID="P120_ST00182" HPOS="705" VPOS="1124" WIDTH="93" HEIGHT="32" CONTENT="upon" WC="0.77" CC="3500"/>
						<SP ID="P120_SP00162" HPOS="798" VPOS="1156" WIDTH="26"/>
						<String ID="P120_ST00183" HPOS="824" VPOS="1112" WIDTH="106" HEIGHT="33" CONTENT="them." WC="0.98" CC="00000"/>
						<SP ID="P120_SP00163" HPOS="930" VPOS="1156" WIDTH="53"/>
						<String ID="P120_ST00184" HPOS="983" VPOS="1112" WIDTH="34" HEIGHT="32" CONTENT="A" WC="0.62" CC="3"/>
						<SP ID="P120_SP00164" HPOS="1017" VPOS="1156" WIDTH="28"/>
						<String ID="P120_ST00185" HPOS="1045" VPOS="1112" WIDTH="124" HEIGHT="44" CONTENT="supply" WC="0.57" CC="106538"/>
						<SP ID="P120_SP00165" HPOS="1169" VPOS="1156" WIDTH="18"/>
						<String ID="P120_ST00186" HPOS="1187" VPOS="1112" WIDTH="41" HEIGHT="34" CONTENT="of" WC="1.00" CC="00"/>
						<SP ID="P120_SP00166" HPOS="1228" VPOS="1156" WIDTH="19"/>
						<String ID="P120_ST00187" HPOS="1247" VPOS="1113" WIDTH="98" HEIGHT="34" CONTENT="these" WC="0.88" CC="03020"/>
						<SP ID="P120_SP00167" HPOS="1345" VPOS="1156" WIDTH="16"/>
						<String ID="P120_ST00188" HPOS="1361" VPOS="1126" WIDTH="68" HEIGHT="21" CONTENT="was" WC="0.90" CC="030"/>
						<SP ID="P120_SP00168" HPOS="1429" VPOS="1156" WIDTH="26"/>
						<String ID="P120_ST00189" HPOS="1455" VPOS="1114" WIDTH="114" HEIGHT="33" CONTENT="distri-" WC="0.84" CC="0105201"/>
					</TextLine>
				</TextBlock>
				<TextBlock ID="P120_TB00004" HPOS="221" VPOS="1281" WIDTH="1350" HEIGHT="402" STYLEREFS="TXT_1 PAR_LEFT">
					<TextLine ID="P120_TL00020" HPOS="260" VPOS="1281" WIDTH="1311" HEIGHT="37">
						<String ID="P120_ST00190" HPOS="260" VPOS="1282" WIDTH="14" HEIGHT="14" CONTENT="*" WC="1.00" CC="0"/>
						<SP ID="P120_SP00169" HPOS="274" VPOS="1296" WIDTH="22"/>
						<String ID="P120_ST00191" HPOS="296" VPOS="1281" WIDTH="32" HEIGHT="26" CONTENT="In" WC="1.00" CC="00"/>
						<SP ID="P120_SP00170" HPOS="328" VPOS="1307" WIDTH="13"/>
						<String ID="P120_ST00192" HPOS="341" VPOS="1291" WIDTH="77" HEIGHT="27" CONTENT="every" WC="0.85" CC="01014"/>
						<SP ID="P120_SP00171" HPOS="418" VPOS="1318" WIDTH="14"/>
						<String ID="P120_ST00193" HPOS="432" VPOS="1287" WIDTH="60" HEIGHT="30" CONTENT="part" WC="0.78" CC="0053"/>
						<SP ID="P120_SP00172" HPOS="492" VPOS="1318" WIDTH="13"/>
						<String ID="P120_ST00194" HPOS="505" VPOS="1283" WIDTH="31" HEIGHT="25" CONTENT="of" WC="0.88" CC="20"/>
						<SP ID="P120_SP00173" HPOS="536" VPOS="1318" WIDTH="16"/>
						<String ID="P120_ST00195" HPOS="552" VPOS="1283" WIDTH="94" HEIGHT="32" CONTENT="China," WC="0.80" CC="000506"/>
						<SP ID="P120_SP00174" HPOS="646" VPOS="1318" WIDTH="15"/>
						<String ID="P120_ST00196" HPOS="661" VPOS="1283" WIDTH="116" HEIGHT="35" CONTENT="through" WC="0.82" CC="0400005"/>
						<SP ID="P120_SP00175" HPOS="777" VPOS="1318" WIDTH="15"/>
						<String ID="P120_ST00197" HPOS="792" VPOS="1283" WIDTH="85" HEIGHT="25" CONTENT="which" WC="0.76" CC="02601"/>
						<SP ID="P120_SP00176" HPOS="877" VPOS="1318" WIDTH="14"/>
						<String ID="P120_ST00198" HPOS="891" VPOS="1281" WIDTH="45" HEIGHT="26" CONTENT="the" WC="0.74" CC="070"/>
						<SP ID="P120_SP00177" HPOS="936" VPOS="1318" WIDTH="15"/>
						<String ID="P120_ST00199" HPOS="951" VPOS="1281" WIDTH="128" HEIGHT="36" CONTENT="Embassy" WC="0.80" CC="0000605"/>
						<SP ID="P120_SP00178" HPOS="1079" VPOS="1318" WIDTH="13"/>
						<String ID="P120_ST00200" HPOS="1092" VPOS="1282" WIDTH="102" HEIGHT="34" CONTENT="passed," WC="0.59" CC="7534005"/>
						<SP ID="P120_SP00179" HPOS="1194" VPOS="1318" WIDTH="13"/>
						<String ID="P120_ST00201" HPOS="1207" VPOS="1283" WIDTH="112" HEIGHT="26" CONTENT="watches" WC="0.73" CC="3000564"/>
						<SP ID="P120_SP00180" HPOS="1319" VPOS="1318" WIDTH="15"/>
						<String ID="P120_ST00202" HPOS="1334" VPOS="1293" WIDTH="66" HEIGHT="16" CONTENT="were" WC="0.81" CC="4020"/>
						<SP ID="P120_SP00181" HPOS="1400" VPOS="1318" WIDTH="14"/>
						<String ID="P120_ST00203" HPOS="1414" VPOS="1285" WIDTH="157" HEIGHT="28" CONTENT="considered" WC="0.81" CC="0030500603"/>
					</TextLine>
					<TextLine ID="P120_TL00021" HPOS="222" VPOS="1322" WIDTH="1349" HEIGHT="40">
						<String ID="P120_ST00204" HPOS="222" VPOS="1332" WIDTH="27" HEIGHT="16" CONTENT="as" WC="0.81" CC="03"/>
						<SP ID="P120_SP00182" HPOS="249" VPOS="1348" WIDTH="20"/>
						<String ID="P120_ST00205" HPOS="269" VPOS="1322" WIDTH="98" HEIGHT="35" CONTENT="objects" WC="0.89" CC="0200031"/>
						<SP ID="P120_SP00183" HPOS="367" VPOS="1357" WIDTH="17"/>
						<String ID="P120_ST00206" HPOS="384" VPOS="1323" WIDTH="31" HEIGHT="25" CONTENT="of" WC="1.00" CC="00"/>
						<SP ID="P120_SP00184" HPOS="415" VPOS="1357" WIDTH="20"/>
						<String ID="P120_ST00207" HPOS="435" VPOS="1324" WIDTH="44" HEIGHT="26" CONTENT="the" WC="0.90" CC="020"/>
						<SP ID="P120_SP00185" HPOS="479" VPOS="1357" WIDTH="22"/>
						<String ID="P120_ST00208" HPOS="501" VPOS="1329" WIDTH="114" HEIGHT="31" CONTENT="greatest" WC="0.83" CC="00062040"/>
						<SP ID="P120_SP00186" HPOS="615" VPOS="1360" WIDTH="21"/>
						<String ID="P120_ST00209" HPOS="636" VPOS="1325" WIDTH="132" HEIGHT="35" CONTENT="curiosity." WC="0.87" CC="0000070040"/>
						<SP ID="P120_SP00187" HPOS="768" VPOS="1360" WIDTH="40"/>
						<String ID="P120_ST00210" HPOS="808" VPOS="1324" WIDTH="59" HEIGHT="27" CONTENT="The" WC="0.74" CC="070"/>
						<SP ID="P120_SP00188" HPOS="867" VPOS="1360" WIDTH="22"/>
						<String ID="P120_ST00211" HPOS="889" VPOS="1322" WIDTH="150" HEIGHT="26" CONTENT="attendants" WC="0.83" CC="0300004403"/>
						<SP ID="P120_SP00189" HPOS="1039" VPOS="1360" WIDTH="13"/>
						<String ID="P120_ST00212" HPOS="1052" VPOS="1322" WIDTH="32" HEIGHT="26" CONTENT="of" WC="0.96" CC="00"/>
						<SP ID="P120_SP00190" HPOS="1084" VPOS="1360" WIDTH="18"/>
						<String ID="P120_ST00213" HPOS="1102" VPOS="1323" WIDTH="44" HEIGHT="25" CONTENT="the" WC="1.00" CC="000"/>
						<SP ID="P120_SP00191" HPOS="1146" VPOS="1360" WIDTH="22"/>
						<String ID="P120_ST00214" HPOS="1168" VPOS="1323" WIDTH="129" HEIGHT="36" CONTENT="Embassy" WC="0.76" CC="3301007"/>
						<SP ID="P120_SP00192" HPOS="1297" VPOS="1360" WIDTH="20"/>
						<String ID="P120_ST00215" HPOS="1317" VPOS="1334" WIDTH="67" HEIGHT="17" CONTENT="were" WC="0.69" CC="6050"/>
						<SP ID="P120_SP00193" HPOS="1384" VPOS="1360" WIDTH="19"/>
						<String ID="P120_ST00216" HPOS="1403" VPOS="1327" WIDTH="168" HEIGHT="35" CONTENT="perpetually" WC="0.77" CC="30420000327"/>
					</TextLine>
					<TextLine ID="P120_TL00022" HPOS="222" VPOS="1363" WIDTH="1349" HEIGHT="39">
						<String ID="P120_ST00217" HPOS="222" VPOS="1363" WIDTH="136" HEIGHT="36" CONTENT="requested" WC="0.78" CC="600407100"/>
						<SP ID="P120_SP00194" HPOS="358" VPOS="1399" WIDTH="14"/>
						<String ID="P120_ST00218" HPOS="372" VPOS="1368" WIDTH="28" HEIGHT="22" CONTENT="to" WC="1.00" CC="00"/>
						<SP ID="P120_SP00195" HPOS="400" VPOS="1399" WIDTH="13"/>
						<String ID="P120_ST00219" HPOS="413" VPOS="1364" WIDTH="104" HEIGHT="36" CONTENT="dispose" WC="0.58" CC="7667000"/>
						<SP ID="P120_SP00196" HPOS="517" VPOS="1400" WIDTH="10"/>
						<String ID="P120_ST00220" HPOS="527" VPOS="1366" WIDTH="31" HEIGHT="25" CONTENT="of" WC="0.59" CC="25"/>
						<SP ID="P120_SP00197" HPOS="558" VPOS="1400" WIDTH="8"/>
						<String ID="P120_ST00221" HPOS="566" VPOS="1366" WIDTH="96" HEIGHT="25" CONTENT="their's." WC="0.84" CC="00042050"/>
						<SP ID="P120_SP00198" HPOS="662" VPOS="1400" WIDTH="41"/>
						<String ID="P120_ST00222" HPOS="703" VPOS="1366" WIDTH="12" HEIGHT="25" CONTENT="I" WC="1.00" CC="0"/>
						<SP ID="P120_SP00199" HPOS="715" VPOS="1400" WIDTH="15"/>
						<String ID="P120_ST00223" HPOS="730" VPOS="1376" WIDTH="51" HEIGHT="15" CONTENT="was" WC="0.62" CC="405"/>
						<SP ID="P120_SP00200" HPOS="781" VPOS="1400" WIDTH="13"/>
						<String ID="P120_ST00224" HPOS="794" VPOS="1371" WIDTH="54" HEIGHT="25" CONTENT="not," WC="0.48" CC="1845"/>
						<SP ID="P120_SP00201" HPOS="848" VPOS="1400" WIDTH="16"/>
						<String ID="P120_ST00225" HPOS="864" VPOS="1364" WIDTH="128" HEIGHT="31" CONTENT="however," WC="0.82" CC="40300007"/>
						<SP ID="P120_SP00202" HPOS="992" VPOS="1400" WIDTH="15"/>
						<String ID="P120_ST00226" HPOS="1007" VPOS="1363" WIDTH="58" HEIGHT="26" CONTENT="able" WC="0.83" CC="0150"/>
						<SP ID="P120_SP00203" HPOS="1065" VPOS="1400" WIDTH="13"/>
						<String ID="P120_ST00227" HPOS="1078" VPOS="1368" WIDTH="28" HEIGHT="22" CONTENT="to" WC="1.00" CC="00"/>
						<SP ID="P120_SP00204" HPOS="1106" VPOS="1400" WIDTH="12"/>
						<String ID="P120_ST00228" HPOS="1118" VPOS="1366" WIDTH="137" HEIGHT="30" CONTENT="ascertain," WC="0.72" CC="0307003344"/>
						<SP ID="P120_SP00205" HPOS="1255" VPOS="1400" WIDTH="15"/>
						<String ID="P120_ST00229" HPOS="1270" VPOS="1366" WIDTH="119" HEIGHT="26" CONTENT="whether" WC="0.82" CC="6400100"/>
						<SP ID="P120_SP00206" HPOS="1389" VPOS="1400" WIDTH="13"/>
						<String ID="P120_ST00230" HPOS="1402" VPOS="1367" WIDTH="62" HEIGHT="35" CONTENT="they" WC="0.80" CC="0403"/>
						<SP ID="P120_SP00207" HPOS="1464" VPOS="1402" WIDTH="11"/>
						<String ID="P120_ST00231" HPOS="1475" VPOS="1368" WIDTH="96" HEIGHT="27" CONTENT="valued" WC="0.78" CC="035300"/>
					</TextLine>
					<TextLine ID="P120_TL00023" HPOS="223" VPOS="1405" WIDTH="1346" HEIGHT="38">
						<String ID="P120_ST00232" HPOS="223" VPOS="1406" WIDTH="72" HEIGHT="25" CONTENT="them" WC="0.85" CC="0500"/>
						<SP ID="P120_SP00208" HPOS="295" VPOS="1431" WIDTH="13"/>
						<String ID="P120_ST00233" HPOS="308" VPOS="1415" WIDTH="28" HEIGHT="15" CONTENT="as" WC="0.48" CC="45"/>
						<SP ID="P120_SP00209" HPOS="336" VPOS="1431" WIDTH="13"/>
						<String ID="P120_ST00234" HPOS="349" VPOS="1406" WIDTH="117" HEIGHT="25" CONTENT="markers" WC="0.76" CC="0040037"/>
						<SP ID="P120_SP00210" HPOS="466" VPOS="1431" WIDTH="13"/>
						<String ID="P120_ST00235" HPOS="479" VPOS="1406" WIDTH="32" HEIGHT="26" CONTENT="of" WC="1.00" CC="00"/>
						<SP ID="P120_SP00211" HPOS="511" VPOS="1432" WIDTH="13"/>
						<String ID="P120_ST00236" HPOS="524" VPOS="1407" WIDTH="71" HEIGHT="31" CONTENT="time," WC="0.84" CC="00007"/>
						<SP ID="P120_SP00212" HPOS="595" VPOS="1438" WIDTH="21"/>
						<String ID="P120_ST00237" HPOS="616" VPOS="1417" WIDTH="31" HEIGHT="16" CONTENT="or" WC="0.69" CC="32"/>
						<SP ID="P120_SP00213" HPOS="647" VPOS="1438" WIDTH="23"/>
						<String ID="P120_ST00238" HPOS="670" VPOS="1407" WIDTH="94" HEIGHT="35" CONTENT="simply" WC="0.55" CC="360743"/>
						<SP ID="P120_SP00214" HPOS="764" VPOS="1442" WIDTH="13"/>
						<String ID="P120_ST00239" HPOS="777" VPOS="1417" WIDTH="27" HEIGHT="16" CONTENT="as" WC="1.00" CC="00"/>
						<SP ID="P120_SP00215" HPOS="804" VPOS="1442" WIDTH="21"/>
						<String ID="P120_ST00240" HPOS="825" VPOS="1406" WIDTH="105" HEIGHT="26" CONTENT="curious" WC="0.73" CC="0222234"/>
						<SP ID="P120_SP00216" HPOS="930" VPOS="1442" WIDTH="19"/>
						<String ID="P120_ST00241" HPOS="949" VPOS="1405" WIDTH="116" HEIGHT="26" CONTENT="baubles." WC="0.74" CC="37004040"/>
						<SP ID="P120_SP00217" HPOS="1065" VPOS="1442" WIDTH="41"/>
						<String ID="P120_ST00242" HPOS="1106" VPOS="1406" WIDTH="73" HEIGHT="25" CONTENT="That" WC="0.85" CC="0140"/>
						<SP ID="P120_SP00218" HPOS="1179" VPOS="1442" WIDTH="21"/>
						<String ID="P120_ST00243" HPOS="1200" VPOS="1406" WIDTH="61" HEIGHT="35" CONTENT="they" WC="0.76" CC="0108"/>
						<SP ID="P120_SP00219" HPOS="1261" VPOS="1442" WIDTH="14"/>
						<String ID="P120_ST00244" HPOS="1275" VPOS="1417" WIDTH="46" HEIGHT="16" CONTENT="use" WC="0.91" CC="020"/>
						<SP ID="P120_SP00220" HPOS="1321" VPOS="1442" WIDTH="13"/>
						<String ID="P120_ST00245" HPOS="1334" VPOS="1407" WIDTH="82" HEIGHT="33" CONTENT="them," WC="0.68" CC="03075"/>
						<SP ID="P120_SP00221" HPOS="1416" VPOS="1442" WIDTH="22"/>
						<String ID="P120_ST00246" HPOS="1438" VPOS="1409" WIDTH="131" HEIGHT="34" CONTENT="however," WC="0.72" CC="30501047"/>
					</TextLine>
					<TextLine ID="P120_TL00024" HPOS="223" VPOS="1446" WIDTH="1348" HEIGHT="35">
						<String ID="P120_ST00247" HPOS="223" VPOS="1456" WIDTH="27" HEIGHT="17" CONTENT="as" WC="0.80" CC="04"/>
						<SP ID="P120_SP00222" HPOS="250" VPOS="1473" WIDTH="10"/>
						<String ID="P120_ST00248" HPOS="260" VPOS="1446" WIDTH="124" HEIGHT="32" CONTENT="horaries," WC="0.78" CC="003223060"/>
						<SP ID="P120_SP00223" HPOS="384" VPOS="1478" WIDTH="16"/>
						<String ID="P120_ST00249" HPOS="400" VPOS="1447" WIDTH="20" HEIGHT="25" CONTENT="is" WC="0.79" CC="22"/>
						<SP ID="P120_SP00224" HPOS="420" VPOS="1478" WIDTH="14"/>
						<String ID="P120_ST00250" HPOS="434" VPOS="1447" WIDTH="134" HEIGHT="34" CONTENT="probable," WC="0.77" CC="600010506"/>
						<SP ID="P120_SP00225" HPOS="568" VPOS="1481" WIDTH="15"/>
						<String ID="P120_ST00251" HPOS="583" VPOS="1457" WIDTH="27" HEIGHT="16" CONTENT="as" WC="0.82" CC="03"/>
						<SP ID="P120_SP00226" HPOS="610" VPOS="1481" WIDTH="14"/>
						<String ID="P120_ST00252" HPOS="624" VPOS="1447" WIDTH="44" HEIGHT="26" CONTENT="the" WC="0.75" CC="070"/>
						<SP ID="P120_SP00227" HPOS="668" VPOS="1481" WIDTH="13"/>
						<String ID="P120_ST00253" HPOS="681" VPOS="1448" WIDTH="112" HEIGHT="25" CONTENT="division" WC="0.79" CC="21541000"/>
						<SP ID="P120_SP00228" HPOS="793" VPOS="1481" WIDTH="10"/>
						<String ID="P120_ST00254" HPOS="803" VPOS="1448" WIDTH="30" HEIGHT="25" CONTENT="of" WC="1.00" CC="00"/>
						<SP ID="P120_SP00229" HPOS="833" VPOS="1481" WIDTH="9"/>
						<String ID="P120_ST00255" HPOS="842" VPOS="1448" WIDTH="44" HEIGHT="25" CONTENT="the" WC="1.00" CC="000"/>
						<SP ID="P120_SP00230" HPOS="886" VPOS="1481" WIDTH="12"/>
						<String ID="P120_ST00256" HPOS="898" VPOS="1446" WIDTH="115" HEIGHT="27" CONTENT="Chinese" WC="0.78" CC="0831020"/>
						<SP ID="P120_SP00231" HPOS="1013" VPOS="1481" WIDTH="11"/>
						<String ID="P120_ST00257" HPOS="1024" VPOS="1446" WIDTH="50" HEIGHT="35" CONTENT="day" WC="0.74" CC="015"/>
						<SP ID="P120_SP00232" HPOS="1074" VPOS="1481" WIDTH="10"/>
						<String ID="P120_ST00258" HPOS="1084" VPOS="1446" WIDTH="90" HEIGHT="35" CONTENT="nearly" WC="0.84" CC="000108"/>
						<SP ID="P120_SP00233" HPOS="1174" VPOS="1481" WIDTH="11"/>
						<String ID="P120_ST00259" HPOS="1185" VPOS="1448" WIDTH="140" HEIGHT="25" CONTENT="resembles" WC="0.89" CC="001070000"/>
						<SP ID="P120_SP00234" HPOS="1325" VPOS="1481" WIDTH="13"/>
						<String ID="P120_ST00260" HPOS="1338" VPOS="1458" WIDTH="50" HEIGHT="16" CONTENT="our" WC="1.00" CC="000"/>
						<SP ID="P120_SP00235" HPOS="1388" VPOS="1481" WIDTH="13"/>
						<String ID="P120_ST00261" HPOS="1401" VPOS="1459" WIDTH="68" HEIGHT="17" CONTENT="own." WC="0.81" CC="0240"/>
						<SP ID="P120_SP00236" HPOS="1469" VPOS="1481" WIDTH="41"/>
						<String ID="P120_ST00262" HPOS="1510" VPOS="1452" WIDTH="61" HEIGHT="26" CONTENT="The" WC="0.82" CC="140"/>
					</TextLine>
					<TextLine ID="P120_TL00025" HPOS="225" VPOS="1487" WIDTH="1346" HEIGHT="41">
						<String ID="P120_ST00263" HPOS="225" VPOS="1487" WIDTH="114" HEIGHT="26" CONTENT="Chinese" WC="0.68" CC="4740050"/>
						<SP ID="P120_SP00237" HPOS="339" VPOS="1513" WIDTH="12"/>
						<String ID="P120_ST00264" HPOS="351" VPOS="1487" WIDTH="99" HEIGHT="26" CONTENT="reckon" WC="0.90" CC="100004"/>
						<SP ID="P120_SP00238" HPOS="450" VPOS="1513" WIDTH="14"/>
						<String ID="P120_ST00265" HPOS="464" VPOS="1489" WIDTH="91" HEIGHT="25" CONTENT="twelve" WC="0.82" CC="050050"/>
						<SP ID="P120_SP00239" HPOS="555" VPOS="1514" WIDTH="12"/>
						<String ID="P120_ST00266" HPOS="567" VPOS="1488" WIDTH="82" HEIGHT="26" CONTENT="hours" WC="0.75" CC="20054"/>
						<SP ID="P120_SP00240" HPOS="649" VPOS="1514" WIDTH="20"/>
						<String ID="P120_ST00267" HPOS="669" VPOS="1495" WIDTH="28" HEIGHT="20" CONTENT="to" WC="1.00" CC="00"/>
						<SP ID="P120_SP00241" HPOS="697" VPOS="1515" WIDTH="13"/>
						<String ID="P120_ST00268" HPOS="710" VPOS="1489" WIDTH="64" HEIGHT="26" CONTENT="each" WC="0.86" CC="0005"/>
						<SP ID="P120_SP00242" HPOS="774" VPOS="1515" WIDTH="14"/>
						<String ID="P120_ST00269" HPOS="788" VPOS="1489" WIDTH="60" HEIGHT="35" CONTENT="day." WC="0.67" CC="6060"/>
						<SP ID="P120_SP00243" HPOS="848" VPOS="1524" WIDTH="39"/>
						<String ID="P120_ST00270" HPOS="887" VPOS="1487" WIDTH="60" HEIGHT="25" CONTENT="The" WC="1.00" CC="000"/>
						<SP ID="P120_SP00244" HPOS="947" VPOS="1524" WIDTH="14"/>
						<String ID="P120_ST00271" HPOS="961" VPOS="1487" WIDTH="59" HEIGHT="25" CONTENT="first" WC="0.67" CC="33025"/>
						<SP ID="P120_SP00245" HPOS="1020" VPOS="1524" WIDTH="13"/>
						<String ID="P120_ST00272" HPOS="1033" VPOS="1487" WIDTH="69" HEIGHT="25" CONTENT="hour" WC="0.97" CC="1000"/>
						<SP ID="P120_SP00246" HPOS="1102" VPOS="1524" WIDTH="18"/>
						<String ID="P120_ST00273" HPOS="1120" VPOS="1487" WIDTH="93" HEIGHT="36" CONTENT="begins" WC="0.78" CC="010533"/>
						<SP ID="P120_SP00247" HPOS="1213" VPOS="1524" WIDTH="14"/>
						<String ID="P120_ST00274" HPOS="1227" VPOS="1494" WIDTH="27" HEIGHT="20" CONTENT="at" WC="0.74" CC="50"/>
						<SP ID="P120_SP00248" HPOS="1254" VPOS="1524" WIDTH="13"/>
						<String ID="P120_ST00275" HPOS="1267" VPOS="1489" WIDTH="89" HEIGHT="27" CONTENT="eleven" WC="0.87" CC="020104"/>
						<SP ID="P120_SP00249" HPOS="1356" VPOS="1524" WIDTH="15"/>
						<String ID="P120_ST00276" HPOS="1371" VPOS="1496" WIDTH="27" HEIGHT="21" CONTENT="at" WC="0.66" CC="33"/>
						<SP ID="P120_SP00250" HPOS="1398" VPOS="1524" WIDTH="13"/>
						<String ID="P120_ST00277" HPOS="1411" VPOS="1492" WIDTH="87" HEIGHT="36" CONTENT="night," WC="0.60" CC="700447"/>
						<SP ID="P120_SP00251" HPOS="1498" VPOS="1528" WIDTH="18"/>
						<String ID="P120_ST00278" HPOS="1516" VPOS="1494" WIDTH="55" HEIGHT="25" CONTENT="and" WC="0.84" CC="004"/>
					</TextLine>
					<TextLine ID="P120_TL00026" HPOS="224" VPOS="1528" WIDTH="1346" HEIGHT="41">
						<String ID="P120_ST00279" HPOS="224" VPOS="1528" WIDTH="106" HEIGHT="26" CONTENT="finishes" WC="0.91" CC="00025000"/>
						<SP ID="P120_SP00252" HPOS="330" VPOS="1554" WIDTH="20"/>
						<String ID="P120_ST00280" HPOS="350" VPOS="1533" WIDTH="26" HEIGHT="21" CONTENT="at" WC="1.00" CC="00"/>
						<SP ID="P120_SP00253" HPOS="376" VPOS="1554" WIDTH="19"/>
						<String ID="P120_ST00281" HPOS="395" VPOS="1538" WIDTH="51" HEIGHT="16" CONTENT="one" WC="0.92" CC="200"/>
						<SP ID="P120_SP00254" HPOS="446" VPOS="1554" WIDTH="13"/>
						<String ID="P120_ST00282" HPOS="459" VPOS="1529" WIDTH="28" HEIGHT="25" CONTENT="in" WC="0.89" CC="02"/>
						<SP ID="P120_SP00255" HPOS="487" VPOS="1554" WIDTH="13"/>
						<String ID="P120_ST00283" HPOS="500" VPOS="1529" WIDTH="45" HEIGHT="26" CONTENT="the" WC="0.99" CC="000"/>
						<SP ID="P120_SP00256" HPOS="545" VPOS="1555" WIDTH="19"/>
						<String ID="P120_ST00284" HPOS="564" VPOS="1531" WIDTH="132" HEIGHT="35" CONTENT="morning." WC="0.86" CC="61010000"/>
						<SP ID="P120_SP00257" HPOS="696" VPOS="1566" WIDTH="41"/>
						<String ID="P120_ST00285" HPOS="737" VPOS="1531" WIDTH="72" HEIGHT="25" CONTENT="Each" WC="0.70" CC="0506"/>
						<SP ID="P120_SP00258" HPOS="809" VPOS="1566" WIDTH="22"/>
						<String ID="P120_ST00286" HPOS="831" VPOS="1531" WIDTH="69" HEIGHT="24" CONTENT="hour" WC="0.86" CC="5000"/>
						<SP ID="P120_SP00259" HPOS="900" VPOS="1566" WIDTH="14"/>
						<String ID="P120_ST00287" HPOS="914" VPOS="1531" WIDTH="20" HEIGHT="24" CONTENT="is" WC="0.69" CC="32"/>
						<SP ID="P120_SP00260" HPOS="934" VPOS="1566" WIDTH="14"/>
						<String ID="P120_ST00288" HPOS="948" VPOS="1529" WIDTH="105" HEIGHT="26" CONTENT="divided" WC="0.77" CC="4010306"/>
						<SP ID="P120_SP00261" HPOS="1053" VPOS="1566" WIDTH="15"/>
						<String ID="P120_ST00289" HPOS="1068" VPOS="1530" WIDTH="56" HEIGHT="25" CONTENT="into" WC="0.68" CC="3404"/>
						<SP ID="P120_SP00262" HPOS="1124" VPOS="1566" WIDTH="21"/>
						<String ID="P120_ST00290" HPOS="1145" VPOS="1534" WIDTH="51" HEIGHT="21" CONTENT="two" WC="0.57" CC="651"/>
						<SP ID="P120_SP00263" HPOS="1196" VPOS="1566" WIDTH="21"/>
						<String ID="P120_ST00291" HPOS="1217" VPOS="1531" WIDTH="149" HEIGHT="36" CONTENT="Poen-chy," WC="0.78" CC="300220053"/>
						<SP ID="P120_SP00264" HPOS="1366" VPOS="1567" WIDTH="23"/>
						<String ID="P120_ST00292" HPOS="1389" VPOS="1533" WIDTH="70" HEIGHT="34" CONTENT="(half" WC="0.57" CC="36334"/>
						<SP ID="P120_SP00265" HPOS="1459" VPOS="1567" WIDTH="15"/>
						<String ID="P120_ST00293" HPOS="1474" VPOS="1535" WIDTH="81" HEIGHT="34" CONTENT="hour)" WC="0.82" CC="70000"/>
						<String ID="P120_ST00294" HPOS="1563" VPOS="1546" WIDTH="7" HEIGHT="21" CONTENT=";" WC="0.25" CC="7"/>
					</TextLine>
					<TextLine ID="P120_TL00027" HPOS="224" VPOS="1569" WIDTH="1347" HEIGHT="40">
						<String ID="P120_ST00295" HPOS="224" VPOS="1570" WIDTH="64" HEIGHT="26" CONTENT="each" WC="0.95" CC="0002"/>
						<SP ID="P120_SP00266" HPOS="288" VPOS="1596" WIDTH="13"/>
						<String ID="P120_ST00296" HPOS="301" VPOS="1569" WIDTH="138" HEIGHT="36" CONTENT="Poen-chy" WC="0.68" CC="10084056"/>
						<SP ID="P120_SP00267" HPOS="439" VPOS="1605" WIDTH="13"/>
						<String ID="P120_ST00297" HPOS="452" VPOS="1570" WIDTH="57" HEIGHT="26" CONTENT="into" WC="0.81" CC="0231"/>
						<SP ID="P120_SP00268" HPOS="509" VPOS="1605" WIDTH="13"/>
						<String ID="P120_ST00298" HPOS="522" VPOS="1570" WIDTH="59" HEIGHT="26" CONTENT="four" WC="0.91" CC="1001"/>
						<SP ID="P120_SP00269" HPOS="581" VPOS="1605" WIDTH="7"/>
						<String ID="P120_ST00299" HPOS="588" VPOS="1577" WIDTH="128" HEIGHT="28" CONTENT="quarters," WC="0.67" CC="221050636"/>
						<SP ID="P120_SP00270" HPOS="716" VPOS="1605" WIDTH="14"/>
						<String ID="P120_ST00300" HPOS="730" VPOS="1572" WIDTH="96" HEIGHT="25" CONTENT="named" WC="0.73" CC="50205"/>
						<SP ID="P120_SP00271" HPOS="826" VPOS="1605" WIDTH="12"/>
						<String ID="P120_ST00301" HPOS="838" VPOS="1572" WIDTH="114" HEIGHT="33" CONTENT="Chy-ke." WC="0.81" CC="0660000"/>
						<SP ID="P120_SP00272" HPOS="952" VPOS="1605" WIDTH="39"/>
						<String ID="P120_ST00302" HPOS="991" VPOS="1571" WIDTH="61" HEIGHT="26" CONTENT="The" WC="0.88" CC="030"/>
						<SP ID="P120_SP00273" HPOS="1052" VPOS="1605" WIDTH="10"/>
						<String ID="P120_ST00303" HPOS="1062" VPOS="1571" WIDTH="81" HEIGHT="25" CONTENT="hours" WC="0.78" CC="50004"/>
						<SP ID="P120_SP00274" HPOS="1143" VPOS="1605" WIDTH="14"/>
						<String ID="P120_ST00304" HPOS="1157" VPOS="1581" WIDTH="44" HEIGHT="16" CONTENT="are" WC="0.75" CC="070"/>
						<SP ID="P120_SP00275" HPOS="1201" VPOS="1605" WIDTH="10"/>
						<String ID="P120_ST00305" HPOS="1211" VPOS="1573" WIDTH="134" HEIGHT="36" CONTENT="generally" WC="0.82" CC="000001337"/>
						<SP ID="P120_SP00276" HPOS="1345" VPOS="1609" WIDTH="9"/>
						<String ID="P120_ST00306" HPOS="1354" VPOS="1576" WIDTH="96" HEIGHT="26" CONTENT="named" WC="0.75" CC="72002"/>
						<SP ID="P120_SP00277" HPOS="1450" VPOS="1609" WIDTH="11"/>
						<String ID="P120_ST00307" HPOS="1461" VPOS="1578" WIDTH="110" HEIGHT="26" CONTENT="accord" SUBS_TYPE="HypPart1" SUBS_CONTENT="according" WC="0.90" CC="3000002"/>
						<HYP CONTENT="-"/>
					</TextLine>
					<TextLine ID="P120_TL00028" HPOS="224" VPOS="1611" WIDTH="1347" HEIGHT="40">
						<String ID="P120_ST00308" HPOS="224" VPOS="1612" WIDTH="46" HEIGHT="35" CONTENT="ing" SUBS_TYPE="HypPart2" SUBS_CONTENT="according" WC="0.73" CC="150"/>
						<SP ID="P120_SP00278" HPOS="270" VPOS="1647" WIDTH="16"/>
						<String ID="P120_ST00309" HPOS="286" VPOS="1617" WIDTH="27" HEIGHT="20" CONTENT="to" WC="0.76" CC="40"/>
						<SP ID="P120_SP00279" HPOS="313" VPOS="1647" WIDTH="21"/>
						<String ID="P120_ST00310" HPOS="334" VPOS="1611" WIDTH="67" HEIGHT="26" CONTENT="their" WC="0.93" CC="11000"/>
						<SP ID="P120_SP00280" HPOS="401" VPOS="1647" WIDTH="22"/>
						<String ID="P120_ST00311" HPOS="423" VPOS="1611" WIDTH="155" HEIGHT="32" CONTENT="succession," WC="0.72" CC="13000345137"/>
						<SP ID="P120_SP00281" HPOS="578" VPOS="1647" WIDTH="21"/>
						<String ID="P120_ST00312" HPOS="599" VPOS="1622" WIDTH="28" HEIGHT="15" CONTENT="as" WC="0.69" CC="06"/>
						<SP ID="P120_SP00282" HPOS="627" VPOS="1647" WIDTH="21"/>
						<String ID="P120_ST00313" HPOS="648" VPOS="1612" WIDTH="125" HEIGHT="36" CONTENT="Tse-chy," WC="0.73" CC="07000453"/>
						<SP ID="P120_SP00283" HPOS="773" VPOS="1648" WIDTH="21"/>
						<String ID="P120_ST00314" HPOS="794" VPOS="1612" WIDTH="56" HEIGHT="26" CONTENT="first" WC="0.73" CC="22520"/>
						<SP ID="P120_SP00284" HPOS="850" VPOS="1648" WIDTH="21"/>
						<String ID="P120_ST00315" HPOS="871" VPOS="1612" WIDTH="84" HEIGHT="31" CONTENT="hour;" WC="0.77" CC="20016"/>
						<SP ID="P120_SP00285" HPOS="955" VPOS="1648" WIDTH="21"/>
						<String ID="P120_ST00316" HPOS="976" VPOS="1612" WIDTH="185" HEIGHT="35" CONTENT="Tcheou-chy," WC="0.85" CC="00000000437"/>
						<SP ID="P120_SP00286" HPOS="1161" VPOS="1648" WIDTH="22"/>
						<String ID="P120_ST00317" HPOS="1183" VPOS="1614" WIDTH="97" HEIGHT="25" CONTENT="second" WC="0.98" CC="100000"/>
						<SP ID="P120_SP00287" HPOS="1280" VPOS="1648" WIDTH="20"/>
						<String ID="P120_ST00318" HPOS="1300" VPOS="1614" WIDTH="77" HEIGHT="28" CONTENT="hour." WC="0.63" CC="50380"/>
						<SP ID="P120_SP00288" HPOS="1377" VPOS="1648" WIDTH="41"/>
						<String ID="P120_ST00319" HPOS="1418" VPOS="1617" WIDTH="77" HEIGHT="34" CONTENT="They" WC="0.56" CC="0737"/>
						<SP ID="P120_SP00289" HPOS="1495" VPOS="1651" WIDTH="21"/>
						<String ID="P120_ST00320" HPOS="1516" VPOS="1619" WIDTH="55" HEIGHT="27" CONTENT="also" WC="0.63" CC="4720"/>
					</TextLine>
					<TextLine ID="P120_TL00029" HPOS="224" VPOS="1652" WIDTH="491" HEIGHT="31">
						<String ID="P120_ST00321" HPOS="224" VPOS="1653" WIDTH="100" HEIGHT="26" CONTENT="receive" WC="0.77" CC="5000630"/>
						<SP ID="P120_SP00290" HPOS="324" VPOS="1679" WIDTH="13"/>
						<String ID="P120_ST00322" HPOS="337" VPOS="1653" WIDTH="45" HEIGHT="25" CONTENT="the" WC="0.68" CC="540"/>
						<SP ID="P120_SP00291" HPOS="382" VPOS="1679" WIDTH="10"/>
						<String ID="P120_ST00323" HPOS="392" VPOS="1661" WIDTH="89" HEIGHT="17" CONTENT="names" WC="0.67" CC="50405"/>
						<SP ID="P120_SP00292" HPOS="481" VPOS="1679" WIDTH="13"/>
						<String ID="P120_ST00324" HPOS="494" VPOS="1653" WIDTH="32" HEIGHT="25" CONTENT="of" WC="0.83" CC="20"/>
						<SP ID="P120_SP00293" HPOS="526" VPOS="1679" WIDTH="8"/>
						<String ID="P120_ST00325" HPOS="534" VPOS="1652" WIDTH="110" HEIGHT="26" CONTENT="animals" WC="0.63" CC="5601441"/>
						<String ID="P120_ST00326" HPOS="652" VPOS="1662" WIDTH="7" HEIGHT="21" CONTENT=";" WC="0.47" CC="5"/>
						<SP ID="P120_SP00294" HPOS="659" VPOS="1683" WIDTH="21"/>
						<String ID="P120_ST00327" HPOS="680" VPOS="1663" WIDTH="35" HEIGHT="20" CONTENT="as," WC="0.73" CC="043"/>
					</TextLine>
				</TextBlock>
				<TextBlock ID="P120_TB00005" HPOS="356" VPOS="1693" WIDTH="1027" HEIGHT="31" STYLEREFS="TXT_1 PAR_CENTER">
					<TextLine ID="P120_TL00030" HPOS="356" VPOS="1694" WIDTH="1027" HEIGHT="30">
						<String ID="P120_ST00328" HPOS="356" VPOS="1698" WIDTH="22" HEIGHT="21" CONTENT="1." WC="1.00" CC="00"/>
						<SP ID="P120_SP00295" HPOS="378" VPOS="1719" WIDTH="41"/>
						<String ID="P120_ST00329" HPOS="419" VPOS="1694" WIDTH="63" HEIGHT="30" CONTENT="Chu," WC="0.55" CC="3760"/>
						<SP ID="P120_SP00296" HPOS="482" VPOS="1724" WIDTH="134"/>
						<String ID="P120_ST00330" HPOS="616" VPOS="1694" WIDTH="60" HEIGHT="26" CONTENT="Rat." WC="0.73" CC="5310"/>
						<SP ID="P120_SP00297" HPOS="676" VPOS="1724" WIDTH="333"/>
						<String ID="P120_ST00331" HPOS="1009" VPOS="1697" WIDTH="24" HEIGHT="27" CONTENT="7." WC="0.68" CC="60"/>
						<SP ID="P120_SP00298" HPOS="1033" VPOS="1724" WIDTH="40"/>
						<String ID="P120_ST00332" HPOS="1073" VPOS="1695" WIDTH="59" HEIGHT="29" CONTENT="Ma," WC="0.91" CC="002"/>
						<SP ID="P120_SP00299" HPOS="1132" VPOS="1724" WIDTH="154"/>
						<String ID="P120_ST00333" HPOS="1286" VPOS="1697" WIDTH="97" HEIGHT="27" CONTENT="Horse." WC="0.68" CC="461600"/>
					</TextLine>
				</TextBlock>
				<TextBlock ID="P120_TB00006" HPOS="353" VPOS="1734" WIDTH="1062" HEIGHT="118" STYLEREFS="TXT_1 PAR_LEFT">
					<TextLine ID="P120_TL00031" HPOS="353" VPOS="1735" WIDTH="1028" HEIGHT="38">
						<String ID="P120_ST00334" HPOS="353" VPOS="1738" WIDTH="24" HEIGHT="22" CONTENT="2." WC="0.72" CC="50"/>
						<SP ID="P120_SP00300" HPOS="377" VPOS="1760" WIDTH="40"/>
						<String ID="P120_ST00335" HPOS="417" VPOS="1736" WIDTH="92" HEIGHT="30" CONTENT="Nieou," WC="0.72" CC="500315"/>
						<SP ID="P120_SP00301" HPOS="509" VPOS="1766" WIDTH="104"/>
						<String ID="P120_ST00336" HPOS="613" VPOS="1735" WIDTH="53" HEIGHT="26" CONTENT="Ox." WC="0.75" CC="700"/>
						<SP ID="P120_SP00302" HPOS="666" VPOS="1766" WIDTH="341"/>
						<String ID="P120_ST00337" HPOS="1007" VPOS="1738" WIDTH="24" HEIGHT="24" CONTENT="8." WC="0.91" CC="01"/>
						<SP ID="P120_SP00303" HPOS="1031" VPOS="1766" WIDTH="44"/>
						<String ID="P120_ST00338" HPOS="1075" VPOS="1737" WIDTH="82" HEIGHT="34" CONTENT="Yang," WC="0.82" CC="50011"/>
						<SP ID="P120_SP00304" HPOS="1157" VPOS="1771" WIDTH="127"/>
						<String ID="P120_ST00339" HPOS="1284" VPOS="1738" WIDTH="97" HEIGHT="35" CONTENT="Sheep." WC="0.77" CC="100560"/>
					</TextLine>
					<TextLine ID="P120_TL00032" HPOS="356" VPOS="1776" WIDTH="1059" HEIGHT="40">
						<String ID="P120_ST00340" HPOS="356" VPOS="1779" WIDTH="24" HEIGHT="22" CONTENT="3." WC="0.70" CC="50"/>
						<SP ID="P120_SP00305" HPOS="380" VPOS="1801" WIDTH="38"/>
						<String ID="P120_ST00341" HPOS="418" VPOS="1776" WIDTH="72" HEIGHT="31" CONTENT="Hou," WC="0.71" CC="1270"/>
						<SP ID="P120_SP00306" HPOS="490" VPOS="1807" WIDTH="122"/>
						<String ID="P120_ST00342" HPOS="612" VPOS="1776" WIDTH="92" HEIGHT="35" CONTENT="Tiger." WC="0.87" CC="060010"/>
						<SP ID="P120_SP00307" HPOS="704" VPOS="1811" WIDTH="300"/>
						<String ID="P120_ST00343" HPOS="1004" VPOS="1781" WIDTH="25" HEIGHT="22" CONTENT="9." WC="0.58" CC="80"/>
						<SP ID="P120_SP00308" HPOS="1029" VPOS="1811" WIDTH="38"/>
						<String ID="P120_ST00344" HPOS="1067" VPOS="1777" WIDTH="85" HEIGHT="32" CONTENT="Heou," WC="0.61" CC="07226"/>
						<SP ID="P120_SP00309" HPOS="1152" VPOS="1811" WIDTH="134"/>
						<String ID="P120_ST00345" HPOS="1286" VPOS="1778" WIDTH="129" HEIGHT="38" CONTENT="Monkey." WC="0.87" CC="0000080"/>
					</TextLine>
					<TextLine ID="P120_TL00033" HPOS="355" VPOS="1816" WIDTH="1012" HEIGHT="36">
						<String ID="P120_ST00346" HPOS="355" VPOS="1820" WIDTH="26" HEIGHT="22" CONTENT="4." WC="0.92" CC="00"/>
						<SP ID="P120_SP00310" HPOS="381" VPOS="1842" WIDTH="42"/>
						<String ID="P120_ST00347" HPOS="423" VPOS="1818" WIDTH="61" HEIGHT="30" CONTENT="Tou," WC="0.92" CC="0300"/>
						<SP ID="P120_SP00311" HPOS="484" VPOS="1848" WIDTH="131"/>
						<String ID="P120_ST00348" HPOS="615" VPOS="1816" WIDTH="84" HEIGHT="27" CONTENT="Hare." WC="0.90" CC="40000"/>
						<SP ID="P120_SP00312" HPOS="699" VPOS="1848" WIDTH="292"/>
						<String ID="P120_ST00349" HPOS="991" VPOS="1822" WIDTH="40" HEIGHT="22" CONTENT="10." WC="0.65" CC="522"/>
						<SP ID="P120_SP00313" HPOS="1031" VPOS="1848" WIDTH="39"/>
						<String ID="P120_ST00350" HPOS="1070" VPOS="1819" WIDTH="49" HEIGHT="33" CONTENT="Ky," WC="0.78" CC="006"/>
						<SP ID="P120_SP00314" HPOS="1119" VPOS="1852" WIDTH="166"/>
						<String ID="P120_ST00351" HPOS="1285" VPOS="1821" WIDTH="82" HEIGHT="27" CONTENT="Fowl." WC="0.76" CC="40340"/>
					</TextLine>
				</TextBlock>
				<TextBlock ID="P120_TB00007" HPOS="356" VPOS="1857" WIDTH="1178" HEIGHT="125" STYLEREFS="TXT_1 PAR_LEFT">
					<TextLine ID="P120_TL00034" HPOS="356" VPOS="1858" WIDTH="999" HEIGHT="42">
						<String ID="P120_ST00352" HPOS="356" VPOS="1860" WIDTH="24" HEIGHT="22" CONTENT="5." WC="0.78" CC="40"/>
						<SP ID="P120_SP00315" HPOS="380" VPOS="1882" WIDTH="38"/>
						<String ID="P120_ST00353" HPOS="418" VPOS="1858" WIDTH="83" HEIGHT="34" CONTENT="Long," WC="0.42" CC="76355"/>
						<SP ID="P120_SP00316" HPOS="501" VPOS="1892" WIDTH="113"/>
						<String ID="P120_ST00354" HPOS="614" VPOS="1858" WIDTH="120" HEIGHT="35" CONTENT="Dragon." WC="0.70" CC="8140050"/>
						<SP ID="P120_SP00317" HPOS="734" VPOS="1893" WIDTH="258"/>
						<String ID="P120_ST00355" HPOS="992" VPOS="1865" WIDTH="7" HEIGHT="20" CONTENT="1" WC="0.39" CC="6"/>
						<String ID="P120_ST00356" HPOS="1011" VPOS="1865" WIDTH="20" HEIGHT="21" CONTENT="1." WC="1.00" CC="00"/>
						<SP ID="P120_SP00318" HPOS="1031" VPOS="1893" WIDTH="38"/>
						<String ID="P120_ST00357" HPOS="1069" VPOS="1861" WIDTH="79" HEIGHT="31" CONTENT="Keou," WC="0.69" CC="03820"/>
						<SP ID="P120_SP00319" HPOS="1148" VPOS="1893" WIDTH="133"/>
						<String ID="P120_ST00358" HPOS="1281" VPOS="1863" WIDTH="74" HEIGHT="37" CONTENT="Dog." WC="0.81" CC="6000"/>
					</TextLine>
					<TextLine ID="P120_TL00035" HPOS="356" VPOS="1898" WIDTH="1001" HEIGHT="43">
						<String ID="P120_ST00359" HPOS="356" VPOS="1901" WIDTH="24" HEIGHT="21" CONTENT="6." WC="0.70" CC="50"/>
						<SP ID="P120_SP00320" HPOS="380" VPOS="1922" WIDTH="40"/>
						<String ID="P120_ST00360" HPOS="420" VPOS="1898" WIDTH="58" HEIGHT="32" CONTENT="Che," WC="0.73" CC="0640"/>
						<SP ID="P120_SP00321" HPOS="478" VPOS="1930" WIDTH="138"/>
						<String ID="P120_ST00361" HPOS="616" VPOS="1899" WIDTH="118" HEIGHT="35" CONTENT="Serpent." WC="0.66" CC="40460460"/>
						<SP ID="P120_SP00322" HPOS="734" VPOS="1934" WIDTH="255"/>
						<String ID="P120_ST00362" HPOS="989" VPOS="1905" WIDTH="39" HEIGHT="23" CONTENT="12." WC="0.72" CC="440"/>
						<SP ID="P120_SP00323" HPOS="1028" VPOS="1934" WIDTH="43"/>
						<String ID="P120_ST00363" HPOS="1071" VPOS="1903" WIDTH="77" HEIGHT="31" CONTENT="Tchu," WC="0.79" CC="00505"/>
						<SP ID="P120_SP00324" HPOS="1148" VPOS="1934" WIDTH="133"/>
						<String ID="P120_ST00364" HPOS="1281" VPOS="1904" WIDTH="76" HEIGHT="37" CONTENT="Hog." WC="0.62" CC="4720"/>
					</TextLine>
					<TextLine ID="P120_TL00036" HPOS="749" VPOS="1941" WIDTH="785" HEIGHT="41">
						<String ID="P120_ST00365" HPOS="749" VPOS="1941" WIDTH="49" HEIGHT="26" CONTENT="See" WC="0.81" CC="500"/>
						<SP ID="P120_SP00325" HPOS="798" VPOS="1967" WIDTH="14"/>
						<String ID="P120_ST00366" HPOS="812" VPOS="1941" WIDTH="43" HEIGHT="25" CONTENT="De" WC="0.45" CC="64"/>
						<SP ID="P120_SP00326" HPOS="855" VPOS="1967" WIDTH="9"/>
						<String ID="P120_ST00367" HPOS="864" VPOS="1941" WIDTH="127" HEIGHT="39" CONTENT="Guignes'" WC="0.77" CC="70700020"/>
						<SP ID="P120_SP00327" HPOS="991" VPOS="1980" WIDTH="16"/>
						<String ID="P120_ST00368" HPOS="1007" VPOS="1943" WIDTH="109" HEIGHT="37" CONTENT="Voyage" WC="0.81" CC="007400"/>
						<SP ID="P120_SP00328" HPOS="1116" VPOS="1980" WIDTH="13"/>
						<String ID="P120_ST00369" HPOS="1129" VPOS="1954" WIDTH="16" HEIGHT="16" CONTENT="a" WC="1.00" CC="0"/>
						<SP ID="P120_SP00329" HPOS="1145" VPOS="1980" WIDTH="15"/>
						<String ID="P120_ST00370" HPOS="1160" VPOS="1944" WIDTH="110" HEIGHT="37" CONTENT="Peking," WC="0.81" CC="4001502"/>
						<SP ID="P120_SP00330" HPOS="1270" VPOS="1981" WIDTH="23"/>
						<String ID="P120_ST00371" HPOS="1293" VPOS="1946" WIDTH="79" HEIGHT="27" CONTENT="Tom." WC="0.93" CC="0020"/>
						<SP ID="P120_SP00331" HPOS="1372" VPOS="1981" WIDTH="14"/>
						<String ID="P120_ST00372" HPOS="1386" VPOS="1948" WIDTH="27" HEIGHT="26" CONTENT="ii." WC="0.47" CC="770"/>
						<SP ID="P120_SP00332" HPOS="1413" VPOS="1981" WIDTH="21"/>
						<String ID="P120_ST00373" HPOS="1434" VPOS="1959" WIDTH="26" HEIGHT="23" CONTENT="p." WC="0.48" CC="72"/>
						<SP ID="P120_SP00333" HPOS="1460" VPOS="1982" WIDTH="12"/>
						<String ID="P120_ST00374" HPOS="1472" VPOS="1954" WIDTH="62" HEIGHT="22" CONTENT="425." WC="0.59" CC="8700"/>
					</TextLine>
				</TextBlock>
				<TextBlock ID="P120_TB00008" HPOS="228" VPOS="1991" WIDTH="1345" HEIGHT="110" STYLEREFS="TXT_1 PAR_LEFT">
					<TextLine ID="P120_TL00037" HPOS="266" VPOS="1992" WIDTH="1307" HEIGHT="38">
						<String ID="P120_ST00375" HPOS="266" VPOS="1992" WIDTH="90" HEIGHT="27" CONTENT="There" WC="0.90" CC="04000"/>
						<SP ID="P120_SP00334" HPOS="356" VPOS="2019" WIDTH="17"/>
						<String ID="P120_ST00376" HPOS="373" VPOS="2001" WIDTH="48" HEIGHT="17" CONTENT="can" WC="0.92" CC="002"/>
						<SP ID="P120_SP00335" HPOS="421" VPOS="2019" WIDTH="19"/>
						<String ID="P120_ST00377" HPOS="440" VPOS="1992" WIDTH="33" HEIGHT="25" CONTENT="be" WC="1.00" CC="00"/>
						<SP ID="P120_SP00336" HPOS="473" VPOS="2019" WIDTH="20"/>
						<String ID="P120_ST00378" HPOS="493" VPOS="2001" WIDTH="35" HEIGHT="16" CONTENT="no" WC="0.96" CC="00"/>
						<SP ID="P120_SP00337" HPOS="528" VPOS="2019" WIDTH="26"/>
						<String ID="P120_ST00379" HPOS="554" VPOS="1992" WIDTH="90" HEIGHT="32" CONTENT="doubt," WC="0.78" CC="406001"/>
						<SP ID="P120_SP00338" HPOS="644" VPOS="2024" WIDTH="22"/>
						<String ID="P120_ST00380" HPOS="666" VPOS="2002" WIDTH="27" HEIGHT="17" CONTENT="as" WC="0.46" CC="54"/>
						<SP ID="P120_SP00339" HPOS="693" VPOS="2024" WIDTH="18"/>
						<String ID="P120_ST00381" HPOS="711" VPOS="1993" WIDTH="39" HEIGHT="26" CONTENT="far" WC="0.75" CC="240"/>
						<SP ID="P120_SP00340" HPOS="750" VPOS="2024" WIDTH="14"/>
						<String ID="P120_ST00382" HPOS="764" VPOS="2004" WIDTH="27" HEIGHT="16" CONTENT="as" WC="1.00" CC="00"/>
						<SP ID="P120_SP00341" HPOS="791" VPOS="2024" WIDTH="13"/>
						<String ID="P120_ST00383" HPOS="804" VPOS="1995" WIDTH="45" HEIGHT="25" CONTENT="the" WC="0.76" CC="070"/>
						<SP ID="P120_SP00342" HPOS="849" VPOS="2024" WIDTH="20"/>
						<String ID="P120_ST00384" HPOS="869" VPOS="1996" WIDTH="154" HEIGHT="34" CONTENT="experience" WC="0.89" CC="0000010800"/>
						<SP ID="P120_SP00343" HPOS="1023" VPOS="2030" WIDTH="13"/>
						<String ID="P120_ST00385" HPOS="1036" VPOS="1994" WIDTH="32" HEIGHT="27" CONTENT="of" WC="0.83" CC="03"/>
						<SP ID="P120_SP00344" HPOS="1068" VPOS="2030" WIDTH="13"/>
						<String ID="P120_ST00386" HPOS="1081" VPOS="1995" WIDTH="45" HEIGHT="26" CONTENT="the" WC="0.84" CC="040"/>
						<SP ID="P120_SP00345" HPOS="1126" VPOS="2030" WIDTH="20"/>
						<String ID="P120_ST00387" HPOS="1146" VPOS="1996" WIDTH="129" HEIGHT="26" CONTENT="members" WC="0.85" CC="0025003"/>
						<SP ID="P120_SP00346" HPOS="1275" VPOS="2030" WIDTH="14"/>
						<String ID="P120_ST00388" HPOS="1289" VPOS="1997" WIDTH="31" HEIGHT="26" CONTENT="of" WC="0.81" CC="03"/>
						<SP ID="P120_SP00347" HPOS="1320" VPOS="2030" WIDTH="15"/>
						<String ID="P120_ST00389" HPOS="1335" VPOS="1997" WIDTH="76" HEIGHT="28" CONTENT="Lord" WC="0.85" CC="1040"/>
						<SP ID="P120_SP00348" HPOS="1411" VPOS="2030" WIDTH="14"/>
						<String ID="P120_ST00390" HPOS="1425" VPOS="2000" WIDTH="148" HEIGHT="29" CONTENT="Amherst's" WC="0.76" CC="630010502"/>
					</TextLine>
					<TextLine ID="P120_TL00038" HPOS="229" VPOS="2032" WIDTH="1344" HEIGHT="41">
						<String ID="P120_ST00391" HPOS="229" VPOS="2034" WIDTH="129" HEIGHT="35" CONTENT="Embassy" WC="0.63" CC="0702338"/>
						<SP ID="P120_SP00349" HPOS="358" VPOS="2069" WIDTH="12"/>
						<String ID="P120_ST00392" HPOS="370" VPOS="2042" WIDTH="70" HEIGHT="27" CONTENT="goes," WC="0.86" CC="00015"/>
						<SP ID="P120_SP00350" HPOS="440" VPOS="2069" WIDTH="22"/>
						<String ID="P120_ST00393" HPOS="462" VPOS="2032" WIDTH="57" HEIGHT="26" CONTENT="that" WC="0.92" CC="0003"/>
						<SP ID="P120_SP00351" HPOS="519" VPOS="2069" WIDTH="14"/>
						<String ID="P120_ST00394" HPOS="533" VPOS="2033" WIDTH="111" HEIGHT="25" CONTENT="watches" WC="0.72" CC="4040602"/>
						<SP ID="P120_SP00352" HPOS="644" VPOS="2069" WIDTH="10"/>
						<String ID="P120_ST00395" HPOS="654" VPOS="2043" WIDTH="44" HEIGHT="16" CONTENT="are" WC="1.00" CC="000"/>
						<SP ID="P120_SP00353" HPOS="698" VPOS="2069" WIDTH="12"/>
						<String ID="P120_ST00396" HPOS="710" VPOS="2035" WIDTH="44" HEIGHT="25" CONTENT="the" WC="0.77" CC="060"/>
						<SP ID="P120_SP00354" HPOS="754" VPOS="2069" WIDTH="13"/>
						<String ID="P120_ST00397" HPOS="767" VPOS="2041" WIDTH="70" HEIGHT="20" CONTENT="most" WC="0.57" CC="5065"/>
						<SP ID="P120_SP00355" HPOS="837" VPOS="2069" WIDTH="12"/>
						<String ID="P120_ST00398" HPOS="849" VPOS="2036" WIDTH="150" HEIGHT="35" CONTENT="acceptable" WC="0.87" CC="0000605000"/>
						<SP ID="P120_SP00356" HPOS="999" VPOS="2071" WIDTH="10"/>
						<String ID="P120_ST00399" HPOS="1009" VPOS="2041" WIDTH="126" HEIGHT="30" CONTENT="presents," WC="0.54" CC="870506076"/>
						<SP ID="P120_SP00357" HPOS="1135" VPOS="2071" WIDTH="16"/>
						<String ID="P120_ST00400" HPOS="1151" VPOS="2047" WIDTH="34" HEIGHT="16" CONTENT="on" WC="0.34" CC="75"/>
						<SP ID="P120_SP00358" HPOS="1185" VPOS="2071" WIDTH="14"/>
						<String ID="P120_ST00401" HPOS="1199" VPOS="2047" WIDTH="15" HEIGHT="16" CONTENT="a" WC="0.18" CC="8"/>
						<SP ID="P120_SP00359" HPOS="1214" VPOS="2071" WIDTH="11"/>
						<String ID="P120_ST00402" HPOS="1225" VPOS="2038" WIDTH="76" HEIGHT="26" CONTENT="small" WC="0.60" CC="24075"/>
						<SP ID="P120_SP00360" HPOS="1301" VPOS="2071" WIDTH="13"/>
						<String ID="P120_ST00403" HPOS="1314" VPOS="2041" WIDTH="77" HEIGHT="32" CONTENT="scale," WC="0.77" CC="300306"/>
						<SP ID="P120_SP00361" HPOS="1391" VPOS="2073" WIDTH="13"/>
						<String ID="P120_ST00404" HPOS="1404" VPOS="2041" WIDTH="58" HEIGHT="28" CONTENT="that" WC="0.51" CC="8505"/>
						<SP ID="P120_SP00362" HPOS="1462" VPOS="2073" WIDTH="15"/>
						<String ID="P120_ST00405" HPOS="1477" VPOS="2053" WIDTH="50" HEIGHT="17" CONTENT="can" WC="0.79" CC="006"/>
						<SP ID="P120_SP00363" HPOS="1527" VPOS="2073" WIDTH="16"/>
						<String ID="P120_ST00406" HPOS="1543" VPOS="2045" WIDTH="30" HEIGHT="26" CONTENT="be" WC="1.00" CC="00"/>
					</TextLine>
					<TextLine ID="P120_TL00039" HPOS="229" VPOS="2074" WIDTH="515" HEIGHT="27">
						<String ID="P120_ST00407" HPOS="229" VPOS="2075" WIDTH="99" HEIGHT="26" CONTENT="offered" WC="0.81" CC="0000253"/>
						<SP ID="P120_SP00364" HPOS="328" VPOS="2101" WIDTH="10"/>
						<String ID="P120_ST00408" HPOS="338" VPOS="2080" WIDTH="28" HEIGHT="21" CONTENT="to" WC="0.53" CC="35"/>
						<SP ID="P120_SP00365" HPOS="366" VPOS="2101" WIDTH="12"/>
						<String ID="P120_ST00409" HPOS="378" VPOS="2075" WIDTH="45" HEIGHT="26" CONTENT="the" WC="0.98" CC="000"/>
						<SP ID="P120_SP00366" HPOS="423" VPOS="2101" WIDTH="12"/>
						<String ID="P120_ST00410" HPOS="435" VPOS="2074" WIDTH="115" HEIGHT="26" CONTENT="Chinese" WC="0.76" CC="1154030"/>
						<SP ID="P120_SP00367" HPOS="550" VPOS="2101" WIDTH="13"/>
						<String ID="P120_ST00411" HPOS="563" VPOS="2074" WIDTH="31" HEIGHT="26" CONTENT="of" WC="0.75" CC="50"/>
						<SP ID="P120_SP00368" HPOS="594" VPOS="2101" WIDTH="14"/>
						<String ID="P120_ST00412" HPOS="608" VPOS="2075" WIDTH="35" HEIGHT="25" CONTENT="all" WC="1.00" CC="000"/>
						<SP ID="P120_SP00369" HPOS="643" VPOS="2101" WIDTH="13"/>
						<String ID="P120_ST00413" HPOS="656" VPOS="2075" WIDTH="88" HEIGHT="26" CONTENT="ranks." WC="0.60" CC="507054"/>
					</TextLine>
				</TextBlock>
			</PrintSpace>
		</Page>
	</Layout>
</alto>
