<?xml version="1.0" encoding="UTF-8"?>
<alto xmlns:xsi="http://www.w3.org/2001/XMLSchema-instance" xsi:noNamespaceSchemaLocation="http://www.bl.uk/schemas/alto/alto-1-4.xsd" xmlns:xlink="http://www.w3.org/1999/xlink">
	<Description>
		<MeasurementUnit>mm10</MeasurementUnit>
		<sourceImageInformation>
			<fileName>//head1/IN/2008-13/A0011342463/003029.jp2</fileName>
		</sourceImageInformation>
		<OCRProcessing ID="OCRPROCESSING_1">
			<preProcessingStep>
				<processingSoftware>
					<softwareCreator>CCS Content Conversion Specialists GmbH, Germany</softwareCreator>
					<softwareName>CCS docWORKS</softwareName>
					<softwareVersion>6.1-0.67</softwareVersion>
				</processingSoftware>
			</preProcessingStep>
			<ocrProcessingStep>
				<processingSoftware>
					<softwareCreator>ABBYY (BIT Software), Russia</softwareCreator>
					<softwareName>Finereader</softwareName>
				</processingSoftware>
			</ocrProcessingStep>
		</OCRProcessing>
	</Description>
	<Styles>
		<TextStyle ID="TXT_0" FONTSIZE="10" FONTFAMILY="Courier New"/>
		<ParagraphStyle ID="PAR_LEFT" ALIGN="Left"/>
		<ParagraphStyle ID="PAR_RIGHT" ALIGN="Right"/>
		<ParagraphStyle ID="PAR_CENTER" ALIGN="Center"/>
	</Styles>
	<Layout>
		<Page ID="P111" PHYSICAL_IMG_NR="111" HEIGHT="2350" WIDTH="1784" PRINTED_IMG_NR="73" POSITION="Right" ACCURACY="71.38">
			<TopMargin ID="P111_TM00001" HPOS="0" VPOS="0" WIDTH="1783" HEIGHT="165">
				<TextBlock ID="P111_TB00001" HPOS="765" VPOS="124" WIDTH="137" HEIGHT="23" STYLEREFS="TXT_0 PAR_LEFT">
					<TextLine ID="P111_TL00001" HPOS="765" VPOS="125" WIDTH="137" HEIGHT="22">
						<String ID="P111_ST00001" HPOS="765" VPOS="125" WIDTH="137" HEIGHT="22" CONTENT="TA-KOO" WC="0.99" CC="000000"/>
					</TextLine>
				</TextBlock>
				<TextBlock ID="P111_TB00002" HPOS="1460" VPOS="131" WIDTH="43" HEIGHT="32" STYLEREFS="TXT_0 PAR_RIGHT">
					<TextLine ID="P111_TL00002" HPOS="1460" VPOS="131" WIDTH="43" HEIGHT="32">
						<String ID="P111_ST00002" HPOS="1460" VPOS="131" WIDTH="43" HEIGHT="32" CONTENT="73" WC="0.18" CC="88"/>
					</TextLine>
				</TextBlock>
			</TopMargin>
			<LeftMargin ID="P111_LM00001" HPOS="0" VPOS="165" WIDTH="143" HEIGHT="1995"/>
			<RightMargin ID="P111_RM00001" HPOS="1503" VPOS="165" WIDTH="280" HEIGHT="1995"/>
			<BottomMargin ID="P111_BM00001" HPOS="0" VPOS="2160" WIDTH="1783" HEIGHT="190"/>
			<PrintSpace ID="P111_PS00001" HPOS="143" VPOS="165" WIDTH="1360" HEIGHT="1995">
				<TextBlock ID="P111_TB00003" HPOS="149" VPOS="201" WIDTH="1354" HEIGHT="328" STYLEREFS="TXT_0 PAR_LEFT">
					<TextLine ID="P111_TL00003" HPOS="155" VPOS="202" WIDTH="1348" HEIGHT="52">
						<String ID="P111_ST00003" HPOS="155" VPOS="203" WIDTH="67" HEIGHT="32" CONTENT="and" WC="0.65" CC="280"/>
						<SP ID="P111_SP00001" HPOS="222" VPOS="235" WIDTH="18"/>
						<String ID="P111_ST00004" HPOS="240" VPOS="202" WIDTH="118" HEIGHT="34" CONTENT="cheers" WC="0.81" CC="040060"/>
						<SP ID="P111_SP00002" HPOS="358" VPOS="236" WIDTH="23"/>
						<String ID="P111_ST00005" HPOS="381" VPOS="203" WIDTH="87" HEIGHT="33" CONTENT="bade" WC="0.77" CC="7010"/>
						<SP ID="P111_SP00003" HPOS="468" VPOS="236" WIDTH="18"/>
						<String ID="P111_ST00006" HPOS="486" VPOS="215" WIDTH="39" HEIGHT="20" CONTENT="us" WC="0.96" CC="00"/>
						<SP ID="P111_SP00004" HPOS="525" VPOS="236" WIDTH="23"/>
						<String ID="P111_ST00007" HPOS="548" VPOS="203" WIDTH="148" HEIGHT="33" CONTENT="farewell" WC="0.91" CC="30200000"/>
						<SP ID="P111_SP00005" HPOS="696" VPOS="236" WIDTH="18"/>
						<String ID="P111_ST00008" HPOS="714" VPOS="203" WIDTH="88" HEIGHT="33" CONTENT="from" WC="0.98" CC="0000"/>
						<SP ID="P111_SP00006" HPOS="802" VPOS="236" WIDTH="19"/>
						<String ID="P111_ST00009" HPOS="821" VPOS="217" WIDTH="102" HEIGHT="32" CONTENT="every" WC="0.79" CC="00036"/>
						<SP ID="P111_SP00007" HPOS="923" VPOS="249" WIDTH="22"/>
						<String ID="P111_ST00010" HPOS="945" VPOS="205" WIDTH="85" HEIGHT="46" CONTENT="ship." WC="0.78" CC="00460"/>
						<SP ID="P111_SP00008" HPOS="1030" VPOS="251" WIDTH="54"/>
						<String ID="P111_ST00011" HPOS="1084" VPOS="208" WIDTH="55" HEIGHT="33" CONTENT="On" WC="0.98" CC="00"/>
						<SP ID="P111_SP00009" HPOS="1139" VPOS="251" WIDTH="27"/>
						<String ID="P111_ST00012" HPOS="1166" VPOS="209" WIDTH="161" HEIGHT="45" CONTENT="reaching" WC="0.88" CC="00000422"/>
						<SP ID="P111_SP00010" HPOS="1327" VPOS="254" WIDTH="16"/>
						<String ID="P111_ST00013" HPOS="1343" VPOS="209" WIDTH="61" HEIGHT="33" CONTENT="the" WC="0.85" CC="400"/>
						<SP ID="P111_SP00011" HPOS="1404" VPOS="254" WIDTH="11"/>
						<String ID="P111_ST00014" HPOS="1415" VPOS="209" WIDTH="88" HEIGHT="45" CONTENT="junk" WC="0.89" CC="1020"/>
					</TextLine>
					<TextLine ID="P111_TL00004" HPOS="155" VPOS="258" WIDTH="1348" HEIGHT="46">
						<String ID="P111_ST00015" HPOS="155" VPOS="258" WIDTH="166" HEIGHT="33" CONTENT="intended" WC="0.77" CC="58000400"/>
						<SP ID="P111_SP00012" HPOS="321" VPOS="291" WIDTH="12"/>
						<String ID="P111_ST00016" HPOS="333" VPOS="258" WIDTH="52" HEIGHT="33" CONTENT="for" WC="0.53" CC="454"/>
						<SP ID="P111_SP00013" HPOS="385" VPOS="291" WIDTH="18"/>
						<String ID="P111_ST00017" HPOS="403" VPOS="270" WIDTH="62" HEIGHT="21" CONTENT="our" WC="0.80" CC="121"/>
						<SP ID="P111_SP00014" HPOS="465" VPOS="291" WIDTH="18"/>
						<String ID="P111_ST00018" HPOS="483" VPOS="270" WIDTH="217" HEIGHT="33" CONTENT="conveyance" WC="0.75" CC="0370080500"/>
						<SP ID="P111_SP00015" HPOS="700" VPOS="303" WIDTH="18"/>
						<String ID="P111_ST00019" HPOS="718" VPOS="266" WIDTH="36" HEIGHT="26" CONTENT="to" WC="0.53" CC="35"/>
						<SP ID="P111_SP00016" HPOS="754" VPOS="303" WIDTH="18"/>
						<String ID="P111_ST00020" HPOS="772" VPOS="260" WIDTH="59" HEIGHT="34" CONTENT="the" WC="0.90" CC="020"/>
						<SP ID="P111_SP00017" HPOS="831" VPOS="303" WIDTH="17"/>
						<String ID="P111_ST00021" HPOS="848" VPOS="262" WIDTH="123" HEIGHT="32" CONTENT="mouth" WC="0.99" CC="00000"/>
						<SP ID="P111_SP00018" HPOS="971" VPOS="303" WIDTH="19"/>
						<String ID="P111_ST00022" HPOS="990" VPOS="262" WIDTH="40" HEIGHT="33" CONTENT="of" WC="0.83" CC="03"/>
						<SP ID="P111_SP00019" HPOS="1030" VPOS="303" WIDTH="10"/>
						<String ID="P111_ST00023" HPOS="1040" VPOS="263" WIDTH="60" HEIGHT="34" CONTENT="the" WC="0.95" CC="010"/>
						<SP ID="P111_SP00020" HPOS="1100" VPOS="303" WIDTH="22"/>
						<String ID="P111_ST00024" HPOS="1122" VPOS="264" WIDTH="133" HEIGHT="40" CONTENT="Pei-ho," WC="0.72" CC="8020025"/>
						<SP ID="P111_SP00021" HPOS="1255" VPOS="304" WIDTH="15"/>
						<String ID="P111_ST00025" HPOS="1270" VPOS="266" WIDTH="25" HEIGHT="32" CONTENT="it" WC="0.88" CC="11"/>
						<SP ID="P111_SP00022" HPOS="1295" VPOS="304" WIDTH="17"/>
						<String ID="P111_ST00026" HPOS="1312" VPOS="279" WIDTH="66" HEIGHT="20" CONTENT="was" WC="0.97" CC="000"/>
						<SP ID="P111_SP00023" HPOS="1378" VPOS="304" WIDTH="18"/>
						<String ID="P111_ST00027" HPOS="1396" VPOS="265" WIDTH="107" HEIGHT="34" CONTENT="found" WC="0.66" CC="53016"/>
					</TextLine>
					<TextLine ID="P111_TL00005" HPOS="152" VPOS="314" WIDTH="1349" HEIGHT="53">
						<String ID="P111_ST00028" HPOS="152" VPOS="327" WIDTH="82" HEIGHT="32" CONTENT="very" WC="0.63" CC="6008"/>
						<SP ID="P111_SP00024" HPOS="234" VPOS="359" WIDTH="24"/>
						<String ID="P111_ST00029" HPOS="258" VPOS="314" WIDTH="204" HEIGHT="45" CONTENT="inadequate" WC="0.80" CC="0152040500"/>
						<SP ID="P111_SP00025" HPOS="462" VPOS="359" WIDTH="27"/>
						<String ID="P111_ST00030" HPOS="489" VPOS="320" WIDTH="36" HEIGHT="27" CONTENT="to" WC="0.58" CC="44"/>
						<SP ID="P111_SP00026" HPOS="525" VPOS="359" WIDTH="28"/>
						<String ID="P111_ST00031" HPOS="553" VPOS="315" WIDTH="58" HEIGHT="33" CONTENT="the" WC="0.79" CC="060"/>
						<SP ID="P111_SP00027" HPOS="611" VPOS="359" WIDTH="28"/>
						<String ID="P111_ST00032" HPOS="639" VPOS="318" WIDTH="296" HEIGHT="33" CONTENT="accommodation" WC="0.78" CC="2000074600006"/>
						<SP ID="P111_SP00028" HPOS="935" VPOS="359" WIDTH="27"/>
						<String ID="P111_ST00033" HPOS="962" VPOS="319" WIDTH="43" HEIGHT="33" CONTENT="of" WC="0.40" CC="83"/>
						<SP ID="P111_SP00029" HPOS="1005" VPOS="359" WIDTH="25"/>
						<String ID="P111_ST00034" HPOS="1030" VPOS="319" WIDTH="60" HEIGHT="33" CONTENT="the" WC="0.90" CC="110"/>
						<SP ID="P111_SP00030" HPOS="1090" VPOS="359" WIDTH="24"/>
						<String ID="P111_ST00035" HPOS="1114" VPOS="321" WIDTH="111" HEIGHT="33" CONTENT="whole" WC="0.89" CC="01030"/>
						<SP ID="P111_SP00031" HPOS="1225" VPOS="359" WIDTH="25"/>
						<String ID="P111_ST00036" HPOS="1250" VPOS="328" WIDTH="110" HEIGHT="39" CONTENT="party," WC="0.64" CC="701065"/>
						<SP ID="P111_SP00032" HPOS="1360" VPOS="367" WIDTH="27"/>
						<String ID="P111_ST00037" HPOS="1387" VPOS="322" WIDTH="114" HEIGHT="34" CONTENT="unless" WC="0.73" CC="430016"/>
					</TextLine>
					<TextLine ID="P111_TL00006" HPOS="150" VPOS="370" WIDTH="1350" HEIGHT="50">
						<String ID="P111_ST00038" HPOS="150" VPOS="371" WIDTH="83" HEIGHT="45" CONTENT="they" WC="0.79" CC="0007"/>
						<SP ID="P111_SP00033" HPOS="233" VPOS="416" WIDTH="18"/>
						<String ID="P111_ST00039" HPOS="251" VPOS="370" WIDTH="100" HEIGHT="33" CONTENT="stood" WC="0.71" CC="02127"/>
						<SP ID="P111_SP00034" HPOS="351" VPOS="416" WIDTH="20"/>
						<String ID="P111_ST00040" HPOS="371" VPOS="372" WIDTH="154" HEIGHT="44" CONTENT="exposed" WC="0.64" CC="0474305"/>
						<SP ID="P111_SP00035" HPOS="525" VPOS="416" WIDTH="17"/>
						<String ID="P111_ST00041" HPOS="542" VPOS="385" WIDTH="45" HEIGHT="20" CONTENT="on" WC="0.45" CC="28"/>
						<SP ID="P111_SP00036" HPOS="587" VPOS="416" WIDTH="22"/>
						<String ID="P111_ST00042" HPOS="609" VPOS="373" WIDTH="42" HEIGHT="33" CONTENT="its" WC="0.76" CC="204"/>
						<SP ID="P111_SP00037" HPOS="651" VPOS="416" WIDTH="21"/>
						<String ID="P111_ST00043" HPOS="672" VPOS="373" WIDTH="87" HEIGHT="34" CONTENT="deck" WC="0.95" CC="2000"/>
						<SP ID="P111_SP00038" HPOS="759" VPOS="416" WIDTH="17"/>
						<String ID="P111_ST00044" HPOS="776" VPOS="380" WIDTH="37" HEIGHT="27" CONTENT="to" WC="0.88" CC="02"/>
						<SP ID="P111_SP00039" HPOS="813" VPOS="416" WIDTH="23"/>
						<String ID="P111_ST00045" HPOS="836" VPOS="387" WIDTH="19" HEIGHT="20" CONTENT="a" WC="0.81" CC="1"/>
						<SP ID="P111_SP00040" HPOS="855" VPOS="416" WIDTH="24"/>
						<String ID="P111_ST00046" HPOS="879" VPOS="375" WIDTH="149" HEIGHT="45" CONTENT="burning" WC="0.65" CC="0087420"/>
						<SP ID="P111_SP00041" HPOS="1028" VPOS="420" WIDTH="18"/>
						<String ID="P111_ST00047" HPOS="1046" VPOS="388" WIDTH="72" HEIGHT="20" CONTENT="sun." WC="0.83" CC="0060"/>
						<SP ID="P111_SP00042" HPOS="1118" VPOS="420" WIDTH="54"/>
						<String ID="P111_ST00048" HPOS="1172" VPOS="377" WIDTH="33" HEIGHT="32" CONTENT="A" WC="0.86" CC="1"/>
						<SP ID="P111_SP00043" HPOS="1205" VPOS="420" WIDTH="18"/>
						<String ID="P111_ST00049" HPOS="1223" VPOS="377" WIDTH="76" HEIGHT="39" CONTENT="few," WC="0.80" CC="0025"/>
						<SP ID="P111_SP00044" HPOS="1299" VPOS="420" WIDTH="21"/>
						<String ID="P111_ST00050" HPOS="1320" VPOS="379" WIDTH="180" HEIGHT="39" CONTENT="therefore," WC="0.80" CC="0300053203"/>
					</TextLine>
					<TextLine ID="P111_TL00007" HPOS="150" VPOS="427" WIDTH="1350" HEIGHT="52">
						<String ID="P111_ST00051" HPOS="150" VPOS="428" WIDTH="83" HEIGHT="33" CONTENT="took" WC="0.72" CC="0307"/>
						<SP ID="P111_SP00045" HPOS="233" VPOS="461" WIDTH="26"/>
						<String ID="P111_ST00052" HPOS="259" VPOS="427" WIDTH="118" HEIGHT="46" CONTENT="refuge" WC="0.62" CC="808600"/>
						<SP ID="P111_SP00046" HPOS="377" VPOS="473" WIDTH="25"/>
						<String ID="P111_ST00053" HPOS="402" VPOS="429" WIDTH="109" HEIGHT="33" CONTENT="under" WC="0.58" CC="78005"/>
						<SP ID="P111_SP00047" HPOS="511" VPOS="473" WIDTH="17"/>
						<String ID="P111_ST00054" HPOS="528" VPOS="430" WIDTH="60" HEIGHT="33" CONTENT="the" WC="0.77" CC="060"/>
						<SP ID="P111_SP00048" HPOS="588" VPOS="473" WIDTH="17"/>
						<String ID="P111_ST00055" HPOS="605" VPOS="430" WIDTH="136" HEIGHT="45" CONTENT="awning" WC="0.81" CC="003060"/>
						<SP ID="P111_SP00049" HPOS="741" VPOS="475" WIDTH="17"/>
						<String ID="P111_ST00056" HPOS="758" VPOS="430" WIDTH="40" HEIGHT="33" CONTENT="of" WC="0.88" CC="02"/>
						<SP ID="P111_SP00050" HPOS="798" VPOS="475" WIDTH="19"/>
						<String ID="P111_ST00057" HPOS="817" VPOS="431" WIDTH="59" HEIGHT="33" CONTENT="the" WC="0.96" CC="010"/>
						<SP ID="P111_SP00051" HPOS="876" VPOS="475" WIDTH="19"/>
						<String ID="P111_ST00058" HPOS="895" VPOS="432" WIDTH="263" HEIGHT="34" CONTENT="Ambassador's" WC="0.69" CC="320712143053"/>
						<SP ID="P111_SP00052" HPOS="1158" VPOS="475" WIDTH="17"/>
						<String ID="P111_ST00059" HPOS="1175" VPOS="435" WIDTH="113" HEIGHT="44" CONTENT="barge," WC="0.74" CC="404005"/>
						<SP ID="P111_SP00053" HPOS="1288" VPOS="479" WIDTH="18"/>
						<String ID="P111_ST00060" HPOS="1306" VPOS="435" WIDTH="110" HEIGHT="33" CONTENT="which" WC="0.90" CC="01300"/>
						<SP ID="P111_SP00054" HPOS="1416" VPOS="479" WIDTH="17"/>
						<String ID="P111_ST00061" HPOS="1433" VPOS="448" WIDTH="67" HEIGHT="21" CONTENT="was" WC="0.86" CC="102"/>
					</TextLine>
					<TextLine ID="P111_TL00008" HPOS="151" VPOS="485" WIDTH="318" HEIGHT="44">
						<String ID="P111_ST00062" HPOS="151" VPOS="485" WIDTH="115" HEIGHT="32" CONTENT="towed" WC="0.81" CC="04005"/>
						<SP ID="P111_SP00055" HPOS="266" VPOS="517" WIDTH="17"/>
						<String ID="P111_ST00063" HPOS="283" VPOS="485" WIDTH="186" HEIGHT="44" CONTENT="alongside." WC="0.60" CC="8737340300"/>
					</TextLine>
				</TextBlock>
				<TextBlock ID="P111_TB00004" HPOS="150" VPOS="540" WIDTH="1350" HEIGHT="387" STYLEREFS="TXT_0 PAR_LEFT">
					<TextLine ID="P111_TL00009" HPOS="199" VPOS="540" WIDTH="1301" HEIGHT="46">
						<String ID="P111_ST00064" HPOS="199" VPOS="540" WIDTH="139" HEIGHT="46" CONTENT="Having" WC="0.41" CC="626585"/>
						<SP ID="P111_SP00056" HPOS="338" VPOS="586" WIDTH="31"/>
						<String ID="P111_ST00065" HPOS="369" VPOS="541" WIDTH="34" HEIGHT="32" CONTENT="in" WC="0.55" CC="08"/>
						<SP ID="P111_SP00057" HPOS="403" VPOS="586" WIDTH="30"/>
						<String ID="P111_ST00066" HPOS="433" VPOS="542" WIDTH="68" HEIGHT="32" CONTENT="this" WC="0.73" CC="0206"/>
						<SP ID="P111_SP00058" HPOS="501" VPOS="586" WIDTH="34"/>
						<String ID="P111_ST00067" HPOS="535" VPOS="555" WIDTH="144" HEIGHT="21" CONTENT="manner" WC="0.50" CC="256806"/>
						<SP ID="P111_SP00059" HPOS="679" VPOS="586" WIDTH="33"/>
						<String ID="P111_ST00068" HPOS="712" VPOS="544" WIDTH="132" HEIGHT="33" CONTENT="arrived" WC="0.80" CC="0714000"/>
						<SP ID="P111_SP00060" HPOS="844" VPOS="586" WIDTH="29"/>
						<String ID="P111_ST00069" HPOS="873" VPOS="545" WIDTH="118" HEIGHT="33" CONTENT="within" WC="0.67" CC="010745"/>
						<SP ID="P111_SP00061" HPOS="991" VPOS="586" WIDTH="32"/>
						<String ID="P111_ST00070" HPOS="1023" VPOS="559" WIDTH="18" HEIGHT="19" CONTENT="a" WC="0.30" CC="6"/>
						<SP ID="P111_SP00062" HPOS="1041" VPOS="586" WIDTH="27"/>
						<String ID="P111_ST00071" HPOS="1068" VPOS="546" WIDTH="93" HEIGHT="33" CONTENT="short" WC="0.81" CC="20051"/>
						<SP ID="P111_SP00063" HPOS="1161" VPOS="586" WIDTH="30"/>
						<String ID="P111_ST00072" HPOS="1191" VPOS="547" WIDTH="152" HEIGHT="33" CONTENT="distance" WC="0.79" CC="40420500"/>
						<SP ID="P111_SP00064" HPOS="1343" VPOS="586" WIDTH="33"/>
						<String ID="P111_ST00073" HPOS="1376" VPOS="547" WIDTH="40" HEIGHT="33" CONTENT="of" WC="0.66" CC="60"/>
						<SP ID="P111_SP00065" HPOS="1416" VPOS="586" WIDTH="25"/>
						<String ID="P111_ST00074" HPOS="1441" VPOS="548" WIDTH="59" HEIGHT="34" CONTENT="the" WC="0.81" CC="310"/>
					</TextLine>
					<TextLine ID="P111_TL00010" HPOS="151" VPOS="598" WIDTH="1349" HEIGHT="49">
						<String ID="P111_ST00075" HPOS="151" VPOS="598" WIDTH="123" HEIGHT="33" CONTENT="mouth" WC="0.73" CC="42203"/>
						<SP ID="P111_SP00066" HPOS="274" VPOS="631" WIDTH="37"/>
						<String ID="P111_ST00076" HPOS="311" VPOS="598" WIDTH="41" HEIGHT="32" CONTENT="of" WC="0.68" CC="41"/>
						<SP ID="P111_SP00067" HPOS="352" VPOS="631" WIDTH="31"/>
						<String ID="P111_ST00077" HPOS="383" VPOS="599" WIDTH="60" HEIGHT="33" CONTENT="the" WC="0.77" CC="060"/>
						<SP ID="P111_SP00068" HPOS="443" VPOS="632" WIDTH="36"/>
						<String ID="P111_ST00078" HPOS="479" VPOS="599" WIDTH="133" HEIGHT="40" CONTENT="Pei-ho," WC="0.66" CC="8004244"/>
						<SP ID="P111_SP00069" HPOS="612" VPOS="639" WIDTH="40"/>
						<String ID="P111_ST00079" HPOS="652" VPOS="600" WIDTH="95" HEIGHT="45" CONTENT="Capt." WC="0.66" CC="46600"/>
						<SP ID="P111_SP00070" HPOS="747" VPOS="645" WIDTH="27"/>
						<String ID="P111_ST00080" HPOS="774" VPOS="601" WIDTH="116" HEIGHT="33" CONTENT="Cooke" WC="0.67" CC="42360"/>
						<SP ID="P111_SP00071" HPOS="890" VPOS="645" WIDTH="29"/>
						<String ID="P111_ST00081" HPOS="919" VPOS="614" WIDTH="65" HEIGHT="20" CONTENT="was" WC="0.72" CC="053"/>
						<SP ID="P111_SP00072" HPOS="984" VPOS="645" WIDTH="31"/>
						<String ID="P111_ST00082" HPOS="1015" VPOS="601" WIDTH="209" HEIGHT="46" CONTENT="despatched" WC="0.80" CC="4030000406"/>
						<SP ID="P111_SP00073" HPOS="1224" VPOS="647" WIDTH="33"/>
						<String ID="P111_ST00083" HPOS="1257" VPOS="603" WIDTH="123" HEIGHT="33" CONTENT="a-head" WC="0.80" CC="342000"/>
						<SP ID="P111_SP00074" HPOS="1380" VPOS="647" WIDTH="33"/>
						<String ID="P111_ST00084" HPOS="1413" VPOS="604" WIDTH="34" HEIGHT="32" CONTENT="in" WC="0.41" CC="65"/>
						<SP ID="P111_SP00075" HPOS="1447" VPOS="647" WIDTH="35"/>
						<String ID="P111_ST00085" HPOS="1482" VPOS="616" WIDTH="18" HEIGHT="20" CONTENT="a" WC="1.00" CC="0"/>
					</TextLine>
					<TextLine ID="P111_TL00011" HPOS="153" VPOS="655" WIDTH="1347" HEIGHT="50">
						<String ID="P111_ST00086" HPOS="153" VPOS="655" WIDTH="98" HEIGHT="32" CONTENT="small" WC="0.75" CC="70050"/>
						<SP ID="P111_SP00076" HPOS="251" VPOS="687" WIDTH="32"/>
						<String ID="P111_ST00087" HPOS="283" VPOS="656" WIDTH="80" HEIGHT="32" CONTENT="boat" WC="0.89" CC="2010"/>
						<SP ID="P111_SP00077" HPOS="363" VPOS="688" WIDTH="30"/>
						<String ID="P111_ST00088" HPOS="393" VPOS="661" WIDTH="36" HEIGHT="26" CONTENT="to" WC="0.89" CC="20"/>
						<SP ID="P111_SP00078" HPOS="429" VPOS="688" WIDTH="27"/>
						<String ID="P111_ST00089" HPOS="456" VPOS="667" WIDTH="180" HEIGHT="22" CONTENT="announce" WC="0.69" CC="60700630"/>
						<SP ID="P111_SP00079" HPOS="636" VPOS="689" WIDTH="29"/>
						<String ID="P111_ST00090" HPOS="665" VPOS="668" WIDTH="63" HEIGHT="21" CONTENT="our" WC="0.63" CC="441"/>
						<SP ID="P111_SP00080" HPOS="728" VPOS="689" WIDTH="33"/>
						<String ID="P111_ST00091" HPOS="761" VPOS="658" WIDTH="170" HEIGHT="44" CONTENT="approach" WC="0.58" CC="75660106"/>
						<SP ID="P111_SP00081" HPOS="931" VPOS="702" WIDTH="29"/>
						<String ID="P111_ST00092" HPOS="960" VPOS="664" WIDTH="36" HEIGHT="27" CONTENT="to" WC="0.78" CC="04"/>
						<SP ID="P111_SP00082" HPOS="996" VPOS="702" WIDTH="27"/>
						<String ID="P111_ST00093" HPOS="1023" VPOS="659" WIDTH="59" HEIGHT="32" CONTENT="the" WC="1.00" CC="000"/>
						<SP ID="P111_SP00083" HPOS="1082" VPOS="702" WIDTH="27"/>
						<String ID="P111_ST00094" HPOS="1109" VPOS="659" WIDTH="139" HEIGHT="46" CONTENT="Legate." WC="0.84" CC="4020300"/>
						<SP ID="P111_SP00084" HPOS="1248" VPOS="705" WIDTH="61"/>
						<String ID="P111_ST00095" HPOS="1309" VPOS="661" WIDTH="74" HEIGHT="32" CONTENT="The" WC="0.94" CC="010"/>
						<SP ID="P111_SP00085" HPOS="1383" VPOS="705" WIDTH="30"/>
						<String ID="P111_ST00096" HPOS="1413" VPOS="661" WIDTH="87" HEIGHT="31" CONTENT="Am" SUBS_TYPE="HypPart1" SUBS_CONTENT="Ambassador" WC="0.82" CC="103"/>
						<HYP CONTENT="-"/>
					</TextLine>
					<TextLine ID="P111_TL00012" HPOS="151" VPOS="711" WIDTH="1349" HEIGHT="42">
						<String ID="P111_ST00097" HPOS="151" VPOS="711" WIDTH="161" HEIGHT="33" CONTENT="bassador" SUBS_TYPE="HypPart2" SUBS_CONTENT="Ambassador" WC="0.73" CC="00305506"/>
						<SP ID="P111_SP00086" HPOS="312" VPOS="744" WIDTH="30"/>
						<String ID="P111_ST00098" HPOS="342" VPOS="711" WIDTH="68" HEIGHT="33" CONTENT="and" WC="0.64" CC="036"/>
						<SP ID="P111_SP00087" HPOS="410" VPOS="744" WIDTH="25"/>
						<String ID="P111_ST00099" HPOS="435" VPOS="711" WIDTH="53" HEIGHT="33" CONTENT="his" WC="0.67" CC="224"/>
						<SP ID="P111_SP00088" HPOS="488" VPOS="744" WIDTH="27"/>
						<String ID="P111_ST00100" HPOS="515" VPOS="712" WIDTH="88" HEIGHT="32" CONTENT="train" WC="0.74" CC="05061"/>
						<SP ID="P111_SP00089" HPOS="603" VPOS="744" WIDTH="31"/>
						<String ID="P111_ST00101" HPOS="634" VPOS="718" WIDTH="34" HEIGHT="26" CONTENT="at" WC="0.73" CC="50"/>
						<SP ID="P111_SP00090" HPOS="668" VPOS="744" WIDTH="33"/>
						<String ID="P111_ST00102" HPOS="701" VPOS="712" WIDTH="59" HEIGHT="33" CONTENT="the" WC="0.77" CC="420"/>
						<SP ID="P111_SP00091" HPOS="760" VPOS="745" WIDTH="33"/>
						<String ID="P111_ST00103" HPOS="793" VPOS="726" WIDTH="93" HEIGHT="21" CONTENT="same" WC="0.78" CC="4310"/>
						<SP ID="P111_SP00092" HPOS="886" VPOS="747" WIDTH="29"/>
						<String ID="P111_ST00104" HPOS="915" VPOS="714" WIDTH="85" HEIGHT="33" CONTENT="time" WC="0.80" CC="0700"/>
						<SP ID="P111_SP00093" HPOS="1000" VPOS="747" WIDTH="33"/>
						<String ID="P111_ST00105" HPOS="1033" VPOS="715" WIDTH="155" HEIGHT="38" CONTENT="changed" WC="0.50" CC="1654808"/>
						<SP ID="P111_SP00094" HPOS="1188" VPOS="753" WIDTH="33"/>
						<String ID="P111_ST00106" HPOS="1221" VPOS="716" WIDTH="88" HEIGHT="33" CONTENT="their" WC="0.78" CC="07030"/>
						<SP ID="P111_SP00095" HPOS="1309" VPOS="753" WIDTH="29"/>
						<String ID="P111_ST00107" HPOS="1338" VPOS="717" WIDTH="162" HEIGHT="32" CONTENT="situation" WC="0.72" CC="550130332"/>
					</TextLine>
					<TextLine ID="P111_TL00013" HPOS="151" VPOS="767" WIDTH="1349" HEIGHT="50">
						<String ID="P111_ST00108" HPOS="151" VPOS="767" WIDTH="89" HEIGHT="33" CONTENT="from" WC="0.66" CC="1704"/>
						<SP ID="P111_SP00096" HPOS="240" VPOS="800" WIDTH="19"/>
						<String ID="P111_ST00109" HPOS="259" VPOS="767" WIDTH="59" HEIGHT="33" CONTENT="the" WC="0.90" CC="020"/>
						<SP ID="P111_SP00097" HPOS="318" VPOS="800" WIDTH="12"/>
						<String ID="P111_ST00110" HPOS="330" VPOS="768" WIDTH="105" HEIGHT="45" CONTENT="junks" WC="0.62" CC="45701"/>
						<SP ID="P111_SP00098" HPOS="435" VPOS="813" WIDTH="18"/>
						<String ID="P111_ST00111" HPOS="453" VPOS="774" WIDTH="36" HEIGHT="26" CONTENT="to" WC="0.75" CC="04"/>
						<SP ID="P111_SP00099" HPOS="489" VPOS="813" WIDTH="18"/>
						<String ID="P111_ST00112" HPOS="507" VPOS="768" WIDTH="60" HEIGHT="32" CONTENT="the" WC="0.79" CC="060"/>
						<SP ID="P111_SP00100" HPOS="567" VPOS="813" WIDTH="17"/>
						<String ID="P111_ST00113" HPOS="584" VPOS="769" WIDTH="97" HEIGHT="32" CONTENT="boats" WC="0.76" CC="00208"/>
						<SP ID="P111_SP00101" HPOS="681" VPOS="813" WIDTH="27"/>
						<String ID="P111_ST00114" HPOS="708" VPOS="768" WIDTH="40" HEIGHT="33" CONTENT="of" WC="0.74" CC="41"/>
						<SP ID="P111_SP00102" HPOS="748" VPOS="813" WIDTH="20"/>
						<String ID="P111_ST00115" HPOS="768" VPOS="769" WIDTH="58" HEIGHT="32" CONTENT="the" WC="0.87" CC="010"/>
						<SP ID="P111_SP00103" HPOS="826" VPOS="813" WIDTH="26"/>
						<String ID="P111_ST00116" HPOS="852" VPOS="770" WIDTH="171" HEIGHT="44" CONTENT="squadron" WC="0.53" CC="51571356"/>
						<SP ID="P111_SP00104" HPOS="1023" VPOS="814" WIDTH="17"/>
						<String ID="P111_ST00117" HPOS="1040" VPOS="771" WIDTH="111" HEIGHT="32" CONTENT="which" WC="0.85" CC="01203"/>
						<SP ID="P111_SP00105" HPOS="1151" VPOS="814" WIDTH="19"/>
						<String ID="P111_ST00118" HPOS="1170" VPOS="772" WIDTH="68" HEIGHT="32" CONTENT="had" WC="0.39" CC="476"/>
						<SP ID="P111_SP00106" HPOS="1238" VPOS="814" WIDTH="17"/>
						<String ID="P111_ST00119" HPOS="1255" VPOS="772" WIDTH="245" HEIGHT="45" CONTENT="accompanied" WC="0.81" CC="10022306201"/>
					</TextLine>
					<TextLine ID="P111_TL00014" HPOS="152" VPOS="823" WIDTH="1346" HEIGHT="48">
						<String ID="P111_ST00120" HPOS="152" VPOS="836" WIDTH="39" HEIGHT="20" CONTENT="us" WC="0.82" CC="03"/>
						<SP ID="P111_SP00107" HPOS="191" VPOS="856" WIDTH="16"/>
						<String ID="P111_ST00121" HPOS="207" VPOS="838" WIDTH="8" HEIGHT="26" CONTENT=";" WC="0.25" CC="7"/>
						<SP ID="P111_SP00108" HPOS="215" VPOS="864" WIDTH="27"/>
						<String ID="P111_ST00122" HPOS="242" VPOS="823" WIDTH="68" HEIGHT="33" CONTENT="and" WC="0.77" CC="015"/>
						<SP ID="P111_SP00109" HPOS="310" VPOS="864" WIDTH="17"/>
						<String ID="P111_ST00123" HPOS="327" VPOS="836" WIDTH="89" HEIGHT="20" CONTENT="Avere" WC="0.53" CC="87070"/>
						<SP ID="P111_SP00110" HPOS="416" VPOS="864" WIDTH="17"/>
						<String ID="P111_ST00124" HPOS="433" VPOS="836" WIDTH="78" HEIGHT="20" CONTENT="noAv" WC="0.64" CC="0183"/>
						<SP ID="P111_SP00111" HPOS="511" VPOS="864" WIDTH="19"/>
						<String ID="P111_ST00125" HPOS="530" VPOS="825" WIDTH="175" HEIGHT="45" CONTENT="arranged," WC="0.76" CC="030671020"/>
						<SP ID="P111_SP00112" HPOS="705" VPOS="870" WIDTH="29"/>
						<String ID="P111_ST00126" HPOS="734" VPOS="826" WIDTH="108" HEIGHT="32" CONTENT="under" WC="0.67" CC="07204"/>
						<SP ID="P111_SP00113" HPOS="842" VPOS="870" WIDTH="27"/>
						<String ID="P111_ST00127" HPOS="869" VPOS="826" WIDTH="60" HEIGHT="33" CONTENT="the" WC="0.84" CC="040"/>
						<SP ID="P111_SP00114" HPOS="929" VPOS="870" WIDTH="25"/>
						<String ID="P111_ST00128" HPOS="954" VPOS="826" WIDTH="167" HEIGHT="33" CONTENT="direction" WC="0.70" CC="238000317"/>
						<SP ID="P111_SP00115" HPOS="1121" VPOS="870" WIDTH="26"/>
						<String ID="P111_ST00129" HPOS="1147" VPOS="827" WIDTH="41" HEIGHT="32" CONTENT="of" WC="0.48" CC="18"/>
						<SP ID="P111_SP00116" HPOS="1188" VPOS="870" WIDTH="24"/>
						<String ID="P111_ST00130" HPOS="1212" VPOS="827" WIDTH="95" HEIGHT="44" CONTENT="Capt." WC="0.74" CC="42400"/>
						<SP ID="P111_SP00117" HPOS="1307" VPOS="871" WIDTH="18"/>
						<String ID="P111_ST00131" HPOS="1325" VPOS="827" WIDTH="173" HEIGHT="39" CONTENT="Maxwell," WC="0.76" CC="00000566"/>
					</TextLine>
					<TextLine ID="P111_TL00015" HPOS="155" VPOS="880" WIDTH="1223" HEIGHT="47">
						<String ID="P111_ST00132" HPOS="155" VPOS="880" WIDTH="73" HEIGHT="33" CONTENT="into" WC="0.69" CC="0434"/>
						<SP ID="P111_SP00118" HPOS="228" VPOS="913" WIDTH="18"/>
						<String ID="P111_ST00133" HPOS="246" VPOS="893" WIDTH="20" HEIGHT="20" CONTENT="a" WC="0.38" CC="6"/>
						<SP ID="P111_SP00119" HPOS="266" VPOS="913" WIDTH="16"/>
						<String ID="P111_ST00134" HPOS="282" VPOS="880" WIDTH="220" HEIGHT="46" CONTENT="picturesque" WC="0.67" CC="60304601560"/>
						<SP ID="P111_SP00120" HPOS="502" VPOS="926" WIDTH="18"/>
						<String ID="P111_ST00135" HPOS="520" VPOS="881" WIDTH="111" HEIGHT="39" CONTENT="order," WC="0.69" CC="237005"/>
						<SP ID="P111_SP00121" HPOS="631" VPOS="926" WIDTH="18"/>
						<String ID="P111_ST00136" HPOS="649" VPOS="881" WIDTH="35" HEIGHT="32" CONTENT="in" WC="0.62" CC="06"/>
						<SP ID="P111_SP00122" HPOS="684" VPOS="926" WIDTH="18"/>
						<String ID="P111_ST00137" HPOS="702" VPOS="882" WIDTH="111" HEIGHT="32" CONTENT="which" WC="0.73" CC="06302"/>
						<SP ID="P111_SP00123" HPOS="813" VPOS="926" WIDTH="18"/>
						<String ID="P111_ST00138" HPOS="831" VPOS="882" WIDTH="82" HEIGHT="44" CONTENT="they" WC="0.64" CC="0607"/>
						<SP ID="P111_SP00124" HPOS="913" VPOS="926" WIDTH="18"/>
						<String ID="P111_ST00139" HPOS="931" VPOS="882" WIDTH="192" HEIGHT="44" CONTENT="proceeded" WC="0.67" CC="787000005"/>
						<SP ID="P111_SP00125" HPOS="1123" VPOS="926" WIDTH="19"/>
						<String ID="P111_ST00140" HPOS="1142" VPOS="896" WIDTH="46" HEIGHT="31" CONTENT="up" WC="0.50" CC="36"/>
						<SP ID="P111_SP00126" HPOS="1188" VPOS="927" WIDTH="18"/>
						<String ID="P111_ST00141" HPOS="1206" VPOS="884" WIDTH="59" HEIGHT="32" CONTENT="the" WC="0.77" CC="060"/>
						<SP ID="P111_SP00127" HPOS="1265" VPOS="927" WIDTH="17"/>
						<String ID="P111_ST00142" HPOS="1282" VPOS="884" WIDTH="96" HEIGHT="33" CONTENT="river." WC="0.77" CC="510060"/>
					</TextLine>
				</TextBlock>
				<TextBlock ID="P111_TB00005" HPOS="149" VPOS="936" WIDTH="1349" HEIGHT="386" STYLEREFS="TXT_0 PAR_LEFT">
					<TextLine ID="P111_TL00016" HPOS="196" VPOS="937" WIDTH="1302" HEIGHT="48">
						<String ID="P111_ST00143" HPOS="196" VPOS="937" WIDTH="76" HEIGHT="33" CONTENT="The" WC="0.78" CC="060"/>
						<SP ID="P111_SP00128" HPOS="272" VPOS="970" WIDTH="27"/>
						<String ID="P111_ST00144" HPOS="299" VPOS="943" WIDTH="162" HEIGHT="27" CONTENT="entrance" WC="0.74" CC="06017500"/>
						<SP ID="P111_SP00129" HPOS="461" VPOS="970" WIDTH="26"/>
						<String ID="P111_ST00145" HPOS="487" VPOS="937" WIDTH="73" HEIGHT="33" CONTENT="into" WC="0.69" CC="2144"/>
						<SP ID="P111_SP00130" HPOS="560" VPOS="970" WIDTH="29"/>
						<String ID="P111_ST00146" HPOS="589" VPOS="937" WIDTH="109" HEIGHT="33" CONTENT="China" WC="0.65" CC="45060"/>
						<SP ID="P111_SP00131" HPOS="698" VPOS="970" WIDTH="24"/>
						<String ID="P111_ST00147" HPOS="722" VPOS="938" WIDTH="46" HEIGHT="44" CONTENT="by" WC="0.69" CC="06"/>
						<SP ID="P111_SP00132" HPOS="768" VPOS="982" WIDTH="17"/>
						<String ID="P111_ST00148" HPOS="785" VPOS="938" WIDTH="60" HEIGHT="33" CONTENT="the" WC="0.94" CC="010"/>
						<SP ID="P111_SP00133" HPOS="845" VPOS="982" WIDTH="23"/>
						<String ID="P111_ST00149" HPOS="868" VPOS="938" WIDTH="123" HEIGHT="33" CONTENT="mouth" WC="0.87" CC="01103"/>
						<SP ID="P111_SP00134" HPOS="991" VPOS="982" WIDTH="26"/>
						<String ID="P111_ST00150" HPOS="1017" VPOS="938" WIDTH="41" HEIGHT="33" CONTENT="of" WC="0.69" CC="14"/>
						<SP ID="P111_SP00135" HPOS="1058" VPOS="982" WIDTH="23"/>
						<String ID="P111_ST00151" HPOS="1081" VPOS="938" WIDTH="59" HEIGHT="33" CONTENT="the" WC="0.62" CC="550"/>
						<SP ID="P111_SP00136" HPOS="1140" VPOS="982" WIDTH="18"/>
						<String ID="P111_ST00152" HPOS="1158" VPOS="938" WIDTH="122" HEIGHT="34" CONTENT="Pei-ho" WC="0.59" CC="834034"/>
						<SP ID="P111_SP00137" HPOS="1280" VPOS="982" WIDTH="24"/>
						<String ID="P111_ST00153" HPOS="1304" VPOS="940" WIDTH="27" HEIGHT="31" CONTENT="is" WC="0.78" CC="40"/>
						<SP ID="P111_SP00138" HPOS="1331" VPOS="982" WIDTH="24"/>
						<String ID="P111_ST00154" HPOS="1355" VPOS="940" WIDTH="143" HEIGHT="45" CONTENT="entirely" WC="0.77" CC="00011058"/>
					</TextLine>
					<TextLine ID="P111_TL00017" HPOS="150" VPOS="993" WIDTH="1346" HEIGHT="47">
						<String ID="P111_ST00155" HPOS="150" VPOS="993" WIDTH="165" HEIGHT="34" CONTENT="destitute" WC="0.89" CC="700020000"/>
						<SP ID="P111_SP00139" HPOS="315" VPOS="1027" WIDTH="27"/>
						<String ID="P111_ST00156" HPOS="342" VPOS="993" WIDTH="41" HEIGHT="33" CONTENT="of" WC="0.48" CC="37"/>
						<SP ID="P111_SP00140" HPOS="383" VPOS="1027" WIDTH="27"/>
						<String ID="P111_ST00157" HPOS="410" VPOS="993" WIDTH="151" HEIGHT="33" CONTENT="interest." WC="0.76" CC="380060400"/>
						<SP ID="P111_SP00141" HPOS="561" VPOS="1027" WIDTH="61"/>
						<String ID="P111_ST00158" HPOS="622" VPOS="993" WIDTH="75" HEIGHT="33" CONTENT="The" WC="1.00" CC="000"/>
						<SP ID="P111_SP00142" HPOS="697" VPOS="1027" WIDTH="34"/>
						<String ID="P111_ST00159" HPOS="731" VPOS="993" WIDTH="116" HEIGHT="33" CONTENT="shores" WC="0.69" CC="510803"/>
						<SP ID="P111_SP00143" HPOS="847" VPOS="1027" WIDTH="33"/>
						<String ID="P111_ST00160" HPOS="880" VPOS="1006" WIDTH="55" HEIGHT="20" CONTENT="are" WC="0.77" CC="230"/>
						<SP ID="P111_SP00144" HPOS="935" VPOS="1027" WIDTH="33"/>
						<String ID="P111_ST00161" HPOS="968" VPOS="993" WIDTH="69" HEIGHT="39" CONTENT="flat," WC="0.75" CC="44003"/>
						<SP ID="P111_SP00145" HPOS="1037" VPOS="1032" WIDTH="32"/>
						<String ID="P111_ST00162" HPOS="1069" VPOS="995" WIDTH="132" HEIGHT="38" CONTENT="barren," WC="0.58" CC="0633086"/>
						<SP ID="P111_SP00146" HPOS="1201" VPOS="1033" WIDTH="37"/>
						<String ID="P111_ST00163" HPOS="1238" VPOS="995" WIDTH="66" HEIGHT="32" CONTENT="and" WC="0.47" CC="770"/>
						<SP ID="P111_SP00147" HPOS="1304" VPOS="1033" WIDTH="37"/>
						<String ID="P111_ST00164" HPOS="1341" VPOS="996" WIDTH="136" HEIGHT="44" CONTENT="marshy" WC="0.73" CC="050107"/>
						<String ID="P111_ST00165" HPOS="1491" VPOS="1009" WIDTH="5" HEIGHT="19" CONTENT=":" WC="1.00" CC="0"/>
					</TextLine>
					<TextLine ID="P111_TL00018" HPOS="151" VPOS="1049" WIDTH="1347" HEIGHT="46">
						<String ID="P111_ST00166" HPOS="151" VPOS="1064" WIDTH="19" HEIGHT="20" CONTENT="a" WC="0.99" CC="0"/>
						<SP ID="P111_SP00148" HPOS="170" VPOS="1084" WIDTH="28"/>
						<String ID="P111_ST00167" HPOS="198" VPOS="1050" WIDTH="63" HEIGHT="34" CONTENT="few" WC="0.57" CC="804"/>
						<SP ID="P111_SP00149" HPOS="261" VPOS="1084" WIDTH="26"/>
						<String ID="P111_ST00168" HPOS="287" VPOS="1049" WIDTH="97" HEIGHT="34" CONTENT="reeds" WC="0.82" CC="50020"/>
						<SP ID="P111_SP00150" HPOS="384" VPOS="1084" WIDTH="30"/>
						<String ID="P111_ST00169" HPOS="414" VPOS="1049" WIDTH="101" HEIGHT="33" CONTENT="alone" WC="0.51" CC="88700"/>
						<SP ID="P111_SP00151" HPOS="515" VPOS="1084" WIDTH="24"/>
						<String ID="P111_ST00170" HPOS="539" VPOS="1049" WIDTH="119" HEIGHT="45" CONTENT="giving" WC="0.45" CC="137685"/>
						<SP ID="P111_SP00152" HPOS="658" VPOS="1094" WIDTH="28"/>
						<String ID="P111_ST00171" HPOS="686" VPOS="1049" WIDTH="95" HEIGHT="33" CONTENT="them" WC="0.82" CC="0700"/>
						<SP ID="P111_SP00153" HPOS="781" VPOS="1094" WIDTH="32"/>
						<String ID="P111_ST00172" HPOS="813" VPOS="1063" WIDTH="41" HEIGHT="19" CONTENT="an" WC="0.51" CC="17"/>
						<SP ID="P111_SP00154" HPOS="854" VPOS="1094" WIDTH="31"/>
						<String ID="P111_ST00173" HPOS="885" VPOS="1063" WIDTH="209" HEIGHT="32" CONTENT="appearance" WC="0.66" CC="0770371500"/>
						<SP ID="P111_SP00155" HPOS="1094" VPOS="1095" WIDTH="29"/>
						<String ID="P111_ST00174" HPOS="1123" VPOS="1050" WIDTH="40" HEIGHT="32" CONTENT="of" WC="0.92" CC="01"/>
						<SP ID="P111_SP00156" HPOS="1163" VPOS="1095" WIDTH="27"/>
						<String ID="P111_ST00175" HPOS="1190" VPOS="1051" WIDTH="152" HEIGHT="33" CONTENT="verdure." WC="0.86" CC="00420300"/>
						<SP ID="P111_SP00157" HPOS="1342" VPOS="1095" WIDTH="54"/>
						<String ID="P111_ST00176" HPOS="1396" VPOS="1051" WIDTH="102" HEIGHT="34" CONTENT="Some" WC="0.84" CC="4010"/>
					</TextLine>
					<TextLine ID="P111_TL00019" HPOS="150" VPOS="1105" WIDTH="1348" HEIGHT="47">
						<String ID="P111_ST00177" HPOS="150" VPOS="1107" WIDTH="85" HEIGHT="33" CONTENT="mud" WC="0.48" CC="266"/>
						<SP ID="P111_SP00158" HPOS="235" VPOS="1140" WIDTH="29"/>
						<String ID="P111_ST00178" HPOS="264" VPOS="1107" WIDTH="84" HEIGHT="33" CONTENT="forts" WC="0.62" CC="37304"/>
						<SP ID="P111_SP00159" HPOS="348" VPOS="1140" WIDTH="28"/>
						<String ID="P111_ST00179" HPOS="376" VPOS="1106" WIDTH="149" HEIGHT="33" CONTENT="situated" WC="0.79" CC="54000005"/>
						<SP ID="P111_SP00160" HPOS="525" VPOS="1140" WIDTH="28"/>
						<String ID="P111_ST00180" HPOS="553" VPOS="1118" WIDTH="45" HEIGHT="20" CONTENT="on" WC="0.83" CC="03"/>
						<SP ID="P111_SP00161" HPOS="598" VPOS="1140" WIDTH="30"/>
						<String ID="P111_ST00181" HPOS="628" VPOS="1105" WIDTH="59" HEIGHT="33" CONTENT="the" WC="0.75" CC="070"/>
						<SP ID="P111_SP00162" HPOS="687" VPOS="1140" WIDTH="29"/>
						<String ID="P111_ST00182" HPOS="716" VPOS="1106" WIDTH="119" HEIGHT="38" CONTENT="banks," WC="0.61" CC="047065"/>
						<SP ID="P111_SP00163" HPOS="835" VPOS="1144" WIDTH="30"/>
						<String ID="P111_ST00183" HPOS="865" VPOS="1106" WIDTH="131" HEIGHT="32" CONTENT="saluted" WC="0.72" CC="3057002"/>
						<SP ID="P111_SP00164" HPOS="996" VPOS="1144" WIDTH="25"/>
						<String ID="P111_ST00184" HPOS="1021" VPOS="1106" WIDTH="59" HEIGHT="32" CONTENT="the" WC="0.95" CC="010"/>
						<SP ID="P111_SP00165" HPOS="1080" VPOS="1144" WIDTH="26"/>
						<String ID="P111_ST00185" HPOS="1106" VPOS="1106" WIDTH="167" HEIGHT="45" CONTENT="Embassy" WC="0.55" CC="3344428"/>
						<SP ID="P111_SP00166" HPOS="1273" VPOS="1151" WIDTH="29"/>
						<String ID="P111_ST00186" HPOS="1302" VPOS="1108" WIDTH="196" HEIGHT="44" CONTENT="repeatedly" WC="0.76" CC="1030100736"/>
					</TextLine>
					<TextLine ID="P111_TL00020" HPOS="150" VPOS="1162" WIDTH="1348" HEIGHT="46">
						<String ID="P111_ST00187" HPOS="150" VPOS="1164" WIDTH="83" HEIGHT="33" CONTENT="Avith" WC="0.58" CC="82207"/>
						<SP ID="P111_SP00167" HPOS="233" VPOS="1197" WIDTH="29"/>
						<String ID="P111_ST00188" HPOS="262" VPOS="1164" WIDTH="98" HEIGHT="33" CONTENT="three" WC="0.93" CC="02000"/>
						<SP ID="P111_SP00168" HPOS="360" VPOS="1197" WIDTH="28"/>
						<String ID="P111_ST00189" HPOS="388" VPOS="1175" WIDTH="99" HEIGHT="33" CONTENT="guns." WC="0.63" CC="70630"/>
						<SP ID="P111_SP00169" HPOS="487" VPOS="1208" WIDTH="62"/>
						<String ID="P111_ST00190" HPOS="549" VPOS="1163" WIDTH="34" HEIGHT="31" CONTENT="A" WC="0.68" CC="3"/>
						<SP ID="P111_SP00170" HPOS="583" VPOS="1208" WIDTH="30"/>
						<String ID="P111_ST00191" HPOS="613" VPOS="1163" WIDTH="90" HEIGHT="32" CONTENT="band" WC="0.38" CC="7537"/>
						<SP ID="P111_SP00171" HPOS="703" VPOS="1208" WIDTH="34"/>
						<String ID="P111_ST00192" HPOS="737" VPOS="1162" WIDTH="41" HEIGHT="33" CONTENT="of" WC="0.90" CC="10"/>
						<SP ID="P111_SP00172" HPOS="778" VPOS="1208" WIDTH="25"/>
						<String ID="P111_ST00193" HPOS="803" VPOS="1163" WIDTH="113" HEIGHT="44" CONTENT="gaudy" WC="0.39" CC="46467"/>
						<SP ID="P111_SP00173" HPOS="916" VPOS="1208" WIDTH="26"/>
						<String ID="P111_ST00194" HPOS="942" VPOS="1168" WIDTH="117" HEIGHT="39" CONTENT="troops" WC="0.66" CC="080344"/>
						<SP ID="P111_SP00174" HPOS="1059" VPOS="1208" WIDTH="35"/>
						<String ID="P111_ST00195" HPOS="1094" VPOS="1163" WIDTH="69" HEIGHT="31" CONTENT="also" WC="0.61" CC="5630"/>
						<SP ID="P111_SP00175" HPOS="1163" VPOS="1208" WIDTH="35"/>
						<String ID="P111_ST00196" HPOS="1198" VPOS="1169" WIDTH="70" HEIGHT="26" CONTENT="met" WC="1.00" CC="000"/>
						<SP ID="P111_SP00176" HPOS="1268" VPOS="1208" WIDTH="33"/>
						<String ID="P111_ST00197" HPOS="1301" VPOS="1175" WIDTH="39" HEIGHT="20" CONTENT="us" WC="0.42" CC="64"/>
						<SP ID="P111_SP00177" HPOS="1340" VPOS="1208" WIDTH="34"/>
						<String ID="P111_ST00198" HPOS="1374" VPOS="1169" WIDTH="34" HEIGHT="27" CONTENT="at" WC="0.62" CC="70"/>
						<SP ID="P111_SP00178" HPOS="1408" VPOS="1208" WIDTH="32"/>
						<String ID="P111_ST00199" HPOS="1440" VPOS="1164" WIDTH="58" HEIGHT="32" CONTENT="the" WC="0.78" CC="060"/>
					</TextLine>
					<TextLine ID="P111_TL00021" HPOS="150" VPOS="1219" WIDTH="1348" HEIGHT="44">
						<String ID="P111_ST00200" HPOS="150" VPOS="1220" WIDTH="122" HEIGHT="34" CONTENT="mouth" WC="0.82" CC="00305"/>
						<SP ID="P111_SP00179" HPOS="272" VPOS="1254" WIDTH="29"/>
						<String ID="P111_ST00201" HPOS="301" VPOS="1219" WIDTH="42" HEIGHT="33" CONTENT="of" WC="0.53" CC="44"/>
						<SP ID="P111_SP00180" HPOS="343" VPOS="1254" WIDTH="26"/>
						<String ID="P111_ST00202" HPOS="369" VPOS="1219" WIDTH="59" HEIGHT="33" CONTENT="the" WC="0.79" CC="060"/>
						<SP ID="P111_SP00181" HPOS="428" VPOS="1254" WIDTH="28"/>
						<String ID="P111_ST00203" HPOS="456" VPOS="1219" WIDTH="98" HEIGHT="39" CONTENT="river," WC="0.42" CC="568085"/>
						<SP ID="P111_SP00182" HPOS="554" VPOS="1258" WIDTH="35"/>
						<String ID="P111_ST00204" HPOS="589" VPOS="1219" WIDTH="65" HEIGHT="33" CONTENT="and" WC="0.23" CC="777"/>
						<SP ID="P111_SP00183" HPOS="654" VPOS="1258" WIDTH="35"/>
						<String ID="P111_ST00205" HPOS="689" VPOS="1219" WIDTH="127" HEIGHT="44" CONTENT="having" WC="0.42" CC="456763"/>
						<SP ID="P111_SP00184" HPOS="816" VPOS="1263" WIDTH="31"/>
						<String ID="P111_ST00206" HPOS="847" VPOS="1219" WIDTH="87" HEIGHT="33" CONTENT="been" WC="0.83" CC="0006"/>
						<SP ID="P111_SP00185" HPOS="934" VPOS="1263" WIDTH="34"/>
						<String ID="P111_ST00207" HPOS="968" VPOS="1219" WIDTH="132" HEIGHT="44" CONTENT="passed," WC="0.85" CC="2131000"/>
						<SP ID="P111_SP00186" HPOS="1100" VPOS="1263" WIDTH="36"/>
						<String ID="P111_ST00208" HPOS="1136" VPOS="1219" WIDTH="127" HEIGHT="33" CONTENT="moved" WC="0.76" CC="70004"/>
						<SP ID="P111_SP00187" HPOS="1263" VPOS="1263" WIDTH="32"/>
						<String ID="P111_ST00209" HPOS="1295" VPOS="1219" WIDTH="54" HEIGHT="33" CONTENT="off" WC="1.00" CC="000"/>
						<SP ID="P111_SP00188" HPOS="1349" VPOS="1263" WIDTH="33"/>
						<String ID="P111_ST00210" HPOS="1382" VPOS="1225" WIDTH="36" HEIGHT="27" CONTENT="to" WC="0.76" CC="13"/>
						<SP ID="P111_SP00189" HPOS="1418" VPOS="1263" WIDTH="30"/>
						<String ID="P111_ST00211" HPOS="1448" VPOS="1232" WIDTH="50" HEIGHT="21" CONTENT="re" SUBS_TYPE="HypPart1" SUBS_CONTENT="reappear" WC="0.78" CC="302"/>
						<HYP CONTENT="-"/>
					</TextLine>
					<TextLine ID="P111_TL00022" HPOS="150" VPOS="1277" WIDTH="339" HEIGHT="45">
						<String ID="P111_ST00212" HPOS="150" VPOS="1290" WIDTH="127" HEIGHT="32" CONTENT="appear" SUBS_TYPE="HypPart2" SUBS_CONTENT="reappear" WC="0.53" CC="667043"/>
						<SP ID="P111_SP00190" HPOS="277" VPOS="1322" WIDTH="17"/>
						<String ID="P111_ST00213" HPOS="294" VPOS="1277" WIDTH="122" HEIGHT="45" CONTENT="higher" WC="0.80" CC="002702"/>
						<SP ID="P111_SP00191" HPOS="416" VPOS="1322" WIDTH="18"/>
						<String ID="P111_ST00214" HPOS="434" VPOS="1289" WIDTH="55" HEIGHT="32" CONTENT="up." WC="0.56" CC="570"/>
					</TextLine>
				</TextBlock>
				<TextBlock ID="P111_TB00006" HPOS="143" VPOS="1331" WIDTH="1354" HEIGHT="734" STYLEREFS="TXT_0 PAR_LEFT">
					<TextLine ID="P111_TL00023" HPOS="197" VPOS="1332" WIDTH="1300" HEIGHT="45">
						<String ID="P111_ST00215" HPOS="197" VPOS="1335" WIDTH="121" HEIGHT="33" CONTENT="About" WC="0.71" CC="60340"/>
						<SP ID="P111_SP00192" HPOS="318" VPOS="1368" WIDTH="18"/>
						<String ID="P111_ST00216" HPOS="336" VPOS="1346" WIDTH="42" HEIGHT="20" CONTENT="an" WC="0.37" CC="56"/>
						<SP ID="P111_SP00193" HPOS="378" VPOS="1368" WIDTH="18"/>
						<String ID="P111_ST00217" HPOS="396" VPOS="1333" WIDTH="88" HEIGHT="32" CONTENT="hour" WC="0.58" CC="5307"/>
						<SP ID="P111_SP00194" HPOS="484" VPOS="1368" WIDTH="18"/>
						<String ID="P111_ST00218" HPOS="502" VPOS="1332" WIDTH="86" HEIGHT="33" CONTENT="after" WC="0.63" CC="54008"/>
						<SP ID="P111_SP00195" HPOS="588" VPOS="1368" WIDTH="17"/>
						<String ID="P111_ST00219" HPOS="605" VPOS="1332" WIDTH="136" HEIGHT="45" CONTENT="leaving" WC="0.73" CC="6060401"/>
						<SP ID="P111_SP00196" HPOS="741" VPOS="1377" WIDTH="16"/>
						<String ID="P111_ST00220" HPOS="757" VPOS="1332" WIDTH="59" HEIGHT="33" CONTENT="the" WC="0.73" CC="160"/>
						<SP ID="P111_SP00197" HPOS="816" VPOS="1377" WIDTH="20"/>
						<String ID="P111_ST00221" HPOS="836" VPOS="1333" WIDTH="116" HEIGHT="44" CONTENT="junks," WC="0.57" CC="543064"/>
						<SP ID="P111_SP00198" HPOS="952" VPOS="1377" WIDTH="27"/>
						<String ID="P111_ST00222" HPOS="979" VPOS="1345" WIDTH="50" HEIGHT="20" CONTENT="we" WC="1.00" CC="00"/>
						<SP ID="P111_SP00199" HPOS="1029" VPOS="1377" WIDTH="26"/>
						<String ID="P111_ST00223" HPOS="1055" VPOS="1332" WIDTH="133" HEIGHT="33" CONTENT="arrived" WC="0.89" CC="0020005"/>
						<SP ID="P111_SP00200" HPOS="1188" VPOS="1377" WIDTH="24"/>
						<String ID="P111_ST00224" HPOS="1212" VPOS="1339" WIDTH="34" HEIGHT="26" CONTENT="at" WC="0.73" CC="50"/>
						<SP ID="P111_SP00201" HPOS="1246" VPOS="1377" WIDTH="17"/>
						<String ID="P111_ST00225" HPOS="1263" VPOS="1333" WIDTH="145" HEIGHT="39" CONTENT="Ta-koo," WC="0.81" CC="0005006"/>
						<SP ID="P111_SP00202" HPOS="1408" VPOS="1377" WIDTH="29"/>
						<String ID="P111_ST00226" HPOS="1437" VPOS="1333" WIDTH="60" HEIGHT="33" CONTENT="the" WC="0.93" CC="100"/>
					</TextLine>
					<TextLine ID="P111_TL00024" HPOS="148" VPOS="1388" WIDTH="1349" HEIGHT="46">
						<String ID="P111_ST00227" HPOS="148" VPOS="1391" WIDTH="74" HEIGHT="33" CONTENT="first" WC="0.65" CC="44061"/>
						<SP ID="P111_SP00203" HPOS="222" VPOS="1424" WIDTH="25"/>
						<String ID="P111_ST00228" HPOS="247" VPOS="1390" WIDTH="181" HEIGHT="33" CONTENT="collection" WC="0.73" CC="0345000633"/>
						<SP ID="P111_SP00204" HPOS="428" VPOS="1424" WIDTH="26"/>
						<String ID="P111_ST00229" HPOS="454" VPOS="1389" WIDTH="41" HEIGHT="33" CONTENT="of" WC="0.65" CC="06"/>
						<SP ID="P111_SP00205" HPOS="495" VPOS="1424" WIDTH="20"/>
						<String ID="P111_ST00230" HPOS="515" VPOS="1390" WIDTH="80" HEIGHT="32" CONTENT="huts" WC="0.51" CC="1736"/>
						<SP ID="P111_SP00206" HPOS="595" VPOS="1424" WIDTH="24"/>
						<String ID="P111_ST00231" HPOS="619" VPOS="1389" WIDTH="74" HEIGHT="32" CONTENT="that" WC="0.68" CC="5122"/>
						<SP ID="P111_SP00207" HPOS="693" VPOS="1424" WIDTH="26"/>
						<String ID="P111_ST00232" HPOS="719" VPOS="1388" WIDTH="157" HEIGHT="34" CONTENT="deserves" WC="0.81" CC="30002404"/>
						<SP ID="P111_SP00208" HPOS="876" VPOS="1424" WIDTH="27"/>
						<String ID="P111_ST00233" HPOS="903" VPOS="1390" WIDTH="59" HEIGHT="32" CONTENT="the" WC="0.91" CC="020"/>
						<SP ID="P111_SP00209" HPOS="962" VPOS="1424" WIDTH="25"/>
						<String ID="P111_ST00234" HPOS="987" VPOS="1401" WIDTH="101" HEIGHT="21" CONTENT="name" WC="0.61" CC="8420"/>
						<SP ID="P111_SP00210" HPOS="1088" VPOS="1424" WIDTH="27"/>
						<String ID="P111_ST00235" HPOS="1115" VPOS="1389" WIDTH="40" HEIGHT="33" CONTENT="of" WC="0.59" CC="52"/>
						<SP ID="P111_SP00211" HPOS="1155" VPOS="1424" WIDTH="21"/>
						<String ID="P111_ST00236" HPOS="1176" VPOS="1402" WIDTH="18" HEIGHT="20" CONTENT="a" WC="0.51" CC="4"/>
						<SP ID="P111_SP00212" HPOS="1194" VPOS="1424" WIDTH="25"/>
						<String ID="P111_ST00237" HPOS="1219" VPOS="1390" WIDTH="122" HEIGHT="44" CONTENT="village" WC="0.71" CC="0533330"/>
						<SP ID="P111_SP00213" HPOS="1341" VPOS="1434" WIDTH="25"/>
						<String ID="P111_ST00238" HPOS="1366" VPOS="1402" WIDTH="45" HEIGHT="21" CONTENT="on" WC="1.00" CC="00"/>
						<SP ID="P111_SP00214" HPOS="1411" VPOS="1434" WIDTH="26"/>
						<String ID="P111_ST00239" HPOS="1437" VPOS="1390" WIDTH="60" HEIGHT="32" CONTENT="the" WC="0.84" CC="040"/>
					</TextLine>
					<TextLine ID="P111_TL00025" HPOS="149" VPOS="1445" WIDTH="1348" HEIGHT="46">
						<String ID="P111_ST00240" HPOS="149" VPOS="1448" WIDTH="109" HEIGHT="33" CONTENT="banks" WC="0.71" CC="60800"/>
						<SP ID="P111_SP00215" HPOS="258" VPOS="1481" WIDTH="30"/>
						<String ID="P111_ST00241" HPOS="288" VPOS="1446" WIDTH="41" HEIGHT="33" CONTENT="of" WC="0.61" CC="70"/>
						<SP ID="P111_SP00216" HPOS="329" VPOS="1481" WIDTH="21"/>
						<String ID="P111_ST00242" HPOS="350" VPOS="1446" WIDTH="60" HEIGHT="33" CONTENT="the" WC="0.97" CC="000"/>
						<SP ID="P111_SP00217" HPOS="410" VPOS="1481" WIDTH="22"/>
						<String ID="P111_ST00243" HPOS="432" VPOS="1446" WIDTH="132" HEIGHT="33" CONTENT="Pei-ho." WC="0.62" CC="8111570"/>
						<SP ID="P111_SP00218" HPOS="564" VPOS="1481" WIDTH="64"/>
						<String ID="P111_ST00244" HPOS="628" VPOS="1445" WIDTH="31" HEIGHT="33" CONTENT="It" WC="1.00" CC="00"/>
						<SP ID="P111_SP00219" HPOS="659" VPOS="1481" WIDTH="24"/>
						<String ID="P111_ST00245" HPOS="683" VPOS="1457" WIDTH="66" HEIGHT="21" CONTENT="was" WC="1.00" CC="000"/>
						<SP ID="P111_SP00220" HPOS="749" VPOS="1481" WIDTH="25"/>
						<String ID="P111_ST00246" HPOS="774" VPOS="1445" WIDTH="82" HEIGHT="34" CONTENT="here" WC="0.78" CC="2041"/>
						<SP ID="P111_SP00221" HPOS="856" VPOS="1481" WIDTH="24"/>
						<String ID="P111_ST00247" HPOS="880" VPOS="1446" WIDTH="75" HEIGHT="33" CONTENT="that" WC="0.66" CC="6041"/>
						<SP ID="P111_SP00222" HPOS="955" VPOS="1481" WIDTH="24"/>
						<String ID="P111_ST00248" HPOS="979" VPOS="1446" WIDTH="60" HEIGHT="33" CONTENT="the" WC="1.00" CC="000"/>
						<SP ID="P111_SP00223" HPOS="1039" VPOS="1481" WIDTH="24"/>
						<String ID="P111_ST00249" HPOS="1063" VPOS="1447" WIDTH="98" HEIGHT="32" CONTENT="boats" WC="0.74" CC="04052"/>
						<SP ID="P111_SP00224" HPOS="1161" VPOS="1481" WIDTH="20"/>
						<String ID="P111_ST00250" HPOS="1181" VPOS="1446" WIDTH="168" HEIGHT="45" CONTENT="prepared" WC="0.65" CC="71055502"/>
						<SP ID="P111_SP00225" HPOS="1349" VPOS="1491" WIDTH="17"/>
						<String ID="P111_ST00251" HPOS="1366" VPOS="1446" WIDTH="51" HEIGHT="33" CONTENT="for" WC="0.82" CC="500"/>
						<SP ID="P111_SP00226" HPOS="1417" VPOS="1491" WIDTH="18"/>
						<String ID="P111_ST00252" HPOS="1435" VPOS="1458" WIDTH="62" HEIGHT="21" CONTENT="our" WC="0.55" CC="336"/>
					</TextLine>
					<TextLine ID="P111_TL00026" HPOS="149" VPOS="1501" WIDTH="1347" HEIGHT="49">
						<String ID="P111_ST00253" HPOS="149" VPOS="1505" WIDTH="175" HEIGHT="45" CONTENT="reception" WC="0.73" CC="400071108"/>
						<SP ID="P111_SP00227" HPOS="324" VPOS="1550" WIDTH="31"/>
						<String ID="P111_ST00254" HPOS="355" VPOS="1516" WIDTH="88" HEIGHT="20" CONTENT="Avere" WC="0.46" CC="86270"/>
						<SP ID="P111_SP00228" HPOS="443" VPOS="1550" WIDTH="31"/>
						<String ID="P111_ST00255" HPOS="474" VPOS="1502" WIDTH="165" HEIGHT="45" CONTENT="arranged" WC="0.60" CC="64306602"/>
						<SP ID="P111_SP00229" HPOS="639" VPOS="1550" WIDTH="26"/>
						<String ID="P111_ST00256" HPOS="665" VPOS="1501" WIDTH="103" HEIGHT="45" CONTENT="along" WC="0.56" CC="35272"/>
						<SP ID="P111_SP00230" HPOS="768" VPOS="1550" WIDTH="28"/>
						<String ID="P111_ST00257" HPOS="796" VPOS="1502" WIDTH="59" HEIGHT="32" CONTENT="the" WC="0.74" CC="510"/>
						<SP ID="P111_SP00231" HPOS="855" VPOS="1550" WIDTH="27"/>
						<String ID="P111_ST00258" HPOS="882" VPOS="1501" WIDTH="91" HEIGHT="45" CONTENT="right" WC="0.75" CC="01513"/>
						<SP ID="P111_SP00232" HPOS="973" VPOS="1550" WIDTH="28"/>
						<String ID="P111_ST00259" HPOS="1001" VPOS="1502" WIDTH="91" HEIGHT="32" CONTENT="bank" WC="0.52" CC="4815"/>
						<SP ID="P111_SP00233" HPOS="1092" VPOS="1550" WIDTH="30"/>
						<String ID="P111_ST00260" HPOS="1122" VPOS="1501" WIDTH="40" HEIGHT="33" CONTENT="of" WC="0.91" CC="01"/>
						<SP ID="P111_SP00234" HPOS="1162" VPOS="1550" WIDTH="22"/>
						<String ID="P111_ST00261" HPOS="1184" VPOS="1502" WIDTH="60" HEIGHT="32" CONTENT="the" WC="0.96" CC="100"/>
						<SP ID="P111_SP00235" HPOS="1244" VPOS="1550" WIDTH="26"/>
						<String ID="P111_ST00262" HPOS="1270" VPOS="1502" WIDTH="88" HEIGHT="32" CONTENT="river" WC="0.62" CC="81008"/>
						<String ID="P111_ST00263" HPOS="1371" VPOS="1517" WIDTH="7" HEIGHT="25" CONTENT=";" WC="0.32" CC="6"/>
						<SP ID="P111_SP00236" HPOS="1378" VPOS="1550" WIDTH="36"/>
						<String ID="P111_ST00264" HPOS="1414" VPOS="1501" WIDTH="82" HEIGHT="33" CONTENT="each" WC="0.89" CC="0300"/>
					</TextLine>
					<TextLine ID="P111_TL00027" HPOS="148" VPOS="1557" WIDTH="1346" HEIGHT="49">
						<String ID="P111_ST00265" HPOS="148" VPOS="1561" WIDTH="110" HEIGHT="34" CONTENT="vessel" WC="0.91" CC="004100"/>
						<SP ID="P111_SP00237" HPOS="258" VPOS="1595" WIDTH="18"/>
						<String ID="P111_ST00266" HPOS="276" VPOS="1561" WIDTH="156" HEIGHT="45" CONTENT="carrying" WC="0.49" CC="07167386"/>
						<SP ID="P111_SP00238" HPOS="432" VPOS="1606" WIDTH="22"/>
						<String ID="P111_ST00267" HPOS="454" VPOS="1566" WIDTH="33" HEIGHT="27" CONTENT="at" WC="1.00" CC="00"/>
						<SP ID="P111_SP00239" HPOS="487" VPOS="1606" WIDTH="21"/>
						<String ID="P111_ST00268" HPOS="508" VPOS="1560" WIDTH="60" HEIGHT="33" CONTENT="the" WC="0.90" CC="010"/>
						<SP ID="P111_SP00240" HPOS="568" VPOS="1606" WIDTH="23"/>
						<String ID="P111_ST00269" HPOS="591" VPOS="1558" WIDTH="193" HEIGHT="33" CONTENT="mast-head" WC="0.71" CC="063036005"/>
						<SP ID="P111_SP00241" HPOS="784" VPOS="1606" WIDTH="25"/>
						<String ID="P111_ST00270" HPOS="809" VPOS="1571" WIDTH="19" HEIGHT="19" CONTENT="a" WC="0.27" CC="7"/>
						<SP ID="P111_SP00242" HPOS="828" VPOS="1606" WIDTH="25"/>
						<String ID="P111_ST00271" HPOS="853" VPOS="1558" WIDTH="76" HEIGHT="45" CONTENT="flag," WC="0.83" CC="00240"/>
						<SP ID="P111_SP00243" HPOS="929" VPOS="1606" WIDTH="28"/>
						<String ID="P111_ST00272" HPOS="957" VPOS="1571" WIDTH="44" HEIGHT="19" CONTENT="on" WC="0.58" CC="08"/>
						<SP ID="P111_SP00244" HPOS="1001" VPOS="1606" WIDTH="23"/>
						<String ID="P111_ST00273" HPOS="1024" VPOS="1558" WIDTH="111" HEIGHT="32" CONTENT="Avhich" WC="0.65" CC="850006"/>
						<SP ID="P111_SP00245" HPOS="1135" VPOS="1606" WIDTH="26"/>
						<String ID="P111_ST00274" HPOS="1161" VPOS="1570" WIDTH="65" HEIGHT="20" CONTENT="Avas" WC="0.42" CC="8174"/>
						<SP ID="P111_SP00246" HPOS="1226" VPOS="1606" WIDTH="28"/>
						<String ID="P111_ST00275" HPOS="1254" VPOS="1557" WIDTH="180" HEIGHT="39" CONTENT="inscribed," WC="0.74" CC="2743000005"/>
						<SP ID="P111_SP00247" HPOS="1434" VPOS="1606" WIDTH="27"/>
						<String ID="P111_ST00276" HPOS="1461" VPOS="1558" WIDTH="33" HEIGHT="32" CONTENT="in" WC="0.43" CC="38"/>
					</TextLine>
					<TextLine ID="P111_TL00028" HPOS="147" VPOS="1614" WIDTH="1350" HEIGHT="51">
						<String ID="P111_ST00277" HPOS="147" VPOS="1620" WIDTH="92" HEIGHT="45" CONTENT="large" WC="0.81" CC="40310"/>
						<SP ID="P111_SP00248" HPOS="239" VPOS="1665" WIDTH="24"/>
						<String ID="P111_ST00278" HPOS="263" VPOS="1618" WIDTH="148" HEIGHT="33" CONTENT="Chinese" WC="0.78" CC="2722000"/>
						<SP ID="P111_SP00249" HPOS="411" VPOS="1665" WIDTH="28"/>
						<String ID="P111_ST00279" HPOS="439" VPOS="1617" WIDTH="199" HEIGHT="38" CONTENT="characters," WC="0.65" CC="08247100455"/>
						<SP ID="P111_SP00250" HPOS="638" VPOS="1665" WIDTH="32"/>
						<String ID="P111_ST00280" HPOS="670" VPOS="1615" WIDTH="247" HEIGHT="46" CONTENT="Koong-Tsou," WC="0.69" CC="07362205110"/>
						<SP ID="P111_SP00251" HPOS="917" VPOS="1665" WIDTH="30"/>
						<String ID="P111_ST00281" HPOS="947" VPOS="1615" WIDTH="142" HEIGHT="33" CONTENT="Tribute" WC="0.72" CC="0805500"/>
						<SP ID="P111_SP00252" HPOS="1089" VPOS="1665" WIDTH="22"/>
						<String ID="P111_ST00282" HPOS="1111" VPOS="1615" WIDTH="138" HEIGHT="32" CONTENT="Bearers" WC="0.68" CC="7071005"/>
						<SP ID="P111_SP00253" HPOS="1249" VPOS="1665" WIDTH="15"/>
						<String ID="P111_ST00283" HPOS="1264" VPOS="1617" WIDTH="5" HEIGHT="28" CONTENT="!" WC="0.96" CC="0"/>
						<SP ID="P111_SP00254" HPOS="1269" VPOS="1665" WIDTH="44"/>
						<String ID="P111_ST00284" HPOS="1313" VPOS="1614" WIDTH="74" HEIGHT="33" CONTENT="The" WC="0.81" CC="050"/>
						<SP ID="P111_SP00255" HPOS="1387" VPOS="1665" WIDTH="22"/>
						<String ID="P111_ST00285" HPOS="1409" VPOS="1615" WIDTH="88" HEIGHT="32" CONTENT="Am" SUBS_TYPE="HypPart1" SUBS_CONTENT="Ambassador's" WC="0.65" CC="802"/>
						<HYP CONTENT="-"/>
					</TextLine>
					<TextLine ID="P111_TL00029" HPOS="147" VPOS="1670" WIDTH="1350" HEIGHT="50">
						<String ID="P111_ST00286" HPOS="147" VPOS="1675" WIDTH="191" HEIGHT="35" CONTENT="bassador's" SUBS_TYPE="HypPart2" SUBS_CONTENT="Ambassador's" WC="0.50" CC="6525685404"/>
						<SP ID="P111_SP00256" HPOS="338" VPOS="1710" WIDTH="17"/>
						<String ID="P111_ST00287" HPOS="355" VPOS="1675" WIDTH="103" HEIGHT="45" CONTENT="yacht" WC="0.66" CC="81060"/>
						<SP ID="P111_SP00257" HPOS="458" VPOS="1720" WIDTH="18"/>
						<String ID="P111_ST00288" HPOS="476" VPOS="1672" WIDTH="277" HEIGHT="35" CONTENT="communicated" WC="0.63" CC="606868700000"/>
						<SP ID="P111_SP00258" HPOS="753" VPOS="1720" WIDTH="17"/>
						<String ID="P111_ST00289" HPOS="770" VPOS="1672" WIDTH="82" HEIGHT="33" CONTENT="with" WC="0.86" CC="0005"/>
						<SP ID="P111_SP00259" HPOS="852" VPOS="1720" WIDTH="19"/>
						<String ID="P111_ST00290" HPOS="871" VPOS="1672" WIDTH="58" HEIGHT="33" CONTENT="the" WC="0.99" CC="000"/>
						<SP ID="P111_SP00260" HPOS="929" VPOS="1720" WIDTH="18"/>
						<String ID="P111_ST00291" HPOS="947" VPOS="1672" WIDTH="99" HEIGHT="32" CONTENT="shore" WC="0.59" CC="66070"/>
						<SP ID="P111_SP00261" HPOS="1046" VPOS="1720" WIDTH="17"/>
						<String ID="P111_ST00292" HPOS="1063" VPOS="1672" WIDTH="45" HEIGHT="44" CONTENT="by" WC="0.27" CC="68"/>
						<SP ID="P111_SP00262" HPOS="1108" VPOS="1720" WIDTH="19"/>
						<String ID="P111_ST00293" HPOS="1127" VPOS="1683" WIDTH="17" HEIGHT="21" CONTENT="a" WC="1.00" CC="0"/>
						<SP ID="P111_SP00263" HPOS="1144" VPOS="1720" WIDTH="17"/>
						<String ID="P111_ST00294" HPOS="1161" VPOS="1671" WIDTH="119" HEIGHT="45" CONTENT="bridge" WC="0.75" CC="630500"/>
						<SP ID="P111_SP00264" HPOS="1280" VPOS="1720" WIDTH="18"/>
						<String ID="P111_ST00295" HPOS="1298" VPOS="1670" WIDTH="40" HEIGHT="33" CONTENT="of" WC="0.47" CC="46"/>
						<SP ID="P111_SP00265" HPOS="1338" VPOS="1720" WIDTH="11"/>
						<String ID="P111_ST00296" HPOS="1349" VPOS="1672" WIDTH="148" HEIGHT="32" CONTENT="bamboo" WC="0.68" CC="870002"/>
					</TextLine>
					<TextLine ID="P111_TL00030" HPOS="148" VPOS="1727" WIDTH="1349" HEIGHT="51">
						<String ID="P111_ST00297" HPOS="148" VPOS="1733" WIDTH="68" HEIGHT="33" CONTENT="and" WC="0.38" CC="485"/>
						<SP ID="P111_SP00266" HPOS="216" VPOS="1766" WIDTH="17"/>
						<String ID="P111_ST00298" HPOS="233" VPOS="1732" WIDTH="142" HEIGHT="46" CONTENT="painted" WC="0.58" CC="7276005"/>
						<SP ID="P111_SP00267" HPOS="375" VPOS="1778" WIDTH="18"/>
						<String ID="P111_ST00299" HPOS="393" VPOS="1731" WIDTH="155" HEIGHT="45" CONTENT="matting." WC="0.68" CC="76000820"/>
						<SP ID="P111_SP00268" HPOS="548" VPOS="1778" WIDTH="38"/>
						<String ID="P111_ST00300" HPOS="586" VPOS="1730" WIDTH="75" HEIGHT="32" CONTENT="The" WC="0.90" CC="020"/>
						<SP ID="P111_SP00269" HPOS="661" VPOS="1778" WIDTH="11"/>
						<String ID="P111_ST00301" HPOS="672" VPOS="1729" WIDTH="131" HEIGHT="45" CONTENT="Legate" WC="0.79" CC="207100"/>
						<SP ID="P111_SP00270" HPOS="803" VPOS="1778" WIDTH="17"/>
						<String ID="P111_ST00302" HPOS="820" VPOS="1728" WIDTH="81" HEIGHT="45" CONTENT="paid" WC="0.35" CC="8376"/>
						<SP ID="P111_SP00271" HPOS="901" VPOS="1778" WIDTH="17"/>
						<String ID="P111_ST00303" HPOS="918" VPOS="1728" WIDTH="51" HEIGHT="32" CONTENT="his" WC="0.28" CC="857"/>
						<SP ID="P111_SP00272" HPOS="969" VPOS="1778" WIDTH="19"/>
						<String ID="P111_ST00304" HPOS="988" VPOS="1733" WIDTH="148" HEIGHT="40" CONTENT="respects" WC="0.74" CC="70450003"/>
						<SP ID="P111_SP00273" HPOS="1136" VPOS="1778" WIDTH="18"/>
						<String ID="P111_ST00305" HPOS="1154" VPOS="1734" WIDTH="36" HEIGHT="26" CONTENT="to" WC="0.77" CC="40"/>
						<SP ID="P111_SP00274" HPOS="1190" VPOS="1778" WIDTH="20"/>
						<String ID="P111_ST00306" HPOS="1210" VPOS="1727" WIDTH="64" HEIGHT="33" CONTENT="His" WC="0.54" CC="741"/>
						<SP ID="P111_SP00275" HPOS="1274" VPOS="1778" WIDTH="15"/>
						<String ID="P111_ST00307" HPOS="1289" VPOS="1727" WIDTH="208" HEIGHT="46" CONTENT="Excellency" WC="0.71" CC="2720230604"/>
					</TextLine>
					<TextLine ID="P111_TL00031" HPOS="149" VPOS="1784" WIDTH="1348" HEIGHT="47">
						<String ID="P111_ST00308" HPOS="149" VPOS="1803" WIDTH="84" HEIGHT="21" CONTENT="soon" WC="0.58" CC="5307"/>
						<SP ID="P111_SP00276" HPOS="233" VPOS="1824" WIDTH="15"/>
						<String ID="P111_ST00309" HPOS="248" VPOS="1788" WIDTH="85" HEIGHT="34" CONTENT="after" WC="0.85" CC="01006"/>
						<SP ID="P111_SP00277" HPOS="333" VPOS="1824" WIDTH="17"/>
						<String ID="P111_ST00310" HPOS="350" VPOS="1800" WIDTH="62" HEIGHT="21" CONTENT="our" WC="0.42" CC="475"/>
						<SP ID="P111_SP00278" HPOS="412" VPOS="1824" WIDTH="19"/>
						<String ID="P111_ST00311" HPOS="431" VPOS="1787" WIDTH="130" HEIGHT="39" CONTENT="arrival," WC="0.73" CC="00320086"/>
						<SP ID="P111_SP00279" HPOS="561" VPOS="1826" WIDTH="19"/>
						<String ID="P111_ST00312" HPOS="580" VPOS="1786" WIDTH="68" HEIGHT="33" CONTENT="and" WC="0.83" CC="201"/>
						<SP ID="P111_SP00280" HPOS="648" VPOS="1826" WIDTH="11"/>
						<String ID="P111_ST00313" HPOS="659" VPOS="1785" WIDTH="185" HEIGHT="46" CONTENT="expressed" WC="0.68" CC="046212603"/>
						<SP ID="P111_SP00281" HPOS="844" VPOS="1831" WIDTH="9"/>
						<String ID="P111_ST00314" HPOS="853" VPOS="1791" WIDTH="95" HEIGHT="39" CONTENT="great" WC="0.88" CC="14000"/>
						<SP ID="P111_SP00282" HPOS="948" VPOS="1831" WIDTH="12"/>
						<String ID="P111_ST00315" HPOS="960" VPOS="1785" WIDTH="139" HEIGHT="44" CONTENT="anxiety" WC="0.63" CC="0844007"/>
						<SP ID="P111_SP00283" HPOS="1099" VPOS="1831" WIDTH="11"/>
						<String ID="P111_ST00316" HPOS="1110" VPOS="1784" WIDTH="74" HEIGHT="32" CONTENT="that" WC="0.78" CC="0530"/>
						<SP ID="P111_SP00284" HPOS="1184" VPOS="1831" WIDTH="11"/>
						<String ID="P111_ST00317" HPOS="1195" VPOS="1797" WIDTH="50" HEIGHT="20" CONTENT="we" WC="0.70" CC="60"/>
						<SP ID="P111_SP00285" HPOS="1245" VPOS="1831" WIDTH="18"/>
						<String ID="P111_ST00318" HPOS="1263" VPOS="1784" WIDTH="124" HEIGHT="33" CONTENT="should" WC="0.77" CC="330105"/>
						<SP ID="P111_SP00286" HPOS="1387" VPOS="1831" WIDTH="17"/>
						<String ID="P111_ST00319" HPOS="1404" VPOS="1798" WIDTH="93" HEIGHT="20" CONTENT="com" SUBS_TYPE="HypPart1" SUBS_CONTENT="commence" WC="0.92" CC="0003"/>
						<HYP CONTENT="-"/>
					</TextLine>
					<TextLine ID="P111_TL00032" HPOS="147" VPOS="1841" WIDTH="1350" HEIGHT="49">
						<String ID="P111_ST00320" HPOS="147" VPOS="1860" WIDTH="123" HEIGHT="21" CONTENT="mence" SUBS_TYPE="HypPart2" SUBS_CONTENT="commence" WC="0.91" CC="00400"/>
						<SP ID="P111_SP00287" HPOS="270" VPOS="1881" WIDTH="18"/>
						<String ID="P111_ST00321" HPOS="288" VPOS="1858" WIDTH="62" HEIGHT="21" CONTENT="our" WC="0.81" CC="005"/>
						<SP ID="P111_SP00288" HPOS="350" VPOS="1881" WIDTH="17"/>
						<String ID="P111_ST00322" HPOS="367" VPOS="1856" WIDTH="131" HEIGHT="34" CONTENT="voyage" WC="0.71" CC="508200"/>
						<SP ID="P111_SP00289" HPOS="498" VPOS="1890" WIDTH="18"/>
						<String ID="P111_ST00323" HPOS="516" VPOS="1856" WIDTH="35" HEIGHT="20" CONTENT="as" WC="0.90" CC="20"/>
						<SP ID="P111_SP00290" HPOS="551" VPOS="1890" WIDTH="19"/>
						<String ID="P111_ST00324" HPOS="570" VPOS="1856" WIDTH="84" HEIGHT="20" CONTENT="soon" WC="1.00" CC="0000"/>
						<SP ID="P111_SP00291" HPOS="654" VPOS="1890" WIDTH="18"/>
						<String ID="P111_ST00325" HPOS="672" VPOS="1855" WIDTH="35" HEIGHT="21" CONTENT="as" WC="0.75" CC="05"/>
						<SP ID="P111_SP00292" HPOS="707" VPOS="1890" WIDTH="17"/>
						<String ID="P111_ST00326" HPOS="724" VPOS="1842" WIDTH="150" HEIGHT="45" CONTENT="possible" WC="0.57" CC="72564050"/>
						<String ID="P111_ST00327" HPOS="886" VPOS="1857" WIDTH="9" HEIGHT="25" CONTENT=";" WC="0.24" CC="7"/>
						<SP ID="P111_SP00293" HPOS="895" VPOS="1890" WIDTH="25"/>
						<String ID="P111_ST00328" HPOS="920" VPOS="1843" WIDTH="62" HEIGHT="32" CONTENT="but" WC="0.77" CC="060"/>
						<SP ID="P111_SP00294" HPOS="982" VPOS="1890" WIDTH="18"/>
						<String ID="P111_ST00329" HPOS="1000" VPOS="1854" WIDTH="34" HEIGHT="20" CONTENT="as" WC="0.35" CC="48"/>
						<SP ID="P111_SP00295" HPOS="1034" VPOS="1890" WIDTH="18"/>
						<String ID="P111_ST00330" HPOS="1052" VPOS="1854" WIDTH="45" HEIGHT="20" CONTENT="no" WC="0.27" CC="86"/>
						<SP ID="P111_SP00296" HPOS="1097" VPOS="1890" WIDTH="18"/>
						<String ID="P111_ST00331" HPOS="1115" VPOS="1847" WIDTH="75" HEIGHT="39" CONTENT="part" WC="0.69" CC="7130"/>
						<SP ID="P111_SP00297" HPOS="1190" VPOS="1890" WIDTH="18"/>
						<String ID="P111_ST00332" HPOS="1208" VPOS="1841" WIDTH="41" HEIGHT="33" CONTENT="of" WC="0.75" CC="13"/>
						<SP ID="P111_SP00298" HPOS="1249" VPOS="1890" WIDTH="11"/>
						<String ID="P111_ST00333" HPOS="1260" VPOS="1854" WIDTH="62" HEIGHT="20" CONTENT="our" WC="0.73" CC="025"/>
						<SP ID="P111_SP00299" HPOS="1322" VPOS="1890" WIDTH="16"/>
						<String ID="P111_ST00334" HPOS="1338" VPOS="1842" WIDTH="159" HEIGHT="44" CONTENT="personal" WC="0.53" CC="50725655"/>
					</TextLine>
					<TextLine ID="P111_TL00033" HPOS="145" VPOS="1898" WIDTH="1352" HEIGHT="52">
						<String ID="P111_ST00335" HPOS="145" VPOS="1907" WIDTH="154" HEIGHT="43" CONTENT="baogage" WC="0.65" CC="0582700"/>
						<SP ID="P111_SP00300" HPOS="299" VPOS="1950" WIDTH="17"/>
						<String ID="P111_ST00336" HPOS="316" VPOS="1903" WIDTH="69" HEIGHT="33" CONTENT="had" WC="0.52" CC="607"/>
						<SP ID="P111_SP00301" HPOS="385" VPOS="1950" WIDTH="17"/>
						<String ID="P111_ST00337" HPOS="402" VPOS="1903" WIDTH="88" HEIGHT="32" CONTENT="been" WC="0.79" CC="0008"/>
						<SP ID="P111_SP00302" HPOS="490" VPOS="1950" WIDTH="25"/>
						<String ID="P111_ST00338" HPOS="515" VPOS="1900" WIDTH="138" HEIGHT="39" CONTENT="landed," WC="0.74" CC="3650020"/>
						<SP ID="P111_SP00303" HPOS="653" VPOS="1950" WIDTH="26"/>
						<String ID="P111_ST00339" HPOS="679" VPOS="1912" WIDTH="62" HEIGHT="20" CONTENT="our" WC="0.80" CC="050"/>
						<SP ID="P111_SP00304" HPOS="741" VPOS="1950" WIDTH="25"/>
						<String ID="P111_ST00340" HPOS="766" VPOS="1898" WIDTH="182" HEIGHT="46" CONTENT="departure" WC="0.58" CC="508743440"/>
						<SP ID="P111_SP00305" HPOS="948" VPOS="1950" WIDTH="17"/>
						<String ID="P111_ST00341" HPOS="965" VPOS="1911" WIDTH="66" HEIGHT="20" CONTENT="Avas" WC="0.34" CC="8736"/>
						<SP ID="P111_SP00306" HPOS="1031" VPOS="1950" WIDTH="25"/>
						<String ID="P111_ST00342" HPOS="1056" VPOS="1898" WIDTH="204" HEIGHT="45" CONTENT="necessarily" WC="0.70" CC="80002401446"/>
						<SP ID="P111_SP00307" HPOS="1260" VPOS="1950" WIDTH="18"/>
						<String ID="P111_ST00343" HPOS="1278" VPOS="1898" WIDTH="146" HEIGHT="46" CONTENT="delayed" WC="0.66" CC="0016707"/>
						<SP ID="P111_SP00308" HPOS="1424" VPOS="1950" WIDTH="22"/>
						<String ID="P111_ST00344" HPOS="1446" VPOS="1899" WIDTH="51" HEIGHT="32" CONTENT="till" WC="0.87" CC="1020"/>
					</TextLine>
					<TextLine ID="P111_TL00034" HPOS="145" VPOS="1954" WIDTH="1352" HEIGHT="50">
						<String ID="P111_ST00345" HPOS="145" VPOS="1964" WIDTH="59" HEIGHT="32" CONTENT="the" WC="0.84" CC="040"/>
						<SP ID="P111_SP00309" HPOS="204" VPOS="1996" WIDTH="29"/>
						<String ID="P111_ST00346" HPOS="233" VPOS="1967" WIDTH="84" HEIGHT="28" CONTENT="next" WC="0.83" CC="0051"/>
						<SP ID="P111_SP00310" HPOS="317" VPOS="1996" WIDTH="31"/>
						<String ID="P111_ST00347" HPOS="348" VPOS="1959" WIDTH="170" HEIGHT="45" CONTENT="morning." WC="0.62" CC="00864730"/>
						<SP ID="P111_SP00311" HPOS="518" VPOS="2004" WIDTH="64"/>
						<String ID="P111_ST00348" HPOS="582" VPOS="1957" WIDTH="59" HEIGHT="34" CONTENT="He" WC="0.65" CC="70"/>
						<SP ID="P111_SP00312" HPOS="641" VPOS="2004" WIDTH="26"/>
						<String ID="P111_ST00349" HPOS="667" VPOS="1957" WIDTH="159" HEIGHT="32" CONTENT="however" WC="0.86" CC="4000004"/>
						<SP ID="P111_SP00313" HPOS="826" VPOS="2004" WIDTH="27"/>
						<String ID="P111_ST00350" HPOS="853" VPOS="1954" WIDTH="235" HEIGHT="47" CONTENT="immediately" WC="0.68" CC="40207065007"/>
						<SP ID="P111_SP00314" HPOS="1088" VPOS="2004" WIDTH="28"/>
						<String ID="P111_ST00351" HPOS="1116" VPOS="1960" WIDTH="50" HEIGHT="28" CONTENT="set" WC="0.82" CC="203"/>
						<SP ID="P111_SP00315" HPOS="1166" VPOS="2004" WIDTH="30"/>
						<String ID="P111_ST00352" HPOS="1196" VPOS="1961" WIDTH="60" HEIGHT="27" CONTENT="out" WC="0.67" CC="450"/>
						<SP ID="P111_SP00316" HPOS="1256" VPOS="2004" WIDTH="29"/>
						<String ID="P111_ST00353" HPOS="1285" VPOS="1956" WIDTH="46" HEIGHT="45" CONTENT="by" WC="0.16" CC="88"/>
						<SP ID="P111_SP00317" HPOS="1331" VPOS="2004" WIDTH="24"/>
						<String ID="P111_ST00354" HPOS="1355" VPOS="1955" WIDTH="82" HEIGHT="33" CONTENT="land" WC="0.73" CC="0406"/>
						<SP ID="P111_SP00318" HPOS="1437" VPOS="2004" WIDTH="24"/>
						<String ID="P111_ST00355" HPOS="1461" VPOS="1961" WIDTH="36" HEIGHT="28" CONTENT="to" WC="0.88" CC="20"/>
					</TextLine>
					<TextLine ID="P111_TL00035" HPOS="145" VPOS="2014" WIDTH="745" HEIGHT="51">
						<String ID="P111_ST00356" HPOS="145" VPOS="2031" WIDTH="143" HEIGHT="34" CONTENT="prepare" WC="0.63" CC="6005570"/>
						<SP ID="P111_SP00319" HPOS="288" VPOS="2065" WIDTH="17"/>
						<String ID="P111_ST00357" HPOS="305" VPOS="2017" WIDTH="53" HEIGHT="34" CONTENT="for" WC="0.83" CC="130"/>
						<SP ID="P111_SP00320" HPOS="358" VPOS="2065" WIDTH="18"/>
						<String ID="P111_ST00358" HPOS="376" VPOS="2029" WIDTH="62" HEIGHT="21" CONTENT="our" WC="0.81" CC="104"/>
						<SP ID="P111_SP00321" HPOS="438" VPOS="2065" WIDTH="17"/>
						<String ID="P111_ST00359" HPOS="455" VPOS="2014" WIDTH="176" HEIGHT="47" CONTENT="reception" WC="0.69" CC="800070307"/>
						<SP ID="P111_SP00322" HPOS="631" VPOS="2065" WIDTH="20"/>
						<String ID="P111_ST00360" HPOS="651" VPOS="2020" WIDTH="33" HEIGHT="27" CONTENT="at" WC="1.00" CC="00"/>
						<SP ID="P111_SP00323" HPOS="684" VPOS="2065" WIDTH="17"/>
						<String ID="P111_ST00361" HPOS="701" VPOS="2014" WIDTH="189" HEIGHT="44" CONTENT="Tien-sing." WC="0.81" CC="0004102640"/>
					</TextLine>
				</TextBlock>
				<TextBlock ID="P111_TB00007" HPOS="193" VPOS="2069" WIDTH="1304" HEIGHT="39" STYLEREFS="TXT_0 PAR_CENTER">
					<TextLine ID="P111_TL00036" HPOS="193" VPOS="2069" WIDTH="1304" HEIGHT="39">
						<String ID="P111_ST00362" HPOS="193" VPOS="2075" WIDTH="66" HEIGHT="33" CONTENT="We" WC="0.83" CC="30"/>
						<SP ID="P111_SP00324" HPOS="259" VPOS="2108" WIDTH="25"/>
						<String ID="P111_ST00363" HPOS="284" VPOS="2074" WIDTH="109" HEIGHT="34" CONTENT="found" WC="0.74" CC="00435"/>
						<SP ID="P111_SP00325" HPOS="393" VPOS="2108" WIDTH="25"/>
						<String ID="P111_ST00364" HPOS="418" VPOS="2074" WIDTH="59" HEIGHT="33" CONTENT="the" WC="0.99" CC="000"/>
						<SP ID="P111_SP00326" HPOS="477" VPOS="2108" WIDTH="25"/>
						<String ID="P111_ST00365" HPOS="502" VPOS="2073" WIDTH="108" HEIGHT="34" CONTENT="banks" WC="0.83" CC="00800"/>
						<SP ID="P111_SP00327" HPOS="610" VPOS="2108" WIDTH="26"/>
						<String ID="P111_ST00366" HPOS="636" VPOS="2071" WIDTH="42" HEIGHT="34" CONTENT="of" WC="0.75" CC="04"/>
						<SP ID="P111_SP00328" HPOS="678" VPOS="2108" WIDTH="22"/>
						<String ID="P111_ST00367" HPOS="700" VPOS="2072" WIDTH="59" HEIGHT="33" CONTENT="the" WC="0.93" CC="020"/>
						<SP ID="P111_SP00329" HPOS="759" VPOS="2108" WIDTH="26"/>
						<String ID="P111_ST00368" HPOS="785" VPOS="2071" WIDTH="89" HEIGHT="33" CONTENT="river" WC="0.77" CC="50005"/>
						<SP ID="P111_SP00330" HPOS="874" VPOS="2108" WIDTH="25"/>
						<String ID="P111_ST00369" HPOS="899" VPOS="2069" WIDTH="146" HEIGHT="35" CONTENT="covered" WC="0.83" CC="0000505"/>
						<SP ID="P111_SP00331" HPOS="1045" VPOS="2108" WIDTH="27"/>
						<String ID="P111_ST00370" HPOS="1072" VPOS="2082" WIDTH="45" HEIGHT="21" CONTENT="on" WC="0.84" CC="03"/>
						<SP ID="P111_SP00332" HPOS="1117" VPOS="2108" WIDTH="28"/>
						<String ID="P111_ST00371" HPOS="1145" VPOS="2082" WIDTH="63" HEIGHT="21" CONTENT="our" WC="0.72" CC="008"/>
						<SP ID="P111_SP00333" HPOS="1208" VPOS="2108" WIDTH="26"/>
						<String ID="P111_ST00372" HPOS="1234" VPOS="2069" WIDTH="120" HEIGHT="34" CONTENT="arrival" WC="0.65" CC="2803062"/>
						<SP ID="P111_SP00334" HPOS="1354" VPOS="2108" WIDTH="17"/>
						<String ID="P111_ST00373" HPOS="1371" VPOS="2069" WIDTH="82" HEIGHT="34" CONTENT="with" WC="0.80" CC="0034"/>
						<SP ID="P111_SP00335" HPOS="1453" VPOS="2108" WIDTH="26"/>
						<String ID="P111_ST00374" HPOS="1479" VPOS="2082" WIDTH="18" HEIGHT="21" CONTENT="a" WC="0.50" CC="4"/>
					</TextLine>
				</TextBlock>
				<TextBlock ID="P111_TB00008" HPOS="803" VPOS="2141" WIDTH="19" HEIGHT="19" STYLEREFS="TXT_0 PAR_CENTER">
					<TextLine ID="P111_TL00037" HPOS="804" VPOS="2141" WIDTH="18" HEIGHT="19">
						<String ID="P111_ST00375" HPOS="804" VPOS="2141" WIDTH="18" HEIGHT="19" CONTENT="L" WC="0.24" CC="7"/>
					</TextLine>
				</TextBlock>
			</PrintSpace>
		</Page>
	</Layout>
</alto>
