<?xml version="1.0" encoding="UTF-8"?>
<alto xmlns:xsi="http://www.w3.org/2001/XMLSchema-instance" xsi:noNamespaceSchemaLocation="http://www.bl.uk/schemas/alto/alto-1-4.xsd" xmlns:xlink="http://www.w3.org/1999/xlink">
	<Description>
		<MeasurementUnit>mm10</MeasurementUnit>
		<sourceImageInformation>
			<fileName>//head1/IN/2008-13/A0011342463/003079.jp2</fileName>
		</sourceImageInformation>
		<OCRProcessing ID="OCRPROCESSING_1">
			<preProcessingStep>
				<processingSoftware>
					<softwareCreator>CCS Content Conversion Specialists GmbH, Germany</softwareCreator>
					<softwareName>CCS docWORKS</softwareName>
					<softwareVersion>6.1-0.67</softwareVersion>
				</processingSoftware>
			</preProcessingStep>
			<ocrProcessingStep>
				<processingSoftware>
					<softwareCreator>ABBYY (BIT Software), Russia</softwareCreator>
					<softwareName>Finereader</softwareName>
				</processingSoftware>
			</ocrProcessingStep>
		</OCRProcessing>
	</Description>
	<Styles>
		<TextStyle ID="TXT_0" FONTSIZE="10" FONTFAMILY="Courier New"/>
		<TextStyle ID="TXT_1" FONTSIZE="9" FONTFAMILY="Courier New"/>
		<TextStyle ID="TXT_2" FONTSIZE="11" FONTFAMILY="Courier New"/>
		<ParagraphStyle ID="PAR_CENTER" ALIGN="Center"/>
		<ParagraphStyle ID="PAR_RIGHT" ALIGN="Right"/>
		<ParagraphStyle ID="PAR_LEFT" ALIGN="Left"/>
	</Styles>
	<Layout>
		<Page ID="P161" PHYSICAL_IMG_NR="161" HEIGHT="2350" WIDTH="1784" PRINTED_IMG_NR="123" POSITION="Right" ACCURACY="74.30">
			<TopMargin ID="P161_TM00001" HPOS="0" VPOS="0" WIDTH="1783" HEIGHT="182">
				<TextBlock ID="P161_TB00001" HPOS="783" VPOS="142" WIDTH="230" HEIGHT="25" STYLEREFS="TXT_0 PAR_CENTER">
					<TextLine ID="P161_TL00001" HPOS="784" VPOS="143" WIDTH="229" HEIGHT="24">
						<String ID="P161_ST00001" HPOS="784" VPOS="143" WIDTH="229" HEIGHT="24" CONTENT="TUNG-CHOW." WC="0.75" CC="0051406104"/>
						<SP ID="P161_SP00001" HPOS="1013" VPOS="167" WIDTH="0"/>
					</TextLine>
				</TextBlock>
				<TextBlock ID="P161_TB00002" HPOS="1496" VPOS="148" WIDTH="65" HEIGHT="32" STYLEREFS="TXT_0 PAR_RIGHT">
					<TextLine ID="P161_TL00002" HPOS="1497" VPOS="149" WIDTH="64" HEIGHT="31">
						<String ID="P161_ST00002" HPOS="1497" VPOS="149" WIDTH="64" HEIGHT="31" CONTENT="123" WC="0.21" CC="887"/>
					</TextLine>
				</TextBlock>
			</TopMargin>
			<LeftMargin ID="P161_LM00001" HPOS="0" VPOS="182" WIDTH="210" HEIGHT="1979"/>
			<RightMargin ID="P161_RM00001" HPOS="1561" VPOS="182" WIDTH="222" HEIGHT="1979"/>
			<BottomMargin ID="P161_BM00001" HPOS="0" VPOS="2161" WIDTH="1783" HEIGHT="189"/>
			<PrintSpace ID="P161_PS00001" HPOS="210" VPOS="182" WIDTH="1351" HEIGHT="1979">
				<TextBlock ID="P161_TB00003" HPOS="218" VPOS="215" WIDTH="1341" HEIGHT="149" STYLEREFS="TXT_0 PAR_LEFT">
					<TextLine ID="P161_TL00003" HPOS="219" VPOS="216" WIDTH="1340" HEIGHT="57">
						<String ID="P161_ST00003" HPOS="219" VPOS="216" WIDTH="159" HEIGHT="35" CONTENT="Presents" WC="0.67" CC="72050730"/>
						<SP ID="P161_SP00002" HPOS="378" VPOS="251" WIDTH="24"/>
						<String ID="P161_ST00004" HPOS="402" VPOS="219" WIDTH="35" HEIGHT="32" CONTENT="in" WC="0.63" CC="16"/>
						<SP ID="P161_SP00003" HPOS="437" VPOS="251" WIDTH="18"/>
						<String ID="P161_ST00005" HPOS="455" VPOS="225" WIDTH="116" HEIGHT="27" CONTENT="return" WC="0.83" CC="200032"/>
						<SP ID="P161_SP00004" HPOS="571" VPOS="252" WIDTH="19"/>
						<String ID="P161_ST00006" HPOS="590" VPOS="232" WIDTH="87" HEIGHT="22" CONTENT="were" WC="0.93" CC="2000"/>
						<SP ID="P161_SP00005" HPOS="677" VPOS="254" WIDTH="18"/>
						<String ID="P161_ST00007" HPOS="695" VPOS="221" WIDTH="122" HEIGHT="45" CONTENT="always" WC="0.71" CC="060073"/>
						<SP ID="P161_SP00006" HPOS="817" VPOS="266" WIDTH="19"/>
						<String ID="P161_ST00008" HPOS="836" VPOS="223" WIDTH="204" HEIGHT="44" CONTENT="acceptable," WC="0.75" CC="52006500203"/>
						<SP ID="P161_SP00007" HPOS="1040" VPOS="267" WIDTH="30"/>
						<String ID="P161_ST00009" HPOS="1070" VPOS="225" WIDTH="67" HEIGHT="32" CONTENT="and" WC="0.79" CC="060"/>
						<SP ID="P161_SP00008" HPOS="1137" VPOS="267" WIDTH="18"/>
						<String ID="P161_ST00010" HPOS="1155" VPOS="227" WIDTH="197" HEIGHT="33" CONTENT="sometimes" WC="0.81" CC="700010104"/>
						<SP ID="P161_SP00009" HPOS="1352" VPOS="267" WIDTH="18"/>
						<String ID="P161_ST00011" HPOS="1370" VPOS="227" WIDTH="167" HEIGHT="46" CONTENT="expected" WC="0.84" CC="04600000"/>
						<SP ID="P161_SP00010" HPOS="1537" VPOS="273" WIDTH="16"/>
						<String ID="P161_ST00012" HPOS="1553" VPOS="241" WIDTH="6" HEIGHT="25" CONTENT=";" WC="0.55" CC="4"/>
					</TextLine>
					<TextLine ID="P161_TL00004" HPOS="221" VPOS="273" WIDTH="1338" HEIGHT="56">
						<String ID="P161_ST00013" HPOS="221" VPOS="273" WIDTH="68" HEIGHT="33" CONTENT="and" WC="0.84" CC="400"/>
						<SP ID="P161_SP00011" HPOS="289" VPOS="306" WIDTH="18"/>
						<String ID="P161_ST00014" HPOS="307" VPOS="274" WIDTH="40" HEIGHT="33" CONTENT="of" WC="0.79" CC="04"/>
						<SP ID="P161_SP00012" HPOS="347" VPOS="307" WIDTH="11"/>
						<String ID="P161_ST00015" HPOS="358" VPOS="275" WIDTH="108" HEIGHT="39" CONTENT="these," WC="0.75" CC="710006"/>
						<SP ID="P161_SP00013" HPOS="466" VPOS="314" WIDTH="17"/>
						<String ID="P161_ST00016" HPOS="483" VPOS="275" WIDTH="193" HEIGHT="34" CONTENT="black-lead" WC="0.91" CC="0500030000"/>
						<SP ID="P161_SP00014" HPOS="676" VPOS="314" WIDTH="17"/>
						<String ID="P161_ST00017" HPOS="693" VPOS="277" WIDTH="142" HEIGHT="45" CONTENT="pencils," WC="0.77" CC="40500222"/>
						<SP ID="P161_SP00015" HPOS="835" VPOS="322" WIDTH="27"/>
						<String ID="P161_ST00018" HPOS="862" VPOS="278" WIDTH="67" HEIGHT="32" CONTENT="and" WC="0.70" CC="170"/>
						<SP ID="P161_SP00016" HPOS="929" VPOS="322" WIDTH="17"/>
						<String ID="P161_ST00019" HPOS="946" VPOS="291" WIDTH="162" HEIGHT="21" CONTENT="common" WC="1.00" CC="000000"/>
						<SP ID="P161_SP00017" HPOS="1108" VPOS="322" WIDTH="24"/>
						<String ID="P161_ST00020" HPOS="1132" VPOS="280" WIDTH="145" HEIGHT="46" CONTENT="English" WC="0.76" CC="1300055"/>
						<SP ID="P161_SP00018" HPOS="1277" VPOS="326" WIDTH="17"/>
						<String ID="P161_ST00021" HPOS="1294" VPOS="283" WIDTH="265" HEIGHT="46" CONTENT="writing-paper," WC="0.75" CC="02002504703036"/>
					</TextLine>
					<TextLine ID="P161_TL00005" HPOS="218" VPOS="330" WIDTH="363" HEIGHT="34">
						<String ID="P161_ST00022" HPOS="218" VPOS="342" WIDTH="89" HEIGHT="21" CONTENT="Avere" WC="0.67" CC="84020"/>
						<SP ID="P161_SP00019" HPOS="307" VPOS="363" WIDTH="19"/>
						<String ID="P161_ST00023" HPOS="326" VPOS="330" WIDTH="105" HEIGHT="33" CONTENT="much" WC="0.97" CC="0001"/>
						<SP ID="P161_SP00020" HPOS="431" VPOS="363" WIDTH="18"/>
						<String ID="P161_ST00024" HPOS="449" VPOS="331" WIDTH="132" HEIGHT="33" CONTENT="valued." WC="0.91" CC="1005000"/>
					</TextLine>
				</TextBlock>
				<TextBlock ID="P161_TB00004" HPOS="215" VPOS="386" WIDTH="1346" HEIGHT="495" STYLEREFS="TXT_0 PAR_LEFT">
					<TextLine ID="P161_TL00006" HPOS="265" VPOS="386" WIDTH="1296" HEIGHT="51">
						<String ID="P161_ST00025" HPOS="265" VPOS="386" WIDTH="105" HEIGHT="33" CONTENT="From" WC="0.73" CC="3330"/>
						<SP ID="P161_SP00021" HPOS="370" VPOS="419" WIDTH="18"/>
						<String ID="P161_ST00026" HPOS="388" VPOS="387" WIDTH="60" HEIGHT="33" CONTENT="the" WC="0.66" CC="540"/>
						<SP ID="P161_SP00022" HPOS="448" VPOS="420" WIDTH="17"/>
						<String ID="P161_ST00027" HPOS="465" VPOS="387" WIDTH="144" HEIGHT="45" CONTENT="gardens" WC="0.75" CC="0260044"/>
						<SP ID="P161_SP00023" HPOS="609" VPOS="432" WIDTH="20"/>
						<String ID="P161_ST00028" HPOS="629" VPOS="388" WIDTH="16" HEIGHT="33" CONTENT="I" WC="1.00" CC="0"/>
						<SP ID="P161_SP00024" HPOS="645" VPOS="432" WIDTH="18"/>
						<String ID="P161_ST00029" HPOS="663" VPOS="389" WIDTH="162" HEIGHT="34" CONTENT="obtained" WC="0.80" CC="30002700"/>
						<SP ID="P161_SP00025" HPOS="825" VPOS="432" WIDTH="25"/>
						<String ID="P161_ST00030" HPOS="850" VPOS="390" WIDTH="58" HEIGHT="35" CONTENT="the" WC="0.81" CC="050"/>
						<SP ID="P161_SP00026" HPOS="908" VPOS="432" WIDTH="17"/>
						<String ID="P161_ST00031" HPOS="925" VPOS="399" WIDTH="132" HEIGHT="38" CONTENT="greater" WC="0.78" CC="3503101"/>
						<SP ID="P161_SP00027" HPOS="1057" VPOS="437" WIDTH="25"/>
						<String ID="P161_ST00032" HPOS="1082" VPOS="396" WIDTH="146" HEIGHT="32" CONTENT="number" WC="0.90" CC="400001"/>
						<SP ID="P161_SP00028" HPOS="1228" VPOS="437" WIDTH="22"/>
						<String ID="P161_ST00033" HPOS="1250" VPOS="396" WIDTH="41" HEIGHT="32" CONTENT="of" WC="0.81" CC="30"/>
						<SP ID="P161_SP00029" HPOS="1291" VPOS="437" WIDTH="18"/>
						<String ID="P161_ST00034" HPOS="1309" VPOS="397" WIDTH="59" HEIGHT="32" CONTENT="the" WC="0.71" CC="170"/>
						<SP ID="P161_SP00030" HPOS="1368" VPOS="437" WIDTH="25"/>
						<String ID="P161_ST00035" HPOS="1393" VPOS="397" WIDTH="168" HEIGHT="34" CONTENT="botanical" WC="0.80" CC="600080200"/>
					</TextLine>
					<TextLine ID="P161_TL00007" HPOS="217" VPOS="442" WIDTH="1342" HEIGHT="55">
						<String ID="P161_ST00036" HPOS="217" VPOS="442" WIDTH="194" HEIGHT="44" CONTENT="specimens" WC="0.72" CC="460034060"/>
						<SP ID="P161_SP00031" HPOS="411" VPOS="486" WIDTH="32"/>
						<String ID="P161_ST00037" HPOS="443" VPOS="444" WIDTH="73" HEIGHT="33" CONTENT="that" WC="0.78" CC="0350"/>
						<SP ID="P161_SP00032" HPOS="516" VPOS="486" WIDTH="32"/>
						<String ID="P161_ST00038" HPOS="548" VPOS="445" WIDTH="16" HEIGHT="32" CONTENT="I" WC="1.00" CC="0"/>
						<SP ID="P161_SP00033" HPOS="564" VPOS="486" WIDTH="30"/>
						<String ID="P161_ST00039" HPOS="594" VPOS="445" WIDTH="167" HEIGHT="34" CONTENT="collected" WC="0.64" CC="032605805"/>
						<SP ID="P161_SP00034" HPOS="761" VPOS="486" WIDTH="33"/>
						<String ID="P161_ST00040" HPOS="794" VPOS="447" WIDTH="34" HEIGHT="32" CONTENT="in" WC="0.81" CC="21"/>
						<SP ID="P161_SP00035" HPOS="828" VPOS="486" WIDTH="30"/>
						<String ID="P161_ST00041" HPOS="858" VPOS="448" WIDTH="59" HEIGHT="33" CONTENT="the" WC="0.75" CC="070"/>
						<SP ID="P161_SP00036" HPOS="917" VPOS="486" WIDTH="33"/>
						<String ID="P161_ST00042" HPOS="950" VPOS="449" WIDTH="285" HEIGHT="45" CONTENT="neighbourhood" WC="0.74" CC="8053200025023"/>
						<SP ID="P161_SP00037" HPOS="1235" VPOS="494" WIDTH="29"/>
						<String ID="P161_ST00043" HPOS="1264" VPOS="451" WIDTH="41" HEIGHT="33" CONTENT="of" WC="0.69" CC="14"/>
						<SP ID="P161_SP00038" HPOS="1305" VPOS="494" WIDTH="19"/>
						<String ID="P161_ST00044" HPOS="1324" VPOS="452" WIDTH="235" HEIGHT="45" CONTENT="Tung-Chow," WC="0.60" CC="0560325366"/>
					</TextLine>
					<TextLine ID="P161_TL00008" HPOS="216" VPOS="497" WIDTH="1344" HEIGHT="55">
						<String ID="P161_ST00045" HPOS="216" VPOS="497" WIDTH="60" HEIGHT="33" CONTENT="No" WC="0.51" CC="81"/>
						<SP ID="P161_SP00039" HPOS="276" VPOS="530" WIDTH="28"/>
						<String ID="P161_ST00046" HPOS="304" VPOS="506" WIDTH="144" HEIGHT="39" CONTENT="country" WC="0.67" CC="0056018"/>
						<SP ID="P161_SP00040" HPOS="448" VPOS="545" WIDTH="31"/>
						<String ID="P161_ST00047" HPOS="479" VPOS="501" WIDTH="103" HEIGHT="33" CONTENT="could" WC="0.82" CC="00017"/>
						<SP ID="P161_SP00041" HPOS="582" VPOS="545" WIDTH="27"/>
						<String ID="P161_ST00048" HPOS="609" VPOS="503" WIDTH="43" HEIGHT="32" CONTENT="be" WC="0.79" CC="40"/>
						<SP ID="P161_SP00042" HPOS="652" VPOS="545" WIDTH="29"/>
						<String ID="P161_ST00049" HPOS="681" VPOS="515" WIDTH="96" HEIGHT="21" CONTENT="more" WC="0.82" CC="0060"/>
						<SP ID="P161_SP00043" HPOS="777" VPOS="545" WIDTH="33"/>
						<String ID="P161_ST00050" HPOS="810" VPOS="505" WIDTH="120" HEIGHT="33" CONTENT="barren" WC="0.69" CC="062504"/>
						<SP ID="P161_SP00044" HPOS="930" VPOS="545" WIDTH="34"/>
						<String ID="P161_ST00051" HPOS="964" VPOS="505" WIDTH="35" HEIGHT="32" CONTENT="in" WC="0.75" CC="40"/>
						<SP ID="P161_SP00045" HPOS="999" VPOS="545" WIDTH="34"/>
						<String ID="P161_ST00052" HPOS="1033" VPOS="507" WIDTH="233" HEIGHT="33" CONTENT="uncultivated" WC="0.82" CC="300130004105"/>
						<SP ID="P161_SP00046" HPOS="1266" VPOS="545" WIDTH="32"/>
						<String ID="P161_ST00053" HPOS="1298" VPOS="508" WIDTH="122" HEIGHT="44" CONTENT="plants." WC="0.67" CC="7346000"/>
						<SP ID="P161_SP00047" HPOS="1420" VPOS="552" WIDTH="67"/>
						<String ID="P161_ST00054" HPOS="1487" VPOS="509" WIDTH="73" HEIGHT="32" CONTENT="The" WC="0.98" CC="000"/>
					</TextLine>
					<TextLine ID="P161_TL00009" HPOS="217" VPOS="555" WIDTH="1344" HEIGHT="53">
						<String ID="P161_ST00055" HPOS="217" VPOS="555" WIDTH="130" HEIGHT="45" CONTENT="species" WC="0.82" CC="0700004"/>
						<SP ID="P161_SP00048" HPOS="347" VPOS="600" WIDTH="19"/>
						<String ID="P161_ST00056" HPOS="366" VPOS="556" WIDTH="40" HEIGHT="32" CONTENT="of" WC="1.00" CC="00"/>
						<SP ID="P161_SP00049" HPOS="406" VPOS="600" WIDTH="21"/>
						<String ID="P161_ST00057" HPOS="427" VPOS="558" WIDTH="219" HEIGHT="44" CONTENT="Polyganum," WC="0.72" CC="7057300040"/>
						<SP ID="P161_SP00050" HPOS="646" VPOS="602" WIDTH="25"/>
						<String ID="P161_ST00058" HPOS="671" VPOS="558" WIDTH="336" HEIGHT="36" CONTENT="before-mentioned" WC="0.89" CC="0010303005000200"/>
						<SP ID="P161_SP00051" HPOS="1007" VPOS="602" WIDTH="24"/>
						<String ID="P161_ST00059" HPOS="1031" VPOS="575" WIDTH="35" HEIGHT="19" CONTENT="as" WC="0.80" CC="04"/>
						<SP ID="P161_SP00052" HPOS="1066" VPOS="602" WIDTH="17"/>
						<String ID="P161_ST00060" HPOS="1083" VPOS="563" WIDTH="153" HEIGHT="45" CONTENT="growing" WC="0.78" CC="1020261"/>
						<SP ID="P161_SP00053" HPOS="1236" VPOS="608" WIDTH="16"/>
						<String ID="P161_ST00061" HPOS="1252" VPOS="575" WIDTH="46" HEIGHT="22" CONTENT="on" WC="0.81" CC="30"/>
						<SP ID="P161_SP00054" HPOS="1298" VPOS="608" WIDTH="22"/>
						<String ID="P161_ST00062" HPOS="1320" VPOS="563" WIDTH="59" HEIGHT="34" CONTENT="the" WC="0.95" CC="010"/>
						<SP ID="P161_SP00055" HPOS="1379" VPOS="608" WIDTH="17"/>
						<String ID="P161_ST00063" HPOS="1396" VPOS="564" WIDTH="108" HEIGHT="33" CONTENT="banks" WC="0.80" CC="05202"/>
						<SP ID="P161_SP00056" HPOS="1504" VPOS="608" WIDTH="23"/>
						<String ID="P161_ST00064" HPOS="1527" VPOS="564" WIDTH="34" HEIGHT="33" CONTENT="of" WC="0.57" CC="16"/>
					</TextLine>
					<TextLine ID="P161_TL00010" HPOS="216" VPOS="611" WIDTH="1343" HEIGHT="52">
						<String ID="P161_ST00065" HPOS="216" VPOS="611" WIDTH="60" HEIGHT="33" CONTENT="the" WC="0.88" CC="300"/>
						<SP ID="P161_SP00057" HPOS="276" VPOS="644" WIDTH="15"/>
						<String ID="P161_ST00066" HPOS="291" VPOS="611" WIDTH="134" HEIGHT="40" CONTENT="Pei-ho," WC="0.68" CC="7050035"/>
						<SP ID="P161_SP00058" HPOS="425" VPOS="651" WIDTH="17"/>
						<String ID="P161_ST00067" HPOS="442" VPOS="625" WIDTH="90" HEIGHT="21" CONTENT="were" WC="0.92" CC="0030"/>
						<SP ID="P161_SP00059" HPOS="532" VPOS="651" WIDTH="11"/>
						<String ID="P161_ST00068" HPOS="543" VPOS="613" WIDTH="82" HEIGHT="34" CONTENT="here" WC="0.83" CC="3020"/>
						<SP ID="P161_SP00060" HPOS="625" VPOS="651" WIDTH="13"/>
						<String ID="P161_ST00069" HPOS="638" VPOS="615" WIDTH="71" HEIGHT="32" CONTENT="also" WC="0.83" CC="1003"/>
						<SP ID="P161_SP00061" HPOS="709" VPOS="651" WIDTH="18"/>
						<String ID="P161_ST00070" HPOS="727" VPOS="627" WIDTH="173" HEIGHT="29" CONTENT="common," WC="0.63" CC="0303566"/>
						<SP ID="P161_SP00062" HPOS="900" VPOS="656" WIDTH="13"/>
						<String ID="P161_ST00071" HPOS="913" VPOS="619" WIDTH="159" HEIGHT="44" CONTENT="together" WC="0.88" CC="00100502"/>
						<SP ID="P161_SP00063" HPOS="1072" VPOS="663" WIDTH="12"/>
						<String ID="P161_ST00072" HPOS="1084" VPOS="619" WIDTH="82" HEIGHT="33" CONTENT="with" WC="0.74" CC="0306"/>
						<SP ID="P161_SP00064" HPOS="1166" VPOS="663" WIDTH="12"/>
						<String ID="P161_ST00073" HPOS="1178" VPOS="620" WIDTH="59" HEIGHT="33" CONTENT="the" WC="0.85" CC="040"/>
						<SP ID="P161_SP00065" HPOS="1237" VPOS="663" WIDTH="12"/>
						<String ID="P161_ST00074" HPOS="1249" VPOS="622" WIDTH="151" HEIGHT="31" CONTENT="Hibiscus" WC="0.72" CC="80205005"/>
						<SP ID="P161_SP00066" HPOS="1400" VPOS="663" WIDTH="10"/>
						<String ID="P161_ST00075" HPOS="1410" VPOS="622" WIDTH="149" HEIGHT="37" CONTENT="trionum," WC="0.87" CC="00021032"/>
					</TextLine>
					<TextLine ID="P161_TL00011" HPOS="217" VPOS="668" WIDTH="1340" HEIGHT="53">
						<String ID="P161_ST00076" HPOS="217" VPOS="668" WIDTH="139" HEIGHT="42" CONTENT="Lycium" WC="0.68" CC="260082" STYLEREFS="TXT_1"/>
						<SP ID="P161_SP00067" HPOS="356" VPOS="710" WIDTH="32"/>
						<String ID="P161_ST00077" HPOS="388" VPOS="668" WIDTH="190" HEIGHT="41" CONTENT="Chinense*," WC="0.74" CC="3600003037" STYLEREFS="TXT_1"/>
						<SP ID="P161_SP00068" HPOS="578" VPOS="710" WIDTH="37"/>
						<String ID="P161_ST00078" HPOS="615" VPOS="672" WIDTH="149" HEIGHT="32" CONTENT="Tribulus" WC="0.47" CC="66057365" STYLEREFS="TXT_1"/>
						<SP ID="P161_SP00069" HPOS="764" VPOS="710" WIDTH="23"/>
						<String ID="P161_ST00079" HPOS="787" VPOS="674" WIDTH="198" HEIGHT="42" CONTENT="terrestris\," WC="0.31" CC="776568564887" STYLEREFS="TXT_1"/>
						<SP ID="P161_SP00070" HPOS="985" VPOS="716" WIDTH="27"/>
						<String ID="P161_ST00080" HPOS="1012" VPOS="674" WIDTH="67" HEIGHT="33" CONTENT="and" WC="0.68" CC="044" STYLEREFS="TXT_1"/>
						<SP ID="P161_SP00071" HPOS="1079" VPOS="716" WIDTH="27"/>
						<String ID="P161_ST00081" HPOS="1106" VPOS="688" WIDTH="19" HEIGHT="19" CONTENT="a" WC="1.00" CC="0" STYLEREFS="TXT_1"/>
						<SP ID="P161_SP00072" HPOS="1125" VPOS="716" WIDTH="26"/>
						<String ID="P161_ST00082" HPOS="1151" VPOS="677" WIDTH="129" HEIGHT="44" CONTENT="species" WC="0.79" CC="1400107" STYLEREFS="TXT_1"/>
						<SP ID="P161_SP00073" HPOS="1280" VPOS="721" WIDTH="25"/>
						<String ID="P161_ST00083" HPOS="1305" VPOS="677" WIDTH="41" HEIGHT="33" CONTENT="of" WC="0.66" CC="32" STYLEREFS="TXT_1"/>
						<SP ID="P161_SP00074" HPOS="1346" VPOS="721" WIDTH="24"/>
						<String ID="P161_ST00084" HPOS="1370" VPOS="678" WIDTH="187" HEIGHT="31" CONTENT="Jrtemesia." WC="0.80" CC="8000021006" STYLEREFS="TXT_1"/>
					</TextLine>
					<TextLine ID="P161_TL00012" HPOS="217" VPOS="724" WIDTH="1343" HEIGHT="51">
						<String ID="P161_ST00085" HPOS="217" VPOS="724" WIDTH="75" HEIGHT="33" CONTENT="The" WC="0.94" CC="010" STYLEREFS="TXT_1"/>
						<SP ID="P161_SP00075" HPOS="292" VPOS="757" WIDTH="29"/>
						<String ID="P161_ST00086" HPOS="321" VPOS="725" WIDTH="147" HEIGHT="43" CONTENT="Sophora" WC="0.85" CC="0035000" STYLEREFS="TXT_1"/>
						<SP ID="P161_SP00076" HPOS="468" VPOS="768" WIDTH="17"/>
						<String ID="P161_ST00087" HPOS="485" VPOS="727" WIDTH="202" HEIGHT="42" CONTENT="jajjonicaX," WC="0.63" CC="70874020081" STYLEREFS="TXT_1"/>
						<SP ID="P161_SP00077" HPOS="687" VPOS="769" WIDTH="38"/>
						<String ID="P161_ST00088" HPOS="725" VPOS="728" WIDTH="154" HEIGHT="45" CONTENT="growing" WC="0.67" CC="2722061" STYLEREFS="TXT_1"/>
						<SP ID="P161_SP00078" HPOS="879" VPOS="773" WIDTH="24"/>
						<String ID="P161_ST00089" HPOS="903" VPOS="735" WIDTH="36" HEIGHT="27" CONTENT="to" WC="0.71" CC="05" STYLEREFS="TXT_1"/>
						<SP ID="P161_SP00079" HPOS="939" VPOS="773" WIDTH="29"/>
						<String ID="P161_ST00090" HPOS="968" VPOS="742" WIDTH="19" HEIGHT="20" CONTENT="a" WC="0.63" CC="3" STYLEREFS="TXT_1"/>
						<SP ID="P161_SP00080" HPOS="987" VPOS="773" WIDTH="25"/>
						<String ID="P161_ST00091" HPOS="1012" VPOS="729" WIDTH="90" HEIGHT="46" CONTENT="large" WC="0.87" CC="00410" STYLEREFS="TXT_1"/>
						<SP ID="P161_SP00081" HPOS="1102" VPOS="775" WIDTH="20"/>
						<String ID="P161_ST00092" HPOS="1122" VPOS="731" WIDTH="78" HEIGHT="39" CONTENT="size," WC="0.78" CC="40006" STYLEREFS="TXT_1"/>
						<SP ID="P161_SP00082" HPOS="1200" VPOS="775" WIDTH="34"/>
						<String ID="P161_ST00093" HPOS="1234" VPOS="745" WIDTH="66" HEIGHT="20" CONTENT="was" WC="0.82" CC="005" STYLEREFS="TXT_1"/>
						<SP ID="P161_SP00083" HPOS="1300" VPOS="775" WIDTH="30"/>
						<String ID="P161_ST00094" HPOS="1330" VPOS="745" WIDTH="80" HEIGHT="21" CONTENT="seen" WC="0.89" CC="2001" STYLEREFS="TXT_1"/>
						<SP ID="P161_SP00084" HPOS="1410" VPOS="775" WIDTH="27"/>
						<String ID="P161_ST00095" HPOS="1437" VPOS="733" WIDTH="34" HEIGHT="31" CONTENT="in" WC="0.88" CC="20" STYLEREFS="TXT_1"/>
						<SP ID="P161_SP00085" HPOS="1471" VPOS="775" WIDTH="30"/>
						<String ID="P161_ST00096" HPOS="1501" VPOS="733" WIDTH="59" HEIGHT="32" CONTENT="the" WC="1.00" CC="000" STYLEREFS="TXT_1"/>
					</TextLine>
					<TextLine ID="P161_TL00013" HPOS="215" VPOS="780" WIDTH="1341" HEIGHT="54">
						<String ID="P161_ST00097" HPOS="215" VPOS="780" WIDTH="157" HEIGHT="45" CONTENT="gardens," WC="0.73" CC="00350604" STYLEREFS="TXT_1"/>
						<SP ID="P161_SP00086" HPOS="372" VPOS="825" WIDTH="23"/>
						<String ID="P161_ST00098" HPOS="395" VPOS="781" WIDTH="67" HEIGHT="32" CONTENT="and" WC="0.55" CC="273" STYLEREFS="TXT_1"/>
						<SP ID="P161_SP00087" HPOS="462" VPOS="825" WIDTH="18"/>
						<String ID="P161_ST00099" HPOS="480" VPOS="781" WIDTH="94" HEIGHT="34" CONTENT="often" WC="0.78" CC="06003" STYLEREFS="TXT_1"/>
						<SP ID="P161_SP00088" HPOS="574" VPOS="825" WIDTH="26"/>
						<String ID="P161_ST00100" HPOS="600" VPOS="784" WIDTH="45" HEIGHT="44" CONTENT="by" WC="0.22" CC="78" STYLEREFS="TXT_1"/>
						<SP ID="P161_SP00089" HPOS="645" VPOS="828" WIDTH="18"/>
						<String ID="P161_ST00101" HPOS="663" VPOS="783" WIDTH="59" HEIGHT="34" CONTENT="the" WC="0.83" CC="130" STYLEREFS="TXT_1"/>
						<SP ID="P161_SP00090" HPOS="722" VPOS="828" WIDTH="17"/>
						<String ID="P161_ST00102" HPOS="739" VPOS="784" WIDTH="181" HEIGHT="40" CONTENT="road-side," WC="0.82" CC="2000350105" STYLEREFS="TXT_1"/>
						<SP ID="P161_SP00091" HPOS="920" VPOS="828" WIDTH="28"/>
						<String ID="P161_ST00103" HPOS="948" VPOS="786" WIDTH="67" HEIGHT="32" CONTENT="and" WC="0.55" CC="552" STYLEREFS="TXT_1"/>
						<SP ID="P161_SP00092" HPOS="1015" VPOS="828" WIDTH="17"/>
						<String ID="P161_ST00104" HPOS="1032" VPOS="799" WIDTH="66" HEIGHT="21" CONTENT="was" WC="0.90" CC="003" STYLEREFS="TXT_1"/>
						<SP ID="P161_SP00093" HPOS="1098" VPOS="828" WIDTH="14"/>
						<String ID="P161_ST00105" HPOS="1112" VPOS="788" WIDTH="179" HEIGHT="45" CONTENT="obviously" WC="0.83" CC="000000507" STYLEREFS="TXT_1"/>
						<SP ID="P161_SP00094" HPOS="1291" VPOS="833" WIDTH="17"/>
						<String ID="P161_ST00106" HPOS="1308" VPOS="789" WIDTH="120" HEIGHT="45" CONTENT="prized" WC="0.75" CC="532003" STYLEREFS="TXT_1"/>
						<SP ID="P161_SP00095" HPOS="1428" VPOS="834" WIDTH="15"/>
						<String ID="P161_ST00107" HPOS="1443" VPOS="788" WIDTH="50" HEIGHT="34" CONTENT="for" WC="0.62" CC="612" STYLEREFS="TXT_1"/>
						<SP ID="P161_SP00096" HPOS="1493" VPOS="834" WIDTH="21"/>
						<String ID="P161_ST00108" HPOS="1514" VPOS="788" WIDTH="42" HEIGHT="34" CONTENT="its" WC="0.95" CC="010" STYLEREFS="TXT_1"/>
					</TextLine>
					<TextLine ID="P161_TL00014" HPOS="216" VPOS="836" WIDTH="134" HEIGHT="45">
						<String ID="P161_ST00109" HPOS="216" VPOS="836" WIDTH="134" HEIGHT="45" CONTENT="beauty." WC="0.81" CC="0000570" STYLEREFS="TXT_1"/>
					</TextLine>
				</TextBlock>
				<TextBlock ID="P161_TB00005" HPOS="213" VPOS="892" WIDTH="1344" HEIGHT="498" STYLEREFS="TXT_1 PAR_LEFT">
					<TextLine ID="P161_TL00015" HPOS="262" VPOS="892" WIDTH="1294" HEIGHT="55">
						<String ID="P161_ST00110" HPOS="262" VPOS="892" WIDTH="76" HEIGHT="34" CONTENT="The" WC="1.00" CC="000"/>
						<SP ID="P161_SP00097" HPOS="338" VPOS="926" WIDTH="20"/>
						<String ID="P161_ST00111" HPOS="358" VPOS="894" WIDTH="113" HEIGHT="45" CONTENT="plants" WC="0.81" CC="400203"/>
						<SP ID="P161_SP00098" HPOS="471" VPOS="939" WIDTH="22"/>
						<String ID="P161_ST00112" HPOS="493" VPOS="895" WIDTH="187" HEIGHT="34" CONTENT="cultivated" WC="0.81" CC="0530100007"/>
						<SP ID="P161_SP00099" HPOS="680" VPOS="939" WIDTH="24"/>
						<String ID="P161_ST00113" HPOS="704" VPOS="896" WIDTH="52" HEIGHT="34" CONTENT="for" WC="0.71" CC="430"/>
						<SP ID="P161_SP00100" HPOS="756" VPOS="939" WIDTH="18"/>
						<String ID="P161_ST00114" HPOS="774" VPOS="897" WIDTH="88" HEIGHT="34" CONTENT="their" WC="0.86" CC="03021"/>
						<SP ID="P161_SP00101" HPOS="862" VPOS="939" WIDTH="18"/>
						<String ID="P161_ST00115" HPOS="880" VPOS="899" WIDTH="151" HEIGHT="34" CONTENT="esculent" WC="0.86" CC="04013010"/>
						<SP ID="P161_SP00102" HPOS="1031" VPOS="939" WIDTH="22"/>
						<String ID="P161_ST00116" HPOS="1053" VPOS="913" WIDTH="37" HEIGHT="20" CONTENT="or" WC="0.38" CC="38"/>
						<SP ID="P161_SP00103" HPOS="1090" VPOS="939" WIDTH="22"/>
						<String ID="P161_ST00117" HPOS="1112" VPOS="901" WIDTH="98" HEIGHT="33" CONTENT="other" WC="0.78" CC="00505"/>
						<SP ID="P161_SP00104" HPOS="1210" VPOS="939" WIDTH="23"/>
						<String ID="P161_ST00118" HPOS="1233" VPOS="902" WIDTH="111" HEIGHT="33" CONTENT="useful" WC="0.69" CC="040444"/>
						<SP ID="P161_SP00105" HPOS="1344" VPOS="939" WIDTH="12"/>
						<String ID="P161_ST00119" HPOS="1356" VPOS="902" WIDTH="200" HEIGHT="45" CONTENT="properties," WC="0.76" CC="60330400025"/>
					</TextLine>
					<TextLine ID="P161_TL00016" HPOS="215" VPOS="952" WIDTH="1342" HEIGHT="46">
						<String ID="P161_ST00120" HPOS="215" VPOS="961" WIDTH="88" HEIGHT="21" CONTENT="were" WC="0.89" CC="0040"/>
						<SP ID="P161_SP00106" HPOS="303" VPOS="982" WIDTH="17"/>
						<String ID="P161_ST00121" HPOS="320" VPOS="962" WIDTH="187" HEIGHT="22" CONTENT="numerous" WC="0.74" CC="21206204"/>
						<SP ID="P161_SP00107" HPOS="507" VPOS="984" WIDTH="18"/>
						<String ID="P161_ST00122" HPOS="525" VPOS="952" WIDTH="35" HEIGHT="32" CONTENT="in" WC="0.52" CC="35"/>
						<SP ID="P161_SP00108" HPOS="560" VPOS="984" WIDTH="18"/>
						<String ID="P161_ST00123" HPOS="578" VPOS="953" WIDTH="203" HEIGHT="45" CONTENT="proportion" WC="0.84" CC="4003230010"/>
						<SP ID="P161_SP00109" HPOS="781" VPOS="998" WIDTH="21"/>
						<String ID="P161_ST00124" HPOS="802" VPOS="959" WIDTH="35" HEIGHT="27" CONTENT="to" WC="1.00" CC="00"/>
						<SP ID="P161_SP00110" HPOS="837" VPOS="998" WIDTH="18"/>
						<String ID="P161_ST00125" HPOS="855" VPOS="954" WIDTH="98" HEIGHT="34" CONTENT="those" WC="0.79" CC="03240"/>
						<SP ID="P161_SP00111" HPOS="953" VPOS="998" WIDTH="14"/>
						<String ID="P161_ST00126" HPOS="967" VPOS="956" WIDTH="111" HEIGHT="33" CONTENT="which" WC="0.82" CC="01205"/>
						<SP ID="P161_SP00112" HPOS="1078" VPOS="998" WIDTH="17"/>
						<String ID="P161_ST00127" HPOS="1095" VPOS="969" WIDTH="89" HEIGHT="21" CONTENT="were" WC="0.80" CC="2060"/>
						<SP ID="P161_SP00113" HPOS="1184" VPOS="998" WIDTH="16"/>
						<String ID="P161_ST00128" HPOS="1200" VPOS="958" WIDTH="88" HEIGHT="32" CONTENT="wild." WC="0.90" CC="50000"/>
						<SP ID="P161_SP00114" HPOS="1288" VPOS="998" WIDTH="53"/>
						<String ID="P161_ST00129" HPOS="1341" VPOS="958" WIDTH="50" HEIGHT="32" CONTENT="As" WC="0.72" CC="50"/>
						<SP ID="P161_SP00115" HPOS="1391" VPOS="998" WIDTH="20"/>
						<String ID="P161_ST00130" HPOS="1411" VPOS="957" WIDTH="146" HEIGHT="33" CONTENT="Chinese" WC="0.82" CC="3132020"/>
					</TextLine>
					<TextLine ID="P161_TL00017" HPOS="216" VPOS="1006" WIDTH="1341" HEIGHT="48">
						<String ID="P161_ST00131" HPOS="216" VPOS="1018" WIDTH="93" HEIGHT="26" CONTENT="corn," WC="0.56" CC="05565"/>
						<SP ID="P161_SP00116" HPOS="309" VPOS="1044" WIDTH="26"/>
						<String ID="P161_ST00132" HPOS="335" VPOS="1006" WIDTH="59" HEIGHT="33" CONTENT="the" WC="0.95" CC="010"/>
						<SP ID="P161_SP00117" HPOS="394" VPOS="1044" WIDTH="24"/>
						<String ID="P161_ST00133" HPOS="418" VPOS="1008" WIDTH="125" HEIGHT="31" CONTENT="Holcus" WC="0.52" CC="717065"/>
						<SP ID="P161_SP00118" HPOS="543" VPOS="1044" WIDTH="25"/>
						<String ID="P161_ST00134" HPOS="568" VPOS="1009" WIDTH="162" HEIGHT="42" CONTENT="sorghum," WC="0.55" CC="75504426"/>
						<SP ID="P161_SP00119" HPOS="730" VPOS="1051" WIDTH="27"/>
						<String ID="P161_ST00135" HPOS="757" VPOS="1009" WIDTH="66" HEIGHT="31" CONTENT="and" WC="0.85" CC="003"/>
						<SP ID="P161_SP00120" HPOS="823" VPOS="1051" WIDTH="17"/>
						<String ID="P161_ST00136" HPOS="840" VPOS="1022" WIDTH="19" HEIGHT="19" CONTENT="a" WC="0.42" CC="5"/>
						<SP ID="P161_SP00121" HPOS="859" VPOS="1051" WIDTH="18"/>
						<String ID="P161_ST00137" HPOS="877" VPOS="1011" WIDTH="127" HEIGHT="43" CONTENT="species" WC="0.82" CC="3700000"/>
						<SP ID="P161_SP00122" HPOS="1004" VPOS="1054" WIDTH="26"/>
						<String ID="P161_ST00138" HPOS="1030" VPOS="1011" WIDTH="41" HEIGHT="33" CONTENT="of" WC="0.52" CC="54"/>
						<SP ID="P161_SP00123" HPOS="1071" VPOS="1054" WIDTH="11"/>
						<String ID="P161_ST00139" HPOS="1082" VPOS="1014" WIDTH="169" HEIGHT="37" CONTENT="Panicum," WC="0.86" CC="20010007"/>
						<SP ID="P161_SP00124" HPOS="1251" VPOS="1054" WIDTH="27"/>
						<String ID="P161_ST00140" HPOS="1278" VPOS="1026" WIDTH="88" HEIGHT="20" CONTENT="were" WC="0.96" CC="0010"/>
						<SP ID="P161_SP00125" HPOS="1366" VPOS="1054" WIDTH="26"/>
						<String ID="P161_ST00141" HPOS="1392" VPOS="1014" WIDTH="59" HEIGHT="32" CONTENT="the" WC="0.85" CC="040"/>
						<SP ID="P161_SP00126" HPOS="1451" VPOS="1054" WIDTH="18"/>
						<String ID="P161_ST00142" HPOS="1469" VPOS="1020" WIDTH="88" HEIGHT="26" CONTENT="most" WC="0.92" CC="0300"/>
					</TextLine>
					<TextLine ID="P161_TL00018" HPOS="215" VPOS="1061" WIDTH="1339" HEIGHT="52">
						<String ID="P161_ST00143" HPOS="215" VPOS="1061" WIDTH="185" HEIGHT="34" CONTENT="abundant." WC="0.78" CC="340050420"/>
						<SP ID="P161_SP00127" HPOS="400" VPOS="1095" WIDTH="60"/>
						<String ID="P161_ST00144" HPOS="460" VPOS="1063" WIDTH="75" HEIGHT="32" CONTENT="The" WC="0.92" CC="020"/>
						<SP ID="P161_SP00128" HPOS="535" VPOS="1095" WIDTH="25"/>
						<String ID="P161_ST00145" HPOS="560" VPOS="1062" WIDTH="127" HEIGHT="33" CONTENT="former" WC="0.74" CC="031703"/>
						<SP ID="P161_SP00129" HPOS="687" VPOS="1095" WIDTH="26"/>
						<String ID="P161_ST00146" HPOS="713" VPOS="1063" WIDTH="194" HEIGHT="46" CONTENT="frequently" WC="0.75" CC="1605500005"/>
						<SP ID="P161_SP00130" HPOS="907" VPOS="1109" WIDTH="26"/>
						<String ID="P161_ST00147" HPOS="933" VPOS="1077" WIDTH="91" HEIGHT="33" CONTENT="grew" WC="0.82" CC="0700"/>
						<SP ID="P161_SP00131" HPOS="1024" VPOS="1110" WIDTH="26"/>
						<String ID="P161_ST00148" HPOS="1050" VPOS="1071" WIDTH="35" HEIGHT="28" CONTENT="to" WC="0.79" CC="40"/>
						<SP ID="P161_SP00132" HPOS="1085" VPOS="1110" WIDTH="27"/>
						<String ID="P161_ST00149" HPOS="1112" VPOS="1068" WIDTH="132" HEIGHT="33" CONTENT="sixteen" WC="0.92" CC="0500000"/>
						<SP ID="P161_SP00133" HPOS="1244" VPOS="1110" WIDTH="29"/>
						<String ID="P161_ST00150" HPOS="1273" VPOS="1068" WIDTH="69" HEIGHT="34" CONTENT="feet" WC="0.99" CC="0000"/>
						<SP ID="P161_SP00134" HPOS="1342" VPOS="1110" WIDTH="25"/>
						<String ID="P161_ST00151" HPOS="1367" VPOS="1069" WIDTH="35" HEIGHT="32" CONTENT="in" WC="1.00" CC="00"/>
						<SP ID="P161_SP00135" HPOS="1402" VPOS="1110" WIDTH="25"/>
						<String ID="P161_ST00152" HPOS="1427" VPOS="1069" WIDTH="127" HEIGHT="44" CONTENT="height." WC="0.81" CC="0002640"/>
					</TextLine>
					<TextLine ID="P161_TL00019" HPOS="216" VPOS="1118" WIDTH="1341" HEIGHT="48">
						<String ID="P161_ST00153" HPOS="216" VPOS="1118" WIDTH="48" HEIGHT="33" CONTENT="Its" WC="0.99" CC="000"/>
						<SP ID="P161_SP00136" HPOS="264" VPOS="1151" WIDTH="24"/>
						<String ID="P161_ST00154" HPOS="288" VPOS="1119" WIDTH="92" HEIGHT="45" CONTENT="large" WC="0.72" CC="55030"/>
						<SP ID="P161_SP00137" HPOS="380" VPOS="1164" WIDTH="18"/>
						<String ID="P161_ST00155" HPOS="398" VPOS="1119" WIDTH="138" HEIGHT="45" CONTENT="bunchy" WC="0.76" CC="600007"/>
						<SP ID="P161_SP00138" HPOS="536" VPOS="1164" WIDTH="24"/>
						<String ID="P161_ST00156" HPOS="560" VPOS="1120" WIDTH="151" HEIGHT="44" CONTENT="panicles" WC="0.73" CC="55400302"/>
						<SP ID="P161_SP00139" HPOS="711" VPOS="1164" WIDTH="25"/>
						<String ID="P161_ST00157" HPOS="736" VPOS="1132" WIDTH="88" HEIGHT="21" CONTENT="were" WC="0.92" CC="2000"/>
						<SP ID="P161_SP00140" HPOS="824" VPOS="1164" WIDTH="23"/>
						<String ID="P161_ST00158" HPOS="847" VPOS="1121" WIDTH="160" HEIGHT="45" CONTENT="ripening" WC="0.77" CC="40605010"/>
						<SP ID="P161_SP00141" HPOS="1007" VPOS="1166" WIDTH="22"/>
						<String ID="P161_ST00159" HPOS="1029" VPOS="1121" WIDTH="63" HEIGHT="33" CONTENT="fast" WC="0.77" CC="0503"/>
						<SP ID="P161_SP00142" HPOS="1092" VPOS="1166" WIDTH="25"/>
						<String ID="P161_ST00160" HPOS="1117" VPOS="1123" WIDTH="112" HEIGHT="33" CONTENT="whilst" WC="0.72" CC="040164"/>
						<SP ID="P161_SP00143" HPOS="1229" VPOS="1166" WIDTH="17"/>
						<String ID="P161_ST00161" HPOS="1246" VPOS="1137" WIDTH="50" HEIGHT="20" CONTENT="Ave" WC="0.60" CC="830"/>
						<SP ID="P161_SP00144" HPOS="1296" VPOS="1166" WIDTH="27"/>
						<String ID="P161_ST00162" HPOS="1323" VPOS="1124" WIDTH="175" HEIGHT="33" CONTENT="remained" WC="0.83" CC="20233001"/>
						<SP ID="P161_SP00145" HPOS="1498" VPOS="1166" WIDTH="27"/>
						<String ID="P161_ST00163" HPOS="1525" VPOS="1131" WIDTH="32" HEIGHT="26" CONTENT="at" WC="1.00" CC="00"/>
					</TextLine>
					<TextLine ID="P161_TL00020" HPOS="216" VPOS="1174" WIDTH="1341" HEIGHT="51">
						<String ID="P161_ST00164" HPOS="216" VPOS="1174" WIDTH="235" HEIGHT="46" CONTENT="Tung-Chow." WC="0.84" CC="1344010000"/>
						<SP ID="P161_SP00146" HPOS="451" VPOS="1220" WIDTH="53"/>
						<String ID="P161_ST00165" HPOS="504" VPOS="1176" WIDTH="75" HEIGHT="33" CONTENT="The" WC="0.81" CC="050"/>
						<SP ID="P161_SP00147" HPOS="579" VPOS="1220" WIDTH="23"/>
						<String ID="P161_ST00166" HPOS="602" VPOS="1176" WIDTH="80" HEIGHT="33" CONTENT="seed" WC="0.81" CC="0007"/>
						<SP ID="P161_SP00148" HPOS="682" VPOS="1220" WIDTH="17"/>
						<String ID="P161_ST00167" HPOS="699" VPOS="1176" WIDTH="41" HEIGHT="33" CONTENT="of" WC="0.56" CC="34"/>
						<SP ID="P161_SP00149" HPOS="740" VPOS="1220" WIDTH="10"/>
						<String ID="P161_ST00168" HPOS="750" VPOS="1176" WIDTH="68" HEIGHT="33" CONTENT="this" WC="0.90" CC="0003"/>
						<SP ID="P161_SP00150" HPOS="818" VPOS="1220" WIDTH="23"/>
						<String ID="P161_ST00169" HPOS="841" VPOS="1176" WIDTH="97" HEIGHT="45" CONTENT="plant" WC="0.74" CC="60104"/>
						<SP ID="P161_SP00151" HPOS="938" VPOS="1221" WIDTH="25"/>
						<String ID="P161_ST00170" HPOS="963" VPOS="1176" WIDTH="27" HEIGHT="33" CONTENT="is" WC="0.95" CC="00"/>
						<SP ID="P161_SP00152" HPOS="990" VPOS="1221" WIDTH="22"/>
						<String ID="P161_ST00171" HPOS="1012" VPOS="1189" WIDTH="91" HEIGHT="21" CONTENT="sown" WC="0.81" CC="0105"/>
						<SP ID="P161_SP00153" HPOS="1103" VPOS="1221" WIDTH="27"/>
						<String ID="P161_ST00172" HPOS="1130" VPOS="1177" WIDTH="35" HEIGHT="34" CONTENT="in" WC="0.75" CC="50"/>
						<SP ID="P161_SP00154" HPOS="1165" VPOS="1221" WIDTH="19"/>
						<String ID="P161_ST00173" HPOS="1184" VPOS="1192" WIDTH="84" HEIGHT="20" CONTENT="rows" WC="0.84" CC="3003"/>
						<SP ID="P161_SP00155" HPOS="1268" VPOS="1221" WIDTH="18"/>
						<String ID="P161_ST00174" HPOS="1286" VPOS="1192" WIDTH="45" HEIGHT="20" CONTENT="on" WC="1.00" CC="00"/>
						<SP ID="P161_SP00156" HPOS="1331" VPOS="1221" WIDTH="18"/>
						<String ID="P161_ST00175" HPOS="1349" VPOS="1180" WIDTH="59" HEIGHT="33" CONTENT="the" WC="0.77" CC="060"/>
						<SP ID="P161_SP00157" HPOS="1408" VPOS="1221" WIDTH="17"/>
						<String ID="P161_ST00176" HPOS="1425" VPOS="1180" WIDTH="132" HEIGHT="45" CONTENT="margin" WC="0.95" CC="101000"/>
					</TextLine>
					<TextLine ID="P161_TL00021" HPOS="217" VPOS="1230" WIDTH="1340" HEIGHT="51">
						<String ID="P161_ST00177" HPOS="217" VPOS="1230" WIDTH="40" HEIGHT="34" CONTENT="of" WC="0.61" CC="33"/>
						<SP ID="P161_SP00158" HPOS="257" VPOS="1264" WIDTH="5"/>
						<String ID="P161_ST00178" HPOS="262" VPOS="1231" WIDTH="116" HEIGHT="39" CONTENT="rivers," WC="0.80" CC="6000006"/>
						<SP ID="P161_SP00159" HPOS="378" VPOS="1270" WIDTH="19"/>
						<String ID="P161_ST00179" HPOS="397" VPOS="1231" WIDTH="35" HEIGHT="33" CONTENT="in" WC="0.81" CC="30"/>
						<SP ID="P161_SP00160" HPOS="432" VPOS="1270" WIDTH="12"/>
						<String ID="P161_ST00180" HPOS="444" VPOS="1244" WIDTH="19" HEIGHT="20" CONTENT="a" WC="1.00" CC="0"/>
						<SP ID="P161_SP00161" HPOS="463" VPOS="1270" WIDTH="18"/>
						<String ID="P161_ST00181" HPOS="481" VPOS="1232" WIDTH="75" HEIGHT="33" CONTENT="stiff" WC="0.69" CC="13055"/>
						<SP ID="P161_SP00162" HPOS="556" VPOS="1270" WIDTH="5"/>
						<String ID="P161_ST00182" HPOS="561" VPOS="1232" WIDTH="62" HEIGHT="33" CONTENT="soil" WC="0.87" CC="3001"/>
						<String ID="P161_ST00183" HPOS="637" VPOS="1247" WIDTH="7" HEIGHT="25" CONTENT=";" WC="0.29" CC="7"/>
						<SP ID="P161_SP00163" HPOS="644" VPOS="1272" WIDTH="20"/>
						<String ID="P161_ST00184" HPOS="664" VPOS="1232" WIDTH="67" HEIGHT="33" CONTENT="and" WC="0.74" CC="033"/>
						<SP ID="P161_SP00164" HPOS="731" VPOS="1272" WIDTH="14"/>
						<String ID="P161_ST00185" HPOS="745" VPOS="1232" WIDTH="98" HEIGHT="33" CONTENT="Avhen" WC="0.70" CC="83200"/>
						<SP ID="P161_SP00165" HPOS="843" VPOS="1272" WIDTH="15"/>
						<String ID="P161_ST00186" HPOS="858" VPOS="1232" WIDTH="27" HEIGHT="33" CONTENT="it" WC="1.00" CC="00"/>
						<SP ID="P161_SP00166" HPOS="885" VPOS="1272" WIDTH="12"/>
						<String ID="P161_ST00187" HPOS="897" VPOS="1233" WIDTH="119" HEIGHT="45" CONTENT="begins" WC="0.82" CC="001440"/>
						<SP ID="P161_SP00167" HPOS="1016" VPOS="1278" WIDTH="17"/>
						<String ID="P161_ST00188" HPOS="1033" VPOS="1239" WIDTH="36" HEIGHT="27" CONTENT="to" WC="1.00" CC="00"/>
						<SP ID="P161_SP00168" HPOS="1069" VPOS="1278" WIDTH="18"/>
						<String ID="P161_ST00189" HPOS="1087" VPOS="1234" WIDTH="65" HEIGHT="33" CONTENT="rise" WC="0.87" CC="5000"/>
						<SP ID="P161_SP00169" HPOS="1152" VPOS="1278" WIDTH="17"/>
						<String ID="P161_ST00190" HPOS="1169" VPOS="1236" WIDTH="149" HEIGHT="45" CONTENT="through" WC="0.68" CC="0671220"/>
						<SP ID="P161_SP00170" HPOS="1318" VPOS="1281" WIDTH="18"/>
						<String ID="P161_ST00191" HPOS="1336" VPOS="1236" WIDTH="59" HEIGHT="38" CONTENT="tl\e" WC="0.61" CC="0680"/>
						<SP ID="P161_SP00171" HPOS="1395" VPOS="1281" WIDTH="17"/>
						<String ID="P161_ST00192" HPOS="1412" VPOS="1236" WIDTH="145" HEIGHT="45" CONTENT="ground," WC="0.82" CC="1012007"/>
					</TextLine>
					<TextLine ID="P161_TL00022" HPOS="214" VPOS="1288" WIDTH="1342" HEIGHT="48">
						<String ID="P161_ST00193" HPOS="214" VPOS="1288" WIDTH="59" HEIGHT="33" CONTENT="the" WC="0.78" CC="060"/>
						<SP ID="P161_SP00172" HPOS="273" VPOS="1321" WIDTH="24"/>
						<String ID="P161_ST00194" HPOS="297" VPOS="1300" WIDTH="97" HEIGHT="21" CONTENT="more" WC="0.93" CC="1010"/>
						<SP ID="P161_SP00173" HPOS="394" VPOS="1321" WIDTH="26"/>
						<String ID="P161_ST00195" HPOS="420" VPOS="1288" WIDTH="144" HEIGHT="34" CONTENT="humble" WC="0.90" CC="100400"/>
						<SP ID="P161_SP00174" HPOS="564" VPOS="1322" WIDTH="23"/>
						<String ID="P161_ST00196" HPOS="587" VPOS="1290" WIDTH="169" HEIGHT="37" CONTENT="Panicum," WC="0.81" CC="41103102"/>
						<SP ID="P161_SP00175" HPOS="756" VPOS="1327" WIDTH="26"/>
						<String ID="P161_ST00197" HPOS="782" VPOS="1289" WIDTH="112" HEIGHT="32" CONTENT="which" WC="0.68" CC="07502"/>
						<SP ID="P161_SP00176" HPOS="894" VPOS="1327" WIDTH="26"/>
						<String ID="P161_ST00198" HPOS="920" VPOS="1289" WIDTH="115" HEIGHT="45" CONTENT="ripens" WC="0.65" CC="824050"/>
						<SP ID="P161_SP00177" HPOS="1035" VPOS="1334" WIDTH="22"/>
						<String ID="P161_ST00199" HPOS="1057" VPOS="1289" WIDTH="85" HEIGHT="34" CONTENT="after" WC="0.86" CC="06000"/>
						<SP ID="P161_SP00178" HPOS="1142" VPOS="1334" WIDTH="23"/>
						<String ID="P161_ST00200" HPOS="1165" VPOS="1291" WIDTH="41" HEIGHT="32" CONTENT="its" WC="1.00" CC="000"/>
						<SP ID="P161_SP00179" HPOS="1206" VPOS="1334" WIDTH="27"/>
						<String ID="P161_ST00201" HPOS="1233" VPOS="1292" WIDTH="59" HEIGHT="31" CONTENT="tall" WC="0.44" CC="4277"/>
						<SP ID="P161_SP00180" HPOS="1292" VPOS="1334" WIDTH="24"/>
						<String ID="P161_ST00202" HPOS="1316" VPOS="1292" WIDTH="190" HEIGHT="44" CONTENT="neighbour" WC="0.81" CC="000106052"/>
						<SP ID="P161_SP00181" HPOS="1506" VPOS="1336" WIDTH="24"/>
						<String ID="P161_ST00203" HPOS="1530" VPOS="1292" WIDTH="26" HEIGHT="31" CONTENT="is" WC="0.76" CC="12"/>
					</TextLine>
					<TextLine ID="P161_TL00023" HPOS="215" VPOS="1344" WIDTH="1341" HEIGHT="46">
						<String ID="P161_ST00204" HPOS="215" VPOS="1350" WIDTH="58" HEIGHT="27" CONTENT="cut" WC="0.92" CC="002"/>
						<SP ID="P161_SP00182" HPOS="273" VPOS="1377" WIDTH="25"/>
						<String ID="P161_ST00205" HPOS="298" VPOS="1345" WIDTH="111" HEIGHT="38" CONTENT="doAvn," WC="0.52" CC="008684"/>
						<SP ID="P161_SP00183" HPOS="409" VPOS="1383" WIDTH="26"/>
						<String ID="P161_ST00206" HPOS="435" VPOS="1345" WIDTH="27" HEIGHT="32" CONTENT="is" WC="0.71" CC="23"/>
						<SP ID="P161_SP00184" HPOS="462" VPOS="1383" WIDTH="28"/>
						<String ID="P161_ST00207" HPOS="490" VPOS="1357" WIDTH="92" HEIGHT="21" CONTENT="sown" WC="0.98" CC="0000"/>
						<SP ID="P161_SP00185" HPOS="582" VPOS="1383" WIDTH="27"/>
						<String ID="P161_ST00208" HPOS="609" VPOS="1346" WIDTH="156" HEIGHT="32" CONTENT="betAveen" WC="0.80" CC="00085002"/>
						<SP ID="P161_SP00186" HPOS="765" VPOS="1383" WIDTH="27"/>
						<String ID="P161_ST00209" HPOS="792" VPOS="1345" WIDTH="104" HEIGHT="32" CONTENT="them." WC="0.88" CC="00040"/>
						<SP ID="P161_SP00187" HPOS="896" VPOS="1383" WIDTH="53"/>
						<String ID="P161_ST00210" HPOS="949" VPOS="1344" WIDTH="48" HEIGHT="33" CONTENT="Its" WC="0.90" CC="101"/>
						<SP ID="P161_SP00188" HPOS="997" VPOS="1383" WIDTH="31"/>
						<String ID="P161_ST00211" HPOS="1028" VPOS="1345" WIDTH="95" HEIGHT="33" CONTENT="seeds" WC="0.90" CC="40000"/>
						<SP ID="P161_SP00189" HPOS="1123" VPOS="1383" WIDTH="35"/>
						<String ID="P161_ST00212" HPOS="1158" VPOS="1359" WIDTH="55" HEIGHT="20" CONTENT="are" WC="0.82" CC="400"/>
						<SP ID="P161_SP00190" HPOS="1213" VPOS="1383" WIDTH="35"/>
						<String ID="P161_ST00213" HPOS="1248" VPOS="1346" WIDTH="85" HEIGHT="44" CONTENT="fully" WC="0.37" CC="64847"/>
						<SP ID="P161_SP00191" HPOS="1333" VPOS="1390" WIDTH="33"/>
						<String ID="P161_ST00214" HPOS="1366" VPOS="1346" WIDTH="190" HEIGHT="44" CONTENT="developed" WC="0.73" CC="500003606"/>
					</TextLine>
				</TextBlock>
				<TextBlock ID="P161_TB00006" HPOS="213" VPOS="1498" WIDTH="1343" HEIGHT="160" STYLEREFS="TXT_1 PAR_LEFT">
					<TextLine ID="P161_TL00024" HPOS="254" VPOS="1498" WIDTH="1302" HEIGHT="37">
						<String ID="P161_ST00215" HPOS="254" VPOS="1500" WIDTH="14" HEIGHT="14" CONTENT="*" WC="0.45" CC="5"/>
						<SP ID="P161_SP00192" HPOS="268" VPOS="1514" WIDTH="16"/>
						<String ID="P161_ST00216" HPOS="284" VPOS="1500" WIDTH="12" HEIGHT="25" CONTENT="I" WC="0.45" CC="5"/>
						<SP ID="P161_SP00193" HPOS="296" VPOS="1525" WIDTH="14"/>
						<String ID="P161_ST00217" HPOS="310" VPOS="1500" WIDTH="67" HEIGHT="26" CONTENT="have" WC="0.72" CC="4600"/>
						<SP ID="P161_SP00194" HPOS="377" VPOS="1526" WIDTH="11"/>
						<String ID="P161_ST00218" HPOS="388" VPOS="1500" WIDTH="83" HEIGHT="26" CONTENT="called" WC="0.63" CC="045138"/>
						<SP ID="P161_SP00195" HPOS="471" VPOS="1526" WIDTH="12"/>
						<String ID="P161_ST00219" HPOS="483" VPOS="1500" WIDTH="51" HEIGHT="26" CONTENT="this" WC="0.72" CC="0055"/>
						<SP ID="P161_SP00196" HPOS="534" VPOS="1526" WIDTH="14"/>
						<String ID="P161_ST00220" HPOS="548" VPOS="1500" WIDTH="74" HEIGHT="35" CONTENT="plant" WC="0.38" CC="87670"/>
						<SP ID="P161_SP00197" HPOS="622" VPOS="1535" WIDTH="15"/>
						<String ID="P161_ST00221" HPOS="637" VPOS="1500" WIDTH="133" HEIGHT="25" CONTENT="Chinense" WC="0.59" CC="07073760"/>
						<SP ID="P161_SP00198" HPOS="770" VPOS="1535" WIDTH="13"/>
						<String ID="P161_ST00222" HPOS="783" VPOS="1499" WIDTH="110" HEIGHT="25" CONTENT="because" WC="0.77" CC="8001070"/>
						<SP ID="P161_SP00199" HPOS="893" VPOS="1535" WIDTH="13"/>
						<String ID="P161_ST00223" HPOS="906" VPOS="1498" WIDTH="19" HEIGHT="26" CONTENT="it" WC="0.90" CC="02"/>
						<SP ID="P161_SP00200" HPOS="925" VPOS="1535" WIDTH="15"/>
						<String ID="P161_ST00224" HPOS="940" VPOS="1508" WIDTH="109" HEIGHT="25" CONTENT="appears" WC="0.42" CC="6861781"/>
						<SP ID="P161_SP00201" HPOS="1049" VPOS="1535" WIDTH="11"/>
						<String ID="P161_ST00225" HPOS="1060" VPOS="1504" WIDTH="26" HEIGHT="20" CONTENT="to" WC="1.00" CC="00"/>
						<SP ID="P161_SP00202" HPOS="1086" VPOS="1535" WIDTH="10"/>
						<String ID="P161_ST00226" HPOS="1096" VPOS="1499" WIDTH="33" HEIGHT="25" CONTENT="be" WC="1.00" CC="00"/>
						<SP ID="P161_SP00203" HPOS="1129" VPOS="1535" WIDTH="14"/>
						<String ID="P161_ST00227" HPOS="1143" VPOS="1500" WIDTH="44" HEIGHT="25" CONTENT="the" WC="0.77" CC="060"/>
						<SP ID="P161_SP00204" HPOS="1187" VPOS="1535" WIDTH="10"/>
						<String ID="P161_ST00228" HPOS="1197" VPOS="1509" WIDTH="70" HEIGHT="16" CONTENT="same" WC="0.92" CC="3000"/>
						<SP ID="P161_SP00205" HPOS="1267" VPOS="1535" WIDTH="13"/>
						<String ID="P161_ST00229" HPOS="1280" VPOS="1499" WIDTH="85" HEIGHT="26" CONTENT="which" WC="0.68" CC="74002"/>
						<SP ID="P161_SP00206" HPOS="1365" VPOS="1535" WIDTH="14"/>
						<String ID="P161_ST00230" HPOS="1379" VPOS="1500" WIDTH="47" HEIGHT="24" CONTENT="has" WC="0.47" CC="527"/>
						<SP ID="P161_SP00207" HPOS="1426" VPOS="1535" WIDTH="12"/>
						<String ID="P161_ST00231" HPOS="1438" VPOS="1500" WIDTH="118" HEIGHT="25" CONTENT="received" WC="0.79" CC="00603005"/>
					</TextLine>
					<TextLine ID="P161_TL00025" HPOS="213" VPOS="1541" WIDTH="1342" HEIGHT="36">
						<String ID="P161_ST00232" HPOS="213" VPOS="1541" WIDTH="59" HEIGHT="27" CONTENT="that" WC="0.88" CC="0120"/>
						<SP ID="P161_SP00208" HPOS="272" VPOS="1568" WIDTH="12"/>
						<String ID="P161_ST00233" HPOS="284" VPOS="1542" WIDTH="106" HEIGHT="34" CONTENT="specific" WC="0.75" CC="40005440"/>
						<SP ID="P161_SP00209" HPOS="390" VPOS="1576" WIDTH="14"/>
						<String ID="P161_ST00234" HPOS="404" VPOS="1542" WIDTH="160" HEIGHT="35" CONTENT="appellation" WC="0.65" CC="06712730511"/>
						<SP ID="P161_SP00210" HPOS="564" VPOS="1577" WIDTH="14"/>
						<String ID="P161_ST00235" HPOS="578" VPOS="1541" WIDTH="67" HEIGHT="27" CONTENT="from" WC="0.74" CC="3402"/>
						<SP ID="P161_SP00211" HPOS="645" VPOS="1577" WIDTH="12"/>
						<String ID="P161_ST00236" HPOS="657" VPOS="1541" WIDTH="140" HEIGHT="30" CONTENT="botanists;" WC="0.66" CC="8022754020"/>
						<SP ID="P161_SP00212" HPOS="797" VPOS="1577" WIDTH="22"/>
						<String ID="P161_ST00237" HPOS="819" VPOS="1541" WIDTH="47" HEIGHT="25" CONTENT="but" WC="1.00" CC="000"/>
						<SP ID="P161_SP00213" HPOS="866" VPOS="1577" WIDTH="14"/>
						<String ID="P161_ST00238" HPOS="880" VPOS="1541" WIDTH="14" HEIGHT="25" CONTENT="I" WC="1.00" CC="0"/>
						<SP ID="P161_SP00214" HPOS="894" VPOS="1577" WIDTH="10"/>
						<String ID="P161_ST00239" HPOS="904" VPOS="1549" WIDTH="49" HEIGHT="16" CONTENT="was" WC="0.68" CC="702"/>
						<SP ID="P161_SP00215" HPOS="953" VPOS="1577" WIDTH="10"/>
						<String ID="P161_ST00240" HPOS="963" VPOS="1541" WIDTH="109" HEIGHT="33" CONTENT="entirely" WC="0.79" CC="00001068"/>
						<SP ID="P161_SP00216" HPOS="1072" VPOS="1577" WIDTH="12"/>
						<String ID="P161_ST00241" HPOS="1084" VPOS="1541" WIDTH="95" HEIGHT="25" CONTENT="unable" WC="0.72" CC="067030"/>
						<SP ID="P161_SP00217" HPOS="1179" VPOS="1577" WIDTH="11"/>
						<String ID="P161_ST00242" HPOS="1190" VPOS="1546" WIDTH="27" HEIGHT="21" CONTENT="to" WC="1.00" CC="00"/>
						<SP ID="P161_SP00218" HPOS="1217" VPOS="1577" WIDTH="11"/>
						<String ID="P161_ST00243" HPOS="1228" VPOS="1541" WIDTH="106" HEIGHT="26" CONTENT="observe" WC="0.73" CC="0760320"/>
						<SP ID="P161_SP00219" HPOS="1334" VPOS="1577" WIDTH="11"/>
						<String ID="P161_ST00244" HPOS="1345" VPOS="1551" WIDTH="51" HEIGHT="25" CONTENT="any" WC="0.45" CC="176"/>
						<SP ID="P161_SP00220" HPOS="1396" VPOS="1577" WIDTH="11"/>
						<String ID="P161_ST00245" HPOS="1407" VPOS="1541" WIDTH="148" HEIGHT="32" CONTENT="difference," WC="0.76" CC="50000005087"/>
					</TextLine>
					<TextLine ID="P161_TL00026" HPOS="214" VPOS="1582" WIDTH="1342" HEIGHT="36">
						<String ID="P161_ST00246" HPOS="214" VPOS="1589" WIDTH="96" HEIGHT="29" CONTENT="except" WC="0.75" CC="150080"/>
						<SP ID="P161_SP00221" HPOS="310" VPOS="1618" WIDTH="12"/>
						<String ID="P161_ST00247" HPOS="322" VPOS="1584" WIDTH="28" HEIGHT="24" CONTENT="in" WC="0.71" CC="50"/>
						<SP ID="P161_SP00222" HPOS="350" VPOS="1618" WIDTH="14"/>
						<String ID="P161_ST00248" HPOS="364" VPOS="1584" WIDTH="45" HEIGHT="25" CONTENT="the" WC="0.96" CC="100"/>
						<SP ID="P161_SP00223" HPOS="409" VPOS="1618" WIDTH="12"/>
						<String ID="P161_ST00249" HPOS="421" VPOS="1585" WIDTH="142" HEIGHT="24" CONTENT="occasional" WC="0.83" CC="6000413000"/>
						<SP ID="P161_SP00224" HPOS="563" VPOS="1618" WIDTH="12"/>
						<String ID="P161_ST00250" HPOS="575" VPOS="1585" WIDTH="51" HEIGHT="24" CONTENT="size" WC="0.45" CC="6716"/>
						<SP ID="P161_SP00225" HPOS="626" VPOS="1618" WIDTH="12"/>
						<String ID="P161_ST00251" HPOS="638" VPOS="1583" WIDTH="32" HEIGHT="25" CONTENT="of" WC="0.88" CC="02"/>
						<SP ID="P161_SP00226" HPOS="670" VPOS="1618" WIDTH="14"/>
						<String ID="P161_ST00252" HPOS="684" VPOS="1583" WIDTH="43" HEIGHT="25" CONTENT="the" WC="0.80" CC="050"/>
						<SP ID="P161_SP00227" HPOS="727" VPOS="1618" WIDTH="19"/>
						<String ID="P161_ST00253" HPOS="746" VPOS="1583" WIDTH="92" HEIGHT="30" CONTENT="leaves," WC="0.87" CC="0200006"/>
						<SP ID="P161_SP00228" HPOS="838" VPOS="1618" WIDTH="22"/>
						<String ID="P161_ST00254" HPOS="860" VPOS="1582" WIDTH="115" HEIGHT="25" CONTENT="between" WC="0.78" CC="0078000"/>
						<SP ID="P161_SP00229" HPOS="975" VPOS="1618" WIDTH="21"/>
						<String ID="P161_ST00255" HPOS="996" VPOS="1582" WIDTH="20" HEIGHT="25" CONTENT="it" WC="0.40" CC="65"/>
						<SP ID="P161_SP00230" HPOS="1016" VPOS="1618" WIDTH="19"/>
						<String ID="P161_ST00256" HPOS="1035" VPOS="1582" WIDTH="52" HEIGHT="25" CONTENT="and" WC="0.53" CC="328"/>
						<SP ID="P161_SP00231" HPOS="1087" VPOS="1618" WIDTH="14"/>
						<String ID="P161_ST00257" HPOS="1101" VPOS="1583" WIDTH="105" HEIGHT="34" CONTENT="Lycium" WC="0.88" CC="041000"/>
						<SP ID="P161_SP00232" HPOS="1206" VPOS="1618" WIDTH="15"/>
						<String ID="P161_ST00258" HPOS="1221" VPOS="1582" WIDTH="131" HEIGHT="26" CONTENT="barbarian" WC="0.52" CC="650416187"/>
						<SP ID="P161_SP00233" HPOS="1352" VPOS="1618" WIDTH="22"/>
						<String ID="P161_ST00259" HPOS="1374" VPOS="1582" WIDTH="31" HEIGHT="25" CONTENT="of" WC="1.00" CC="00"/>
						<SP ID="P161_SP00234" HPOS="1405" VPOS="1618" WIDTH="16"/>
						<String ID="P161_ST00260" HPOS="1421" VPOS="1582" WIDTH="135" HEIGHT="26" CONTENT="Linnæus." WC="0.60" CC="34080770"/>
					</TextLine>
					<TextLine ID="P161_TL00027" HPOS="215" VPOS="1623" WIDTH="1291" HEIGHT="35">
						<String ID="P161_ST00261" HPOS="215" VPOS="1624" WIDTH="25" HEIGHT="27" CONTENT="It" WC="0.96" CC="00"/>
						<SP ID="P161_SP00235" HPOS="240" VPOS="1651" WIDTH="14"/>
						<String ID="P161_ST00262" HPOS="254" VPOS="1625" WIDTH="21" HEIGHT="25" CONTENT="is" WC="0.38" CC="66"/>
						<SP ID="P161_SP00236" HPOS="275" VPOS="1651" WIDTH="14"/>
						<String ID="P161_ST00263" HPOS="289" VPOS="1635" WIDTH="14" HEIGHT="16" CONTENT="a" WC="0.97" CC="0"/>
						<SP ID="P161_SP00237" HPOS="303" VPOS="1651" WIDTH="15"/>
						<String ID="P161_ST00264" HPOS="318" VPOS="1630" WIDTH="68" HEIGHT="21" CONTENT="most" WC="0.82" CC="0050"/>
						<SP ID="P161_SP00238" HPOS="386" VPOS="1651" WIDTH="14"/>
						<String ID="P161_ST00265" HPOS="400" VPOS="1625" WIDTH="136" HEIGHT="26" CONTENT="abundant" WC="0.68" CC="06560042"/>
						<SP ID="P161_SP00239" HPOS="536" VPOS="1651" WIDTH="13"/>
						<String ID="P161_ST00266" HPOS="549" VPOS="1624" WIDTH="74" HEIGHT="34" CONTENT="plant" WC="0.57" CC="74080"/>
						<SP ID="P161_SP00240" HPOS="623" VPOS="1658" WIDTH="14"/>
						<String ID="P161_ST00267" HPOS="637" VPOS="1634" WIDTH="34" HEIGHT="15" CONTENT="on" WC="0.22" CC="68"/>
						<SP ID="P161_SP00241" HPOS="671" VPOS="1658" WIDTH="16"/>
						<String ID="P161_ST00268" HPOS="687" VPOS="1624" WIDTH="44" HEIGHT="25" CONTENT="the" WC="0.55" CC="850"/>
						<SP ID="P161_SP00242" HPOS="731" VPOS="1658" WIDTH="13"/>
						<String ID="P161_ST00269" HPOS="744" VPOS="1624" WIDTH="83" HEIGHT="25" CONTENT="banks" WC="0.61" CC="52505"/>
						<SP ID="P161_SP00243" HPOS="827" VPOS="1658" WIDTH="14"/>
						<String ID="P161_ST00270" HPOS="841" VPOS="1623" WIDTH="30" HEIGHT="26" CONTENT="of" WC="1.00" CC="00"/>
						<SP ID="P161_SP00244" HPOS="871" VPOS="1658" WIDTH="15"/>
						<String ID="P161_ST00271" HPOS="886" VPOS="1623" WIDTH="44" HEIGHT="25" CONTENT="the" WC="0.47" CC="870"/>
						<SP ID="P161_SP00245" HPOS="930" VPOS="1658" WIDTH="14"/>
						<String ID="P161_ST00272" HPOS="944" VPOS="1624" WIDTH="80" HEIGHT="24" CONTENT="rivers" WC="0.58" CC="405563"/>
						<SP ID="P161_SP00246" HPOS="1024" VPOS="1658" WIDTH="13"/>
						<String ID="P161_ST00273" HPOS="1037" VPOS="1624" WIDTH="25" HEIGHT="24" CONTENT="in" WC="0.68" CC="50"/>
						<SP ID="P161_SP00247" HPOS="1062" VPOS="1658" WIDTH="17"/>
						<String ID="P161_ST00274" HPOS="1079" VPOS="1624" WIDTH="44" HEIGHT="25" CONTENT="the" WC="0.59" CC="470"/>
						<SP ID="P161_SP00248" HPOS="1123" VPOS="1658" WIDTH="12"/>
						<String ID="P161_ST00275" HPOS="1135" VPOS="1624" WIDTH="125" HEIGHT="33" CONTENT="province" WC="0.64" CC="88026001"/>
						<SP ID="P161_SP00249" HPOS="1260" VPOS="1658" WIDTH="13"/>
						<String ID="P161_ST00276" HPOS="1273" VPOS="1624" WIDTH="31" HEIGHT="25" CONTENT="of" WC="0.89" CC="02"/>
						<SP ID="P161_SP00250" HPOS="1304" VPOS="1658" WIDTH="17"/>
						<String ID="P161_ST00277" HPOS="1321" VPOS="1624" WIDTH="185" HEIGHT="25" CONTENT="Pe-tchee-lee." WC="0.87" CC="6000050004000"/>
					</TextLine>
				</TextBlock>
				<TextBlock ID="P161_TB00007" HPOS="212" VPOS="1664" WIDTH="1342" HEIGHT="192" STYLEREFS="TXT_1 PAR_LEFT">
					<TextLine ID="P161_TL00028" HPOS="248" VPOS="1664" WIDTH="1306" HEIGHT="37">
						<String ID="P161_ST00278" HPOS="248" VPOS="1670" WIDTH="16" HEIGHT="29" CONTENT="f" WC="0.14" CC="8"/>
						<SP ID="P161_SP00251" HPOS="264" VPOS="1699" WIDTH="20"/>
						<String ID="P161_ST00279" HPOS="284" VPOS="1666" WIDTH="68" HEIGHT="26" CONTENT="This" WC="0.82" CC="0042"/>
						<SP ID="P161_SP00252" HPOS="352" VPOS="1699" WIDTH="13"/>
						<String ID="P161_ST00280" HPOS="365" VPOS="1666" WIDTH="75" HEIGHT="34" CONTENT="plant" WC="0.70" CC="62050"/>
						<SP ID="P161_SP00253" HPOS="440" VPOS="1700" WIDTH="22"/>
						<String ID="P161_ST00281" HPOS="462" VPOS="1667" WIDTH="20" HEIGHT="24" CONTENT="is" WC="0.56" CC="44"/>
						<SP ID="P161_SP00254" HPOS="482" VPOS="1700" WIDTH="22"/>
						<String ID="P161_ST00282" HPOS="504" VPOS="1667" WIDTH="103" HEIGHT="34" CONTENT="equally" WC="0.76" CC="0550005"/>
						<SP ID="P161_SP00255" HPOS="607" VPOS="1701" WIDTH="13"/>
						<String ID="P161_ST00283" HPOS="620" VPOS="1665" WIDTH="137" HEIGHT="26" CONTENT="abundant" WC="0.62" CC="08078060"/>
						<SP ID="P161_SP00256" HPOS="757" VPOS="1701" WIDTH="13"/>
						<String ID="P161_ST00284" HPOS="770" VPOS="1675" WIDTH="33" HEIGHT="15" CONTENT="on" WC="0.70" CC="41"/>
						<SP ID="P161_SP00257" HPOS="803" VPOS="1701" WIDTH="21"/>
						<String ID="P161_ST00285" HPOS="824" VPOS="1665" WIDTH="45" HEIGHT="25" CONTENT="the" WC="0.73" CC="070"/>
						<SP ID="P161_SP00258" HPOS="869" VPOS="1701" WIDTH="12"/>
						<String ID="P161_ST00286" HPOS="881" VPOS="1664" WIDTH="83" HEIGHT="26" CONTENT="banks" WC="0.71" CC="00804"/>
						<SP ID="P161_SP00259" HPOS="964" VPOS="1701" WIDTH="15"/>
						<String ID="P161_ST00287" HPOS="979" VPOS="1664" WIDTH="30" HEIGHT="26" CONTENT="of" WC="0.78" CC="03"/>
						<SP ID="P161_SP00260" HPOS="1009" VPOS="1701" WIDTH="15"/>
						<String ID="P161_ST00288" HPOS="1024" VPOS="1664" WIDTH="44" HEIGHT="26" CONTENT="the" WC="0.82" CC="130"/>
						<SP ID="P161_SP00261" HPOS="1068" VPOS="1701" WIDTH="15"/>
						<String ID="P161_ST00289" HPOS="1083" VPOS="1664" WIDTH="95" HEIGHT="26" CONTENT="Pei-ho" WC="0.61" CC="466202"/>
						<SP ID="P161_SP00262" HPOS="1178" VPOS="1701" WIDTH="14"/>
						<String ID="P161_ST00290" HPOS="1192" VPOS="1665" WIDTH="51" HEIGHT="25" CONTENT="and" WC="0.64" CC="350"/>
						<SP ID="P161_SP00263" HPOS="1243" VPOS="1701" WIDTH="23"/>
						<String ID="P161_ST00291" HPOS="1266" VPOS="1664" WIDTH="99" HEIGHT="31" CONTENT="Eu-ho," WC="0.80" CC="100630"/>
						<SP ID="P161_SP00264" HPOS="1365" VPOS="1701" WIDTH="21"/>
						<String ID="P161_ST00292" HPOS="1386" VPOS="1665" WIDTH="26" HEIGHT="25" CONTENT="in" WC="0.69" CC="41"/>
						<SP ID="P161_SP00265" HPOS="1412" VPOS="1701" WIDTH="15"/>
						<String ID="P161_ST00293" HPOS="1427" VPOS="1664" WIDTH="44" HEIGHT="26" CONTENT="the" WC="0.67" CC="054"/>
						<SP ID="P161_SP00266" HPOS="1471" VPOS="1701" WIDTH="22"/>
						<String ID="P161_ST00294" HPOS="1493" VPOS="1674" WIDTH="61" HEIGHT="25" CONTENT="pro" SUBS_TYPE="HypPart1" SUBS_CONTENT="province" WC="0.76" CC="6002"/>
						<HYP CONTENT="-"/>
					</TextLine>
					<TextLine ID="P161_TL00029" HPOS="212" VPOS="1705" WIDTH="1342" HEIGHT="36">
						<String ID="P161_ST00295" HPOS="212" VPOS="1708" WIDTH="77" HEIGHT="26" CONTENT="vince" SUBS_TYPE="HypPart2" SUBS_CONTENT="province" WC="0.70" CC="76000"/>
						<SP ID="P161_SP00267" HPOS="289" VPOS="1734" WIDTH="22"/>
						<String ID="P161_ST00296" HPOS="311" VPOS="1708" WIDTH="31" HEIGHT="25" CONTENT="of" WC="0.94" CC="01"/>
						<SP ID="P161_SP00268" HPOS="342" VPOS="1734" WIDTH="16"/>
						<String ID="P161_ST00297" HPOS="358" VPOS="1707" WIDTH="126" HEIGHT="27" CONTENT="Pe-tchee" WC="0.93" CC="40100000"/>
						<SP ID="P161_SP00269" HPOS="484" VPOS="1734" WIDTH="14"/>
						<String ID="P161_ST00298" HPOS="498" VPOS="1708" WIDTH="46" HEIGHT="26" CONTENT="lee." WC="0.86" CC="5000"/>
						<SP ID="P161_SP00270" HPOS="544" VPOS="1734" WIDTH="42"/>
						<String ID="P161_ST00299" HPOS="586" VPOS="1707" WIDTH="60" HEIGHT="26" CONTENT="The" WC="0.53" CC="670"/>
						<SP ID="P161_SP00271" HPOS="646" VPOS="1734" WIDTH="18"/>
						<String ID="P161_ST00300" HPOS="664" VPOS="1707" WIDTH="143" HEIGHT="31" CONTENT="character," WC="0.74" CC="0440004056"/>
						<SP ID="P161_SP00272" HPOS="807" VPOS="1738" WIDTH="23"/>
						<String ID="P161_ST00301" HPOS="830" VPOS="1711" WIDTH="16" HEIGHT="12" CONTENT='"' WC="1.00" CC="0"/>
						<SP ID="P161_SP00273" HPOS="846" VPOS="1738" WIDTH="12"/>
						<String ID="P161_ST00302" HPOS="858" VPOS="1705" WIDTH="89" HEIGHT="27" CONTENT="foliola" WC="0.83" CC="0042002"/>
						<SP ID="P161_SP00274" HPOS="947" VPOS="1738" WIDTH="14"/>
						<String ID="P161_ST00303" HPOS="961" VPOS="1706" WIDTH="171" HEIGHT="35" CONTENT='sex-jugata,"' WC="0.74" CC="034050560140"/>
						<SP ID="P161_SP00275" HPOS="1132" VPOS="1741" WIDTH="23"/>
						<String ID="P161_ST00304" HPOS="1155" VPOS="1706" WIDTH="76" HEIGHT="35" CONTENT="given" WC="0.68" CC="00707"/>
						<SP ID="P161_SP00276" HPOS="1231" VPOS="1741" WIDTH="23"/>
						<String ID="P161_ST00305" HPOS="1254" VPOS="1711" WIDTH="27" HEIGHT="20" CONTENT="to" WC="0.75" CC="40"/>
						<SP ID="P161_SP00277" HPOS="1281" VPOS="1741" WIDTH="20"/>
						<String ID="P161_ST00306" HPOS="1301" VPOS="1705" WIDTH="52" HEIGHT="26" CONTENT="this" WC="0.69" CC="0407"/>
						<SP ID="P161_SP00278" HPOS="1353" VPOS="1741" WIDTH="19"/>
						<String ID="P161_ST00307" HPOS="1372" VPOS="1706" WIDTH="74" HEIGHT="34" CONTENT="plant" WC="0.73" CC="80023"/>
						<SP ID="P161_SP00279" HPOS="1446" VPOS="1741" WIDTH="23"/>
						<String ID="P161_ST00308" HPOS="1469" VPOS="1706" WIDTH="34" HEIGHT="34" CONTENT="by" WC="0.52" CC="54"/>
						<SP ID="P161_SP00280" HPOS="1503" VPOS="1741" WIDTH="20"/>
						<String ID="P161_ST00309" HPOS="1523" VPOS="1706" WIDTH="31" HEIGHT="26" CONTENT="its" WC="0.60" CC="560"/>
					</TextLine>
					<TextLine ID="P161_TL00030" HPOS="212" VPOS="1747" WIDTH="1342" HEIGHT="37">
						<String ID="P161_ST00310" HPOS="212" VPOS="1749" WIDTH="154" HEIGHT="31" CONTENT="describers," WC="0.60" CC="40710473536"/>
						<SP ID="P161_SP00281" HPOS="366" VPOS="1780" WIDTH="23"/>
						<String ID="P161_ST00311" HPOS="389" VPOS="1750" WIDTH="61" HEIGHT="25" CONTENT="does" WC="0.54" CC="7064"/>
						<SP ID="P161_SP00282" HPOS="450" VPOS="1780" WIDTH="21"/>
						<String ID="P161_ST00312" HPOS="471" VPOS="1754" WIDTH="47" HEIGHT="20" CONTENT="not" WC="0.63" CC="504"/>
						<SP ID="P161_SP00283" HPOS="518" VPOS="1780" WIDTH="20"/>
						<String ID="P161_ST00313" HPOS="538" VPOS="1754" WIDTH="26" HEIGHT="20" CONTENT="at" WC="0.72" CC="50"/>
						<SP ID="P161_SP00284" HPOS="564" VPOS="1780" WIDTH="13"/>
						<String ID="P161_ST00314" HPOS="577" VPOS="1748" WIDTH="33" HEIGHT="26" CONTENT="all" WC="0.92" CC="002"/>
						<SP ID="P161_SP00285" HPOS="610" VPOS="1780" WIDTH="19"/>
						<String ID="P161_ST00315" HPOS="629" VPOS="1748" WIDTH="80" HEIGHT="36" CONTENT="apply" WC="0.20" CC="88768"/>
						<SP ID="P161_SP00286" HPOS="709" VPOS="1784" WIDTH="14"/>
						<String ID="P161_ST00316" HPOS="723" VPOS="1754" WIDTH="27" HEIGHT="19" CONTENT="to" WC="0.71" CC="50"/>
						<SP ID="P161_SP00287" HPOS="750" VPOS="1784" WIDTH="20"/>
						<String ID="P161_ST00317" HPOS="770" VPOS="1748" WIDTH="20" HEIGHT="25" CONTENT="it" WC="0.89" CC="02"/>
						<SP ID="P161_SP00288" HPOS="790" VPOS="1784" WIDTH="19"/>
						<String ID="P161_ST00318" HPOS="809" VPOS="1757" WIDTH="27" HEIGHT="16" CONTENT="as" WC="0.83" CC="30"/>
						<SP ID="P161_SP00289" HPOS="836" VPOS="1784" WIDTH="20"/>
						<String ID="P161_ST00319" HPOS="856" VPOS="1748" WIDTH="83" HEIGHT="25" CONTENT="found" WC="0.66" CC="51540"/>
						<SP ID="P161_SP00290" HPOS="939" VPOS="1784" WIDTH="13"/>
						<String ID="P161_ST00320" HPOS="952" VPOS="1748" WIDTH="35" HEIGHT="35" CONTENT="by" WC="0.76" CC="04"/>
						<SP ID="P161_SP00291" HPOS="987" VPOS="1784" WIDTH="14"/>
						<String ID="P161_ST00321" HPOS="1001" VPOS="1758" WIDTH="42" HEIGHT="15" CONTENT="me" WC="0.64" CC="70"/>
						<SP ID="P161_SP00292" HPOS="1043" VPOS="1784" WIDTH="13"/>
						<String ID="P161_ST00322" HPOS="1056" VPOS="1749" WIDTH="26" HEIGHT="24" CONTENT="in" WC="0.60" CC="07"/>
						<SP ID="P161_SP00293" HPOS="1082" VPOS="1784" WIDTH="14"/>
						<String ID="P161_ST00323" HPOS="1096" VPOS="1748" WIDTH="45" HEIGHT="25" CONTENT="the" WC="0.65" CC="370"/>
						<SP ID="P161_SP00294" HPOS="1141" VPOS="1784" WIDTH="20"/>
						<String ID="P161_ST00324" HPOS="1161" VPOS="1748" WIDTH="78" HEIGHT="25" CONTENT="north" WC="0.63" CC="05542"/>
						<SP ID="P161_SP00295" HPOS="1239" VPOS="1784" WIDTH="21"/>
						<String ID="P161_ST00325" HPOS="1260" VPOS="1747" WIDTH="31" HEIGHT="26" CONTENT="of" WC="0.66" CC="06"/>
						<SP ID="P161_SP00296" HPOS="1291" VPOS="1784" WIDTH="16"/>
						<String ID="P161_ST00326" HPOS="1307" VPOS="1748" WIDTH="94" HEIGHT="25" CONTENT="China." WC="0.91" CC="000300"/>
						<SP ID="P161_SP00297" HPOS="1401" VPOS="1784" WIDTH="41"/>
						<String ID="P161_ST00327" HPOS="1442" VPOS="1748" WIDTH="67" HEIGHT="26" CONTENT="Like" WC="0.58" CC="7530"/>
						<SP ID="P161_SP00298" HPOS="1509" VPOS="1784" WIDTH="16"/>
						<String ID="P161_ST00328" HPOS="1525" VPOS="1750" WIDTH="29" HEIGHT="24" CONTENT="T." WC="0.70" CC="06"/>
					</TextLine>
					<TextLine ID="P161_TL00031" HPOS="212" VPOS="1789" WIDTH="1342" HEIGHT="36">
						<String ID="P161_ST00329" HPOS="212" VPOS="1791" WIDTH="124" HEIGHT="30" CONTENT="cistoides," WC="0.85" CC="0020300125"/>
						<SP ID="P161_SP00299" HPOS="336" VPOS="1821" WIDTH="21"/>
						<String ID="P161_ST00330" HPOS="357" VPOS="1791" WIDTH="20" HEIGHT="25" CONTENT="it" WC="0.80" CC="40"/>
						<SP ID="P161_SP00300" HPOS="377" VPOS="1821" WIDTH="17"/>
						<String ID="P161_ST00331" HPOS="394" VPOS="1790" WIDTH="47" HEIGHT="26" CONTENT="has" WC="0.34" CC="676"/>
						<SP ID="P161_SP00301" HPOS="441" VPOS="1821" WIDTH="14"/>
						<String ID="P161_ST00332" HPOS="455" VPOS="1790" WIDTH="94" HEIGHT="35" CONTENT="always" WC="0.45" CC="358085"/>
						<SP ID="P161_SP00302" HPOS="549" VPOS="1825" WIDTH="16"/>
						<String ID="P161_ST00333" HPOS="565" VPOS="1794" WIDTH="16" HEIGHT="12" CONTENT='"' WC="1.00" CC="0"/>
						<SP ID="P161_SP00303" HPOS="581" VPOS="1825" WIDTH="14"/>
						<String ID="P161_ST00334" HPOS="595" VPOS="1789" WIDTH="88" HEIGHT="27" CONTENT="foliola" WC="0.65" CC="4043137"/>
						<SP ID="P161_SP00304" HPOS="683" VPOS="1825" WIDTH="14"/>
						<String ID="P161_ST00335" HPOS="697" VPOS="1790" WIDTH="187" HEIGHT="35" CONTENT='octo-jugata,"' WC="0.71" CC="0150038232260"/>
						<SP ID="P161_SP00305" HPOS="884" VPOS="1825" WIDTH="14"/>
						<String ID="P161_ST00336" HPOS="898" VPOS="1789" WIDTH="51" HEIGHT="26" CONTENT="and" WC="0.26" CC="767"/>
						<SP ID="P161_SP00306" HPOS="949" VPOS="1825" WIDTH="15"/>
						<String ID="P161_ST00337" HPOS="964" VPOS="1789" WIDTH="62" HEIGHT="36" CONTENT="only" WC="0.61" CC="8007"/>
						<SP ID="P161_SP00307" HPOS="1026" VPOS="1825" WIDTH="14"/>
						<String ID="P161_ST00338" HPOS="1040" VPOS="1789" WIDTH="87" HEIGHT="26" CONTENT="differs" WC="0.63" CC="8044061"/>
						<SP ID="P161_SP00308" HPOS="1127" VPOS="1825" WIDTH="11"/>
						<String ID="P161_ST00339" HPOS="1138" VPOS="1789" WIDTH="65" HEIGHT="25" CONTENT="from" WC="0.79" CC="5200"/>
						<SP ID="P161_SP00309" HPOS="1203" VPOS="1825" WIDTH="14"/>
						<String ID="P161_ST00340" HPOS="1217" VPOS="1789" WIDTH="55" HEIGHT="25" CONTENT="that" WC="0.53" CC="5740"/>
						<SP ID="P161_SP00310" HPOS="1272" VPOS="1825" WIDTH="12"/>
						<String ID="P161_ST00341" HPOS="1284" VPOS="1789" WIDTH="74" HEIGHT="34" CONTENT="plant" WC="0.36" CC="75782"/>
						<SP ID="P161_SP00311" HPOS="1358" VPOS="1825" WIDTH="14"/>
						<String ID="P161_ST00342" HPOS="1372" VPOS="1789" WIDTH="27" HEIGHT="25" CONTENT="in" WC="0.62" CC="07"/>
						<SP ID="P161_SP00312" HPOS="1399" VPOS="1825" WIDTH="12"/>
						<String ID="P161_ST00343" HPOS="1411" VPOS="1789" WIDTH="45" HEIGHT="26" CONTENT="the" WC="0.79" CC="140"/>
						<SP ID="P161_SP00313" HPOS="1456" VPOS="1825" WIDTH="13"/>
						<String ID="P161_ST00344" HPOS="1469" VPOS="1789" WIDTH="85" HEIGHT="27" CONTENT="small" SUBS_TYPE="HypPart1" SUBS_CONTENT="smallness" WC="0.69" CC="267100"/>
						<HYP CONTENT="-"/>
					</TextLine>
					<TextLine ID="P161_TL00032" HPOS="213" VPOS="1831" WIDTH="270" HEIGHT="25">
						<String ID="P161_ST00345" HPOS="213" VPOS="1840" WIDTH="59" HEIGHT="16" CONTENT="ness" SUBS_TYPE="HypPart2" SUBS_CONTENT="smallness" WC="0.78" CC="8000"/>
						<SP ID="P161_SP00314" HPOS="272" VPOS="1856" WIDTH="14"/>
						<String ID="P161_ST00346" HPOS="286" VPOS="1832" WIDTH="31" HEIGHT="24" CONTENT="of" WC="0.73" CC="50"/>
						<SP ID="P161_SP00315" HPOS="317" VPOS="1856" WIDTH="14"/>
						<String ID="P161_ST00347" HPOS="331" VPOS="1832" WIDTH="32" HEIGHT="24" CONTENT="its" WC="0.63" CC="406"/>
						<SP ID="P161_SP00316" HPOS="363" VPOS="1856" WIDTH="14"/>
						<String ID="P161_ST00348" HPOS="377" VPOS="1831" WIDTH="106" HEIGHT="25" CONTENT="corolla." WC="0.91" CC="02000400"/>
					</TextLine>
				</TextBlock>
				<TextBlock ID="P161_TB00008" HPOS="210" VPOS="1871" WIDTH="1350" HEIGHT="246" STYLEREFS="TXT_1 PAR_LEFT">
					<TextLine ID="P161_TL00033" HPOS="250" VPOS="1871" WIDTH="1304" HEIGHT="36">
						<String ID="P161_ST00349" HPOS="250" VPOS="1876" WIDTH="13" HEIGHT="29" CONTENT="\" WC="0.13" CC="8"/>
						<SP ID="P161_SP00317" HPOS="263" VPOS="1905" WIDTH="23"/>
						<String ID="P161_ST00350" HPOS="286" VPOS="1872" WIDTH="75" HEIGHT="27" CONTENT="Most" WC="0.76" CC="0180"/>
						<SP ID="P161_SP00318" HPOS="361" VPOS="1905" WIDTH="22"/>
						<String ID="P161_ST00351" HPOS="383" VPOS="1872" WIDTH="30" HEIGHT="26" CONTENT="of" WC="0.83" CC="03"/>
						<SP ID="P161_SP00319" HPOS="413" VPOS="1905" WIDTH="15"/>
						<String ID="P161_ST00352" HPOS="428" VPOS="1872" WIDTH="46" HEIGHT="26" CONTENT="the" WC="1.00" CC="000"/>
						<SP ID="P161_SP00320" HPOS="474" VPOS="1905" WIDTH="19"/>
						<String ID="P161_ST00353" HPOS="493" VPOS="1878" WIDTH="68" HEIGHT="20" CONTENT="trees" WC="0.91" CC="00004"/>
						<SP ID="P161_SP00321" HPOS="561" VPOS="1905" WIDTH="26"/>
						<String ID="P161_ST00354" HPOS="587" VPOS="1872" WIDTH="84" HEIGHT="26" CONTENT="which" WC="0.39" CC="56783"/>
						<SP ID="P161_SP00322" HPOS="671" VPOS="1905" WIDTH="28"/>
						<String ID="P161_ST00355" HPOS="699" VPOS="1872" WIDTH="12" HEIGHT="26" CONTENT="1" WC="0.78" CC="2"/>
						<SP ID="P161_SP00323" HPOS="711" VPOS="1905" WIDTH="28"/>
						<String ID="P161_ST00356" HPOS="739" VPOS="1872" WIDTH="126" HEIGHT="26" CONTENT="observed" WC="0.64" CC="07408800"/>
						<SP ID="P161_SP00324" HPOS="865" VPOS="1905" WIDTH="25"/>
						<String ID="P161_ST00357" HPOS="890" VPOS="1873" WIDTH="29" HEIGHT="25" CONTENT="in" WC="0.58" CC="08"/>
						<SP ID="P161_SP00325" HPOS="919" VPOS="1905" WIDTH="20"/>
						<String ID="P161_ST00358" HPOS="939" VPOS="1872" WIDTH="44" HEIGHT="27" CONTENT="the" WC="0.81" CC="050"/>
						<SP ID="P161_SP00326" HPOS="983" VPOS="1905" WIDTH="20"/>
						<String ID="P161_ST00359" HPOS="1003" VPOS="1873" WIDTH="130" HEIGHT="34" CONTENT="precincts" WC="0.69" CC="650008007"/>
						<SP ID="P161_SP00327" HPOS="1133" VPOS="1907" WIDTH="23"/>
						<String ID="P161_ST00360" HPOS="1156" VPOS="1872" WIDTH="31" HEIGHT="26" CONTENT="of" WC="0.72" CC="05"/>
						<SP ID="P161_SP00328" HPOS="1187" VPOS="1907" WIDTH="20"/>
						<String ID="P161_ST00361" HPOS="1207" VPOS="1872" WIDTH="91" HEIGHT="26" CONTENT="Yuen-" WC="0.65" CC="07054"/>
						<String ID="P161_ST00362" HPOS="1303" VPOS="1872" WIDTH="88" HEIGHT="35" CONTENT="Ming-" WC="0.78" CC="00405"/>
						<String ID="P161_ST00363" HPOS="1394" VPOS="1872" WIDTH="87" HEIGHT="31" CONTENT="Yuen," WC="0.69" CC="00364"/>
						<SP ID="P161_SP00329" HPOS="1481" VPOS="1907" WIDTH="21"/>
						<String ID="P161_ST00364" HPOS="1502" VPOS="1871" WIDTH="52" HEIGHT="27" CONTENT="had" WC="0.73" CC="520"/>
					</TextLine>
					<TextLine ID="P161_TL00034" HPOS="212" VPOS="1913" WIDTH="1342" HEIGHT="36">
						<String ID="P161_ST00365" HPOS="212" VPOS="1914" WIDTH="127" HEIGHT="35" CONTENT="pinnated" WC="0.57" CC="70742028"/>
						<SP ID="P161_SP00330" HPOS="339" VPOS="1949" WIDTH="14"/>
						<String ID="P161_ST00366" HPOS="353" VPOS="1914" WIDTH="92" HEIGHT="31" CONTENT="leaves," WC="0.72" CC="6503020"/>
						<SP ID="P161_SP00331" HPOS="445" VPOS="1949" WIDTH="22"/>
						<String ID="P161_ST00367" HPOS="467" VPOS="1914" WIDTH="53" HEIGHT="25" CONTENT="and" WC="0.94" CC="010"/>
						<SP ID="P161_SP00332" HPOS="520" VPOS="1949" WIDTH="14"/>
						<String ID="P161_ST00368" HPOS="534" VPOS="1922" WIDTH="75" HEIGHT="22" CONTENT="were," WC="0.83" CC="20006"/>
						<SP ID="P161_SP00333" HPOS="609" VPOS="1949" WIDTH="22"/>
						<String ID="P161_ST00369" HPOS="631" VPOS="1913" WIDTH="12" HEIGHT="25" CONTENT="I" WC="1.00" CC="0"/>
						<SP ID="P161_SP00334" HPOS="643" VPOS="1949" WIDTH="16"/>
						<String ID="P161_ST00370" HPOS="659" VPOS="1919" WIDTH="111" HEIGHT="29" CONTENT="suspect," WC="0.77" CC="00250036"/>
						<SP ID="P161_SP00335" HPOS="770" VPOS="1949" WIDTH="22"/>
						<String ID="P161_ST00371" HPOS="792" VPOS="1914" WIDTH="93" HEIGHT="35" CONTENT="chiefly" WC="0.87" CC="0500003"/>
						<SP ID="P161_SP00336" HPOS="885" VPOS="1949" WIDTH="12"/>
						<String ID="P161_ST00372" HPOS="897" VPOS="1914" WIDTH="45" HEIGHT="25" CONTENT="the" WC="0.99" CC="000"/>
						<SP ID="P161_SP00337" HPOS="942" VPOS="1949" WIDTH="21"/>
						<String ID="P161_ST00373" HPOS="963" VPOS="1915" WIDTH="114" HEIGHT="33" CONTENT="Sophora" WC="0.75" CC="2073020"/>
						<SP ID="P161_SP00338" HPOS="1077" VPOS="1949" WIDTH="6"/>
						<String ID="P161_ST00374" HPOS="1083" VPOS="1914" WIDTH="134" HEIGHT="34" CONTENT="japonica." WC="0.86" CC="005000006"/>
						<SP ID="P161_SP00339" HPOS="1217" VPOS="1949" WIDTH="41"/>
						<String ID="P161_ST00375" HPOS="1258" VPOS="1914" WIDTH="12" HEIGHT="25" CONTENT="I" WC="1.00" CC="0"/>
						<SP ID="P161_SP00340" HPOS="1270" VPOS="1949" WIDTH="16"/>
						<String ID="P161_ST00376" HPOS="1286" VPOS="1923" WIDTH="58" HEIGHT="26" CONTENT="may" WC="0.43" CC="537"/>
						<SP ID="P161_SP00341" HPOS="1344" VPOS="1949" WIDTH="11"/>
						<String ID="P161_ST00377" HPOS="1355" VPOS="1913" WIDTH="62" HEIGHT="26" CONTENT="here" WC="0.91" CC="2000"/>
						<SP ID="P161_SP00342" HPOS="1417" VPOS="1949" WIDTH="20"/>
						<String ID="P161_ST00378" HPOS="1437" VPOS="1913" WIDTH="117" HEIGHT="31" CONTENT="observe," WC="0.81" CC="20030304"/>
					</TextLine>
					<TextLine ID="P161_TL00035" HPOS="212" VPOS="1955" WIDTH="1344" HEIGHT="37">
						<String ID="P161_ST00379" HPOS="212" VPOS="1957" WIDTH="58" HEIGHT="26" CONTENT="that" WC="0.81" CC="0700"/>
						<SP ID="P161_SP00343" HPOS="270" VPOS="1983" WIDTH="14"/>
						<String ID="P161_ST00380" HPOS="284" VPOS="1957" WIDTH="26" HEIGHT="25" CONTENT="in" WC="0.79" CC="40"/>
						<SP ID="P161_SP00344" HPOS="310" VPOS="1983" WIDTH="13"/>
						<String ID="P161_ST00381" HPOS="323" VPOS="1956" WIDTH="92" HEIGHT="36" CONTENT="giving" WC="0.61" CC="476040"/>
						<SP ID="P161_SP00345" HPOS="415" VPOS="1992" WIDTH="13"/>
						<String ID="P161_ST00382" HPOS="428" VPOS="1965" WIDTH="72" HEIGHT="17" CONTENT="some" WC="0.77" CC="1070"/>
						<SP ID="P161_SP00346" HPOS="500" VPOS="1992" WIDTH="14"/>
						<String ID="P161_ST00383" HPOS="514" VPOS="1960" WIDTH="112" HEIGHT="21" CONTENT="account" WC="0.78" CC="2000570"/>
						<SP ID="P161_SP00347" HPOS="626" VPOS="1992" WIDTH="15"/>
						<String ID="P161_ST00384" HPOS="641" VPOS="1955" WIDTH="30" HEIGHT="25" CONTENT="of" WC="0.66" CC="06"/>
						<SP ID="P161_SP00348" HPOS="671" VPOS="1992" WIDTH="16"/>
						<String ID="P161_ST00385" HPOS="687" VPOS="1955" WIDTH="44" HEIGHT="25" CONTENT="thc" WC="0.89" CC="003"/>
						<SP ID="P161_SP00349" HPOS="731" VPOS="1992" WIDTH="14"/>
						<String ID="P161_ST00386" HPOS="745" VPOS="1955" WIDTH="85" HEIGHT="34" CONTENT="plants" WC="0.59" CC="845401"/>
						<SP ID="P161_SP00350" HPOS="830" VPOS="1992" WIDTH="13"/>
						<String ID="P161_ST00387" HPOS="843" VPOS="1955" WIDTH="86" HEIGHT="26" CONTENT="which" WC="0.66" CC="06323"/>
						<SP ID="P161_SP00351" HPOS="929" VPOS="1992" WIDTH="15"/>
						<String ID="P161_ST00388" HPOS="944" VPOS="1955" WIDTH="13" HEIGHT="26" CONTENT="I" WC="1.00" CC="0"/>
						<SP ID="P161_SP00352" HPOS="957" VPOS="1992" WIDTH="14"/>
						<String ID="P161_ST00389" HPOS="971" VPOS="1955" WIDTH="82" HEIGHT="26" CONTENT="found" WC="0.72" CC="30082"/>
						<SP ID="P161_SP00353" HPOS="1053" VPOS="1992" WIDTH="23"/>
						<String ID="P161_ST00390" HPOS="1076" VPOS="1955" WIDTH="27" HEIGHT="25" CONTENT="in" WC="1.00" CC="00"/>
						<SP ID="P161_SP00354" HPOS="1103" VPOS="1992" WIDTH="16"/>
						<String ID="P161_ST00391" HPOS="1119" VPOS="1955" WIDTH="94" HEIGHT="31" CONTENT="China," WC="0.84" CC="020302"/>
						<SP ID="P161_SP00355" HPOS="1213" VPOS="1992" WIDTH="23"/>
						<String ID="P161_ST00392" HPOS="1236" VPOS="1955" WIDTH="13" HEIGHT="26" CONTENT="I" WC="1.00" CC="0"/>
						<SP ID="P161_SP00356" HPOS="1249" VPOS="1992" WIDTH="14"/>
						<String ID="P161_ST00393" HPOS="1263" VPOS="1955" WIDTH="33" HEIGHT="35" CONTENT="by" WC="0.34" CC="48"/>
						<SP ID="P161_SP00357" HPOS="1296" VPOS="1992" WIDTH="15"/>
						<String ID="P161_ST00394" HPOS="1311" VPOS="1964" WIDTH="34" HEIGHT="16" CONTENT="no" WC="0.81" CC="30"/>
						<SP ID="P161_SP00358" HPOS="1345" VPOS="1992" WIDTH="15"/>
						<String ID="P161_ST00395" HPOS="1360" VPOS="1965" WIDTH="89" HEIGHT="16" CONTENT="means" WC="0.65" CC="30283"/>
						<SP ID="P161_SP00359" HPOS="1449" VPOS="1992" WIDTH="10"/>
						<String ID="P161_ST00396" HPOS="1459" VPOS="1955" WIDTH="63" HEIGHT="26" CONTENT="wish" WC="0.56" CC="7152"/>
						<SP ID="P161_SP00360" HPOS="1522" VPOS="1992" WIDTH="14"/>
						<String ID="P161_ST00397" HPOS="1536" VPOS="1955" WIDTH="20" HEIGHT="26" CONTENT="it" WC="0.78" CC="40"/>
					</TextLine>
					<TextLine ID="P161_TL00036" HPOS="212" VPOS="1994" WIDTH="1348" HEIGHT="38">
						<String ID="P161_ST00398" HPOS="212" VPOS="2004" WIDTH="27" HEIGHT="20" CONTENT="to" WC="1.00" CC="00"/>
						<SP ID="P161_SP00361" HPOS="239" VPOS="2024" WIDTH="12"/>
						<String ID="P161_ST00399" HPOS="251" VPOS="1999" WIDTH="33" HEIGHT="25" CONTENT="be" WC="0.61" CC="70"/>
						<SP ID="P161_SP00362" HPOS="284" VPOS="2024" WIDTH="14"/>
						<String ID="P161_ST00400" HPOS="298" VPOS="1997" WIDTH="162" HEIGHT="27" CONTENT="understood" WC="0.74" CC="2080050007"/>
						<SP ID="P161_SP00363" HPOS="460" VPOS="2024" WIDTH="15"/>
						<String ID="P161_ST00401" HPOS="475" VPOS="1997" WIDTH="57" HEIGHT="25" CONTENT="that" WC="0.76" CC="0530"/>
						<SP ID="P161_SP00364" HPOS="532" VPOS="2024" WIDTH="15"/>
						<String ID="P161_ST00402" HPOS="547" VPOS="1997" WIDTH="13" HEIGHT="25" CONTENT="I" WC="1.00" CC="0"/>
						<SP ID="P161_SP00365" HPOS="560" VPOS="2024" WIDTH="15"/>
						<String ID="P161_ST00403" HPOS="575" VPOS="1996" WIDTH="117" HEIGHT="25" CONTENT="mention" WC="0.68" CC="0578000"/>
						<SP ID="P161_SP00366" HPOS="692" VPOS="2024" WIDTH="22"/>
						<String ID="P161_ST00404" HPOS="714" VPOS="1996" WIDTH="35" HEIGHT="26" CONTENT="all" WC="0.81" CC="005"/>
						<SP ID="P161_SP00367" HPOS="749" VPOS="2024" WIDTH="13"/>
						<String ID="P161_ST00405" HPOS="762" VPOS="1997" WIDTH="57" HEIGHT="26" CONTENT="that" WC="0.73" CC="0802"/>
						<SP ID="P161_SP00368" HPOS="819" VPOS="2024" WIDTH="16"/>
						<String ID="P161_ST00406" HPOS="835" VPOS="1997" WIDTH="12" HEIGHT="26" CONTENT="I" WC="1.00" CC="0"/>
						<SP ID="P161_SP00369" HPOS="847" VPOS="2024" WIDTH="15"/>
						<String ID="P161_ST00407" HPOS="862" VPOS="1997" WIDTH="83" HEIGHT="26" CONTENT="either" WC="0.70" CC="045700"/>
						<SP ID="P161_SP00370" HPOS="945" VPOS="2024" WIDTH="14"/>
						<String ID="P161_ST00408" HPOS="959" VPOS="2007" WIDTH="51" HEIGHT="15" CONTENT="saw" WC="0.49" CC="283"/>
						<SP ID="P161_SP00371" HPOS="1010" VPOS="2024" WIDTH="23"/>
						<String ID="P161_ST00409" HPOS="1033" VPOS="2006" WIDTH="30" HEIGHT="16" CONTENT="or" WC="1.00" CC="00"/>
						<SP ID="P161_SP00372" HPOS="1063" VPOS="2024" WIDTH="14"/>
						<String ID="P161_ST00410" HPOS="1077" VPOS="1994" WIDTH="134" HEIGHT="29" CONTENT="collected." WC="0.88" CC="0030000080"/>
						<SP ID="P161_SP00373" HPOS="1211" VPOS="2024" WIDTH="41"/>
						<String ID="P161_ST00411" HPOS="1252" VPOS="1997" WIDTH="13" HEIGHT="25" CONTENT="I" WC="1.00" CC="0"/>
						<SP ID="P161_SP00374" HPOS="1265" VPOS="2024" WIDTH="14"/>
						<String ID="P161_ST00412" HPOS="1279" VPOS="1996" WIDTH="63" HEIGHT="36" CONTENT="only" WC="0.48" CC="0866"/>
						<SP ID="P161_SP00375" HPOS="1342" VPOS="2032" WIDTH="13"/>
						<String ID="P161_ST00413" HPOS="1355" VPOS="2006" WIDTH="77" HEIGHT="16" CONTENT="name" WC="0.75" CC="6300"/>
						<SP ID="P161_SP00376" HPOS="1432" VPOS="2032" WIDTH="11"/>
						<String ID="P161_ST00414" HPOS="1443" VPOS="1997" WIDTH="73" HEIGHT="26" CONTENT="those" WC="0.62" CC="67050"/>
						<SP ID="P161_SP00377" HPOS="1516" VPOS="2032" WIDTH="14"/>
						<String ID="P161_ST00415" HPOS="1530" VPOS="1996" WIDTH="30" HEIGHT="26" CONTENT="of" WC="0.94" CC="01"/>
					</TextLine>
					<TextLine ID="P161_TL00037" HPOS="211" VPOS="2038" WIDTH="1344" HEIGHT="38">
						<String ID="P161_ST00416" HPOS="211" VPOS="2040" WIDTH="85" HEIGHT="25" CONTENT="which" WC="0.68" CC="67200"/>
						<SP ID="P161_SP00378" HPOS="296" VPOS="2065" WIDTH="16"/>
						<String ID="P161_ST00417" HPOS="312" VPOS="2040" WIDTH="13" HEIGHT="26" CONTENT="I" WC="0.37" CC="6"/>
						<SP ID="P161_SP00379" HPOS="325" VPOS="2066" WIDTH="14"/>
						<String ID="P161_ST00418" HPOS="339" VPOS="2040" WIDTH="66" HEIGHT="26" CONTENT="have" WC="0.90" CC="0300"/>
						<SP ID="P161_SP00380" HPOS="405" VPOS="2066" WIDTH="14"/>
						<String ID="P161_ST00419" HPOS="419" VPOS="2049" WIDTH="71" HEIGHT="16" CONTENT="some" WC="0.92" CC="3000"/>
						<SP ID="P161_SP00381" HPOS="490" VPOS="2066" WIDTH="25"/>
						<String ID="P161_ST00420" HPOS="515" VPOS="2038" WIDTH="209" HEIGHT="33" CONTENT="memorandum," WC="0.63" CC="70602150617"/>
						<SP ID="P161_SP00382" HPOS="724" VPOS="2071" WIDTH="22"/>
						<String ID="P161_ST00421" HPOS="746" VPOS="2039" WIDTH="84" HEIGHT="26" CONTENT="which" WC="0.89" CC="20200"/>
						<SP ID="P161_SP00383" HPOS="830" VPOS="2071" WIDTH="24"/>
						<String ID="P161_ST00422" HPOS="854" VPOS="2039" WIDTH="14" HEIGHT="26" CONTENT="I" WC="0.41" CC="5"/>
						<SP ID="P161_SP00384" HPOS="868" VPOS="2071" WIDTH="21"/>
						<String ID="P161_ST00423" HPOS="889" VPOS="2039" WIDTH="134" HEIGHT="37" CONTENT="distinctly" WC="0.65" CC="5470070106"/>
						<SP ID="P161_SP00385" HPOS="1023" VPOS="2076" WIDTH="21"/>
						<String ID="P161_ST00424" HPOS="1044" VPOS="2038" WIDTH="131" HEIGHT="33" CONTENT="recollect," WC="0.71" CC="8000551025"/>
						<SP ID="P161_SP00386" HPOS="1175" VPOS="2076" WIDTH="22"/>
						<String ID="P161_ST00425" HPOS="1197" VPOS="2048" WIDTH="30" HEIGHT="17" CONTENT="or" WC="0.40" CC="83"/>
						<SP ID="P161_SP00387" HPOS="1227" VPOS="2076" WIDTH="20"/>
						<String ID="P161_ST00426" HPOS="1247" VPOS="2038" WIDTH="31" HEIGHT="27" CONTENT="of" WC="0.47" CC="55"/>
						<SP ID="P161_SP00388" HPOS="1278" VPOS="2076" WIDTH="16"/>
						<String ID="P161_ST00427" HPOS="1294" VPOS="2038" WIDTH="83" HEIGHT="27" CONTENT="which" WC="0.73" CC="60402"/>
						<SP ID="P161_SP00389" HPOS="1377" VPOS="2076" WIDTH="16"/>
						<String ID="P161_ST00428" HPOS="1393" VPOS="2038" WIDTH="12" HEIGHT="27" CONTENT="I" WC="0.53" CC="4"/>
						<SP ID="P161_SP00390" HPOS="1405" VPOS="2076" WIDTH="20"/>
						<String ID="P161_ST00429" HPOS="1425" VPOS="2038" WIDTH="65" HEIGHT="27" CONTENT="have" WC="0.65" CC="4530"/>
						<SP ID="P161_SP00391" HPOS="1490" VPOS="2076" WIDTH="25"/>
						<String ID="P161_ST00430" HPOS="1515" VPOS="2048" WIDTH="40" HEIGHT="17" CONTENT="re" SUBS_TYPE="HypPart1" SUBS_CONTENT="recovered" WC="0.98" CC="000"/>
						<HYP CONTENT="-"/>
					</TextLine>
					<TextLine ID="P161_TL00038" HPOS="211" VPOS="2082" WIDTH="277" HEIGHT="35">
						<String ID="P161_ST00431" HPOS="211" VPOS="2082" WIDTH="111" HEIGHT="27" CONTENT="covered" SUBS_TYPE="HypPart2" SUBS_CONTENT="recovered" WC="0.70" CC="0835011"/>
						<SP ID="P161_SP00392" HPOS="322" VPOS="2109" WIDTH="14"/>
						<String ID="P161_ST00432" HPOS="336" VPOS="2082" WIDTH="152" HEIGHT="35" CONTENT="specimens." WC="0.75" CC="2000506540"/>
					</TextLine>
				</TextBlock>
				<TextBlock ID="P161_TB00009" HPOS="877" VPOS="2131" WIDTH="67" HEIGHT="30" STYLEREFS="TXT_2 PAR_RIGHT">
					<TextLine ID="P161_TL00039" HPOS="878" VPOS="2132" WIDTH="66" HEIGHT="29">
						<String ID="P161_ST00433" HPOS="878" VPOS="2142" WIDTH="19" HEIGHT="19" CONTENT="R" WC="0.25" CC="7"/>
						<SP ID="P161_SP00393" HPOS="897" VPOS="2161" WIDTH="27"/>
						<String ID="P161_ST00434" HPOS="924" VPOS="2132" WIDTH="20" HEIGHT="29" CONTENT="2" WC="0.24" CC="7"/>
					</TextLine>
				</TextBlock>
			</PrintSpace>
		</Page>
	</Layout>
</alto>
