<?xml version="1.0" encoding="UTF-8"?>
<alto xmlns:xsi="http://www.w3.org/2001/XMLSchema-instance" xsi:noNamespaceSchemaLocation="http://www.bl.uk/schemas/alto/alto-1-4.xsd" xmlns:xlink="http://www.w3.org/1999/xlink">
	<Description>
		<MeasurementUnit>mm10</MeasurementUnit>
		<sourceImageInformation>
			<fileName>//head1/IN/2008-13/A0011342463/003395.jp2</fileName>
		</sourceImageInformation>
		<OCRProcessing ID="OCRPROCESSING_1">
			<preProcessingStep>
				<processingSoftware>
					<softwareCreator>CCS Content Conversion Specialists GmbH, Germany</softwareCreator>
					<softwareName>CCS docWORKS</softwareName>
					<softwareVersion>6.1-0.67</softwareVersion>
				</processingSoftware>
			</preProcessingStep>
			<ocrProcessingStep>
				<processingSoftware>
					<softwareCreator>ABBYY (BIT Software), Russia</softwareCreator>
					<softwareName>Finereader</softwareName>
				</processingSoftware>
			</ocrProcessingStep>
		</OCRProcessing>
	</Description>
	<Styles>
		<TextStyle ID="TXT_0" FONTSIZE="11" FONTFAMILY="Courier New"/>
		<TextStyle ID="TXT_1" FONTSIZE="10" FONTFAMILY="Courier New"/>
		<TextStyle ID="TXT_2" FONTSIZE="9" FONTFAMILY="Courier New"/>
		<ParagraphStyle ID="PAR_CENTER" ALIGN="Center"/>
		<ParagraphStyle ID="PAR_LEFT" ALIGN="Left"/>
		<ParagraphStyle ID="PAR_RIGHT" ALIGN="Right"/>
	</Styles>
	<Layout>
		<Page ID="P475" PHYSICAL_IMG_NR="475" HEIGHT="2350" WIDTH="1784" POSITION="Right" ACCURACY="74.95">
			<TopMargin ID="P475_TM00001" HPOS="0" VPOS="0" WIDTH="1783" HEIGHT="417"/>
			<LeftMargin ID="P475_LM00001" HPOS="0" VPOS="417" WIDTH="241" HEIGHT="1719"/>
			<RightMargin ID="P475_RM00001" HPOS="1574" VPOS="417" WIDTH="209" HEIGHT="1719"/>
			<BottomMargin ID="P475_BM00001" HPOS="0" VPOS="2136" WIDTH="1783" HEIGHT="214"/>
			<PrintSpace ID="P475_PS00001" HPOS="241" VPOS="417" WIDTH="1333" HEIGHT="1724">
				<TextBlock ID="P475_TB00001" HPOS="683" VPOS="417" WIDTH="460" HEIGHT="42" STYLEREFS="TXT_0 PAR_CENTER">
					<TextLine ID="P475_TL00001" HPOS="684" VPOS="418" WIDTH="459" HEIGHT="41">
						<String ID="P475_ST00001" HPOS="684" VPOS="418" WIDTH="331" HEIGHT="41" CONTENT="APPENDIX." WC="0.52" CC="673367034"/>
						<SP ID="P475_SP00001" HPOS="1015" VPOS="459" WIDTH="17"/>
						<String ID="P475_ST00002" HPOS="1032" VPOS="446" WIDTH="56" HEIGHT="4" CONTENT="—" WC="0.20" CC="8"/>
						<String ID="P475_ST00003" HPOS="1102" VPOS="419" WIDTH="41" HEIGHT="40" CONTENT="F." WC="0.46" CC="46"/>
					</TextLine>
				</TextBlock>
				<TextBlock ID="P475_TB00002" HPOS="577" VPOS="632" WIDTH="662" HEIGHT="40" STYLEREFS="TXT_0 PAR_CENTER">
					<TextLine ID="P475_TL00002" HPOS="578" VPOS="633" WIDTH="661" HEIGHT="39">
						<String ID="P475_ST00004" HPOS="578" VPOS="633" WIDTH="465" HEIGHT="35" CONTENT="METEOROLOGICAL" WC="0.78" CC="01000850070133"/>
						<SP ID="P475_SP00002" HPOS="1043" VPOS="668" WIDTH="26"/>
						<String ID="P475_ST00005" HPOS="1069" VPOS="634" WIDTH="170" HEIGHT="38" CONTENT="TABLE," WC="0.71" CC="065013"/>
					</TextLine>
				</TextBlock>
				<TextBlock ID="P475_TB00003" HPOS="895" VPOS="729" WIDTH="34" HEIGHT="15" STYLEREFS="TXT_1 PAR_CENTER">
					<TextLine ID="P475_TL00003" HPOS="897" VPOS="730" WIDTH="32" HEIGHT="14">
						<String ID="P475_ST00006" HPOS="897" VPOS="730" WIDTH="32" HEIGHT="14" CONTENT="BY" WC="0.25" CC="77"/>
					</TextLine>
				</TextBlock>
				<TextBlock ID="P475_TB00004" HPOS="757" VPOS="795" WIDTH="311" HEIGHT="22" STYLEREFS="TXT_1 PAR_CENTER">
					<TextLine ID="P475_TL00004" HPOS="758" VPOS="795" WIDTH="310" HEIGHT="22">
						<String ID="P475_ST00007" HPOS="758" VPOS="796" WIDTH="50" HEIGHT="21" CONTENT="Dr." WC="0.73" CC="700"/>
						<SP ID="P475_SP00003" HPOS="808" VPOS="817" WIDTH="12"/>
						<String ID="P475_ST00008" HPOS="820" VPOS="795" WIDTH="124" HEIGHT="22" CONTENT="JAMES" WC="0.91" CC="00030"/>
						<SP ID="P475_SP00004" HPOS="944" VPOS="817" WIDTH="14"/>
						<String ID="P475_ST00009" HPOS="958" VPOS="795" WIDTH="110" HEIGHT="22" CONTENT="LYNN." WC="0.76" CC="04303"/>
					</TextLine>
				</TextBlock>
				<TextBlock ID="P475_TB00005" HPOS="241" VPOS="875" WIDTH="1333" HEIGHT="167" STYLEREFS="TXT_2 PAR_LEFT">
					<TextLine ID="P475_TL00005" HPOS="242" VPOS="876" WIDTH="1332" HEIGHT="37">
						<String ID="P475_ST00010" HPOS="242" VPOS="877" WIDTH="43" HEIGHT="26" CONTENT="To" WC="0.79" CC="04"/>
						<SP ID="P475_SP00005" HPOS="285" VPOS="903" WIDTH="14"/>
						<String ID="P475_ST00011" HPOS="299" VPOS="877" WIDTH="106" HEIGHT="25" CONTENT="Doctor" WC="0.85" CC="700100"/>
						<SP ID="P475_SP00006" HPOS="405" VPOS="903" WIDTH="14"/>
						<String ID="P475_ST00012" HPOS="419" VPOS="877" WIDTH="89" HEIGHT="34" CONTENT="Lynn," WC="0.46" CC="86146"/>
						<SP ID="P475_SP00007" HPOS="508" VPOS="911" WIDTH="26"/>
						<String ID="P475_ST00013" HPOS="534" VPOS="877" WIDTH="59" HEIGHT="25" CONTENT="who" WC="0.54" CC="723"/>
						<SP ID="P475_SP00008" HPOS="593" VPOS="911" WIDTH="22"/>
						<String ID="P475_ST00014" HPOS="615" VPOS="877" WIDTH="93" HEIGHT="35" CONTENT="kindly" WC="0.72" CC="071304"/>
						<SP ID="P475_SP00009" HPOS="708" VPOS="912" WIDTH="21"/>
						<String ID="P475_ST00015" HPOS="729" VPOS="877" WIDTH="63" HEIGHT="26" CONTENT="took" WC="0.95" CC="0001"/>
						<SP ID="P475_SP00010" HPOS="792" VPOS="912" WIDTH="24"/>
						<String ID="P475_ST00016" HPOS="816" VPOS="877" WIDTH="96" HEIGHT="36" CONTENT="charge" WC="0.77" CC="065100"/>
						<SP ID="P475_SP00011" HPOS="912" VPOS="913" WIDTH="21"/>
						<String ID="P475_ST00017" HPOS="933" VPOS="878" WIDTH="32" HEIGHT="26" CONTENT="of" WC="0.92" CC="01"/>
						<SP ID="P475_SP00012" HPOS="965" VPOS="913" WIDTH="17"/>
						<String ID="P475_ST00018" HPOS="982" VPOS="888" WIDTH="44" HEIGHT="25" CONTENT="my" WC="0.32" CC="66"/>
						<SP ID="P475_SP00013" HPOS="1026" VPOS="913" WIDTH="22"/>
						<String ID="P475_ST00019" HPOS="1048" VPOS="878" WIDTH="168" HEIGHT="26" CONTENT="instruments" WC="0.72" CC="60161440402"/>
						<SP ID="P475_SP00014" HPOS="1216" VPOS="913" WIDTH="18"/>
						<String ID="P475_ST00020" HPOS="1234" VPOS="877" WIDTH="97" HEIGHT="34" CONTENT="during" WC="0.63" CC="660350"/>
						<SP ID="P475_SP00015" HPOS="1331" VPOS="913" WIDTH="12"/>
						<String ID="P475_ST00021" HPOS="1343" VPOS="885" WIDTH="44" HEIGHT="26" CONTENT="my" WC="0.69" CC="32"/>
						<SP ID="P475_SP00016" HPOS="1387" VPOS="913" WIDTH="13"/>
						<String ID="P475_ST00022" HPOS="1400" VPOS="876" WIDTH="94" HEIGHT="32" CONTENT="illness," WC="0.71" CC="10310526"/>
						<SP ID="P475_SP00017" HPOS="1494" VPOS="913" WIDTH="13"/>
						<String ID="P475_ST00023" HPOS="1507" VPOS="877" WIDTH="12" HEIGHT="26" CONTENT="I" WC="1.00" CC="0"/>
						<SP ID="P475_SP00018" HPOS="1519" VPOS="913" WIDTH="15"/>
						<String ID="P475_ST00024" HPOS="1534" VPOS="888" WIDTH="40" HEIGHT="15" CONTENT="am" WC="0.73" CC="05"/>
					</TextLine>
					<TextLine ID="P475_TL00006" HPOS="278" VPOS="921" WIDTH="1296" HEIGHT="38">
						<String ID="P475_ST00025" HPOS="278" VPOS="923" WIDTH="127" HEIGHT="26" CONTENT="indebted" WC="0.84" CC="52100010"/>
						<SP ID="P475_SP00019" HPOS="405" VPOS="949" WIDTH="13"/>
						<String ID="P475_ST00026" HPOS="418" VPOS="922" WIDTH="41" HEIGHT="27" CONTENT="for" WC="0.96" CC="100"/>
						<SP ID="P475_SP00020" HPOS="459" VPOS="949" WIDTH="13"/>
						<String ID="P475_ST00027" HPOS="472" VPOS="922" WIDTH="46" HEIGHT="27" CONTENT="the" WC="0.99" CC="000"/>
						<SP ID="P475_SP00021" HPOS="518" VPOS="949" WIDTH="18"/>
						<String ID="P475_ST00028" HPOS="536" VPOS="922" WIDTH="135" HEIGHT="37" CONTENT="following" WC="0.66" CC="602604540"/>
						<SP ID="P475_SP00022" HPOS="671" VPOS="959" WIDTH="14"/>
						<String ID="P475_ST00029" HPOS="685" VPOS="923" WIDTH="93" HEIGHT="26" CONTENT="record" WC="0.82" CC="600003"/>
						<SP ID="P475_SP00023" HPOS="778" VPOS="959" WIDTH="22"/>
						<String ID="P475_ST00030" HPOS="800" VPOS="924" WIDTH="56" HEIGHT="34" CONTENT="(the" WC="0.96" CC="0010"/>
						<SP ID="P475_SP00024" HPOS="856" VPOS="959" WIDTH="19"/>
						<String ID="P475_ST00031" HPOS="875" VPOS="924" WIDTH="63" HEIGHT="35" CONTENT="only" WC="0.60" CC="0077"/>
						<SP ID="P475_SP00025" HPOS="938" VPOS="959" WIDTH="17"/>
						<String ID="P475_ST00032" HPOS="955" VPOS="934" WIDTH="51" HEIGHT="15" CONTENT="one" WC="1.00" CC="000"/>
						<SP ID="P475_SP00026" HPOS="1006" VPOS="959" WIDTH="19"/>
						<String ID="P475_ST00033" HPOS="1025" VPOS="924" WIDTH="98" HEIGHT="32" CONTENT="saved,)" WC="0.84" CC="0000820"/>
						<SP ID="P475_SP00027" HPOS="1123" VPOS="959" WIDTH="21"/>
						<String ID="P475_ST00034" HPOS="1144" VPOS="924" WIDTH="32" HEIGHT="25" CONTENT="of" WC="0.65" CC="06"/>
						<SP ID="P475_SP00028" HPOS="1176" VPOS="959" WIDTH="17"/>
						<String ID="P475_ST00035" HPOS="1193" VPOS="923" WIDTH="174" HEIGHT="35" CONTENT="experiments" WC="0.80" CC="40700400301"/>
						<SP ID="P475_SP00029" HPOS="1367" VPOS="959" WIDTH="13"/>
						<String ID="P475_ST00036" HPOS="1380" VPOS="921" WIDTH="77" HEIGHT="27" CONTENT="made" WC="0.79" CC="1060"/>
						<SP ID="P475_SP00030" HPOS="1457" VPOS="959" WIDTH="17"/>
						<String ID="P475_ST00037" HPOS="1474" VPOS="932" WIDTH="34" HEIGHT="16" CONTENT="on" WC="1.00" CC="00"/>
						<SP ID="P475_SP00031" HPOS="1508" VPOS="959" WIDTH="23"/>
						<String ID="P475_ST00038" HPOS="1531" VPOS="923" WIDTH="43" HEIGHT="26" CONTENT="the" WC="0.89" CC="030"/>
					</TextLine>
					<TextLine ID="P475_TL00007" HPOS="277" VPOS="968" WIDTH="1297" HEIGHT="37">
						<String ID="P475_ST00039" HPOS="277" VPOS="969" WIDTH="106" HEIGHT="36" CONTENT="weight," WC="0.78" CC="7000205"/>
						<SP ID="P475_SP00032" HPOS="383" VPOS="1005" WIDTH="15"/>
						<String ID="P475_ST00040" HPOS="398" VPOS="975" WIDTH="186" HEIGHT="28" CONTENT="temperature," WC="0.73" CC="003803600306"/>
						<SP ID="P475_SP00033" HPOS="584" VPOS="1005" WIDTH="20"/>
						<String ID="P475_ST00041" HPOS="604" VPOS="969" WIDTH="53" HEIGHT="25" CONTENT="and" WC="0.63" CC="046"/>
						<SP ID="P475_SP00034" HPOS="657" VPOS="1005" WIDTH="13"/>
						<String ID="P475_ST00042" HPOS="670" VPOS="969" WIDTH="131" HEIGHT="35" CONTENT="humidity" WC="0.78" CC="00014406"/>
						<SP ID="P475_SP00035" HPOS="801" VPOS="1005" WIDTH="13"/>
						<String ID="P475_ST00043" HPOS="814" VPOS="969" WIDTH="31" HEIGHT="25" CONTENT="of" WC="1.00" CC="00"/>
						<SP ID="P475_SP00036" HPOS="845" VPOS="1005" WIDTH="16"/>
						<String ID="P475_ST00044" HPOS="861" VPOS="970" WIDTH="44" HEIGHT="25" CONTENT="the" WC="0.85" CC="040"/>
						<SP ID="P475_SP00037" HPOS="905" VPOS="1005" WIDTH="12"/>
						<String ID="P475_ST00045" HPOS="917" VPOS="971" WIDTH="47" HEIGHT="31" CONTENT="air," WC="0.73" CC="5004"/>
						<SP ID="P475_SP00038" HPOS="964" VPOS="1005" WIDTH="14"/>
						<String ID="P475_ST00046" HPOS="978" VPOS="971" WIDTH="99" HEIGHT="34" CONTENT="during" WC="0.60" CC="730570"/>
						<SP ID="P475_SP00039" HPOS="1077" VPOS="1005" WIDTH="12"/>
						<String ID="P475_ST00047" HPOS="1089" VPOS="980" WIDTH="51" HEIGHT="25" CONTENT="any" WC="0.54" CC="714"/>
						<SP ID="P475_SP00040" HPOS="1140" VPOS="1005" WIDTH="14"/>
						<String ID="P475_ST00048" HPOS="1154" VPOS="976" WIDTH="59" HEIGHT="28" CONTENT="part" WC="0.90" CC="3000"/>
						<SP ID="P475_SP00041" HPOS="1213" VPOS="1005" WIDTH="13"/>
						<String ID="P475_ST00049" HPOS="1226" VPOS="969" WIDTH="31" HEIGHT="26" CONTENT="of" WC="0.91" CC="10"/>
						<SP ID="P475_SP00042" HPOS="1257" VPOS="1005" WIDTH="7"/>
						<String ID="P475_ST00050" HPOS="1264" VPOS="978" WIDTH="50" HEIGHT="16" CONTENT="our" WC="1.00" CC="000"/>
						<SP ID="P475_SP00043" HPOS="1314" VPOS="1005" WIDTH="12"/>
						<String ID="P475_ST00051" HPOS="1326" VPOS="977" WIDTH="121" HEIGHT="27" CONTENT="progress" WC="0.69" CC="44105053"/>
						<SP ID="P475_SP00044" HPOS="1447" VPOS="1005" WIDTH="13"/>
						<String ID="P475_ST00052" HPOS="1460" VPOS="968" WIDTH="114" HEIGHT="36" CONTENT="through" WC="0.74" CC="5130204"/>
					</TextLine>
					<TextLine ID="P475_TL00008" HPOS="277" VPOS="1016" WIDTH="98" HEIGHT="26">
						<String ID="P475_ST00053" HPOS="277" VPOS="1016" WIDTH="98" HEIGHT="26" CONTENT="China." WC="0.91" CC="120000"/>
					</TextLine>
				</TextBlock>
				<ComposedBlock ID="P475_CB00001" HPOS="285" VPOS="1154" WIDTH="1216" HEIGHT="987" TYPE="Table">
					<TextBlock ID="P475_TB00006" HPOS="304" VPOS="1159" WIDTH="60" HEIGHT="46" STYLEREFS="TXT_2 PAR_LEFT">
						<TextLine ID="P475_TL00009" HPOS="304" VPOS="1159" WIDTH="60" HEIGHT="18">
							<String ID="P475_ST00054" HPOS="304" VPOS="1159" WIDTH="60" HEIGHT="18" CONTENT="Date." WC="0.39" CC="86572"/>
						</TextLine>
						<TextLine ID="P475_TL00010" HPOS="305" VPOS="1188" WIDTH="59" HEIGHT="17">
							<String ID="P475_ST00055" HPOS="305" VPOS="1188" WIDTH="59" HEIGHT="17" CONTENT="1816." WC="0.62" CC="21670"/>
						</TextLine>
					</TextBlock>
					<TextBlock ID="P475_TB00007" HPOS="486" VPOS="1169" WIDTH="67" HEIGHT="19" STYLEREFS="TXT_2 PAR_LEFT">
						<TextLine ID="P475_TL00011" HPOS="486" VPOS="1169" WIDTH="67" HEIGHT="19">
							<String ID="P475_ST00056" HPOS="486" VPOS="1169" WIDTH="67" HEIGHT="19" CONTENT="Hour." WC="0.56" CC="04664"/>
						</TextLine>
					</TextBlock>
					<TextBlock ID="P475_TB00008" HPOS="630" VPOS="1168" WIDTH="80" HEIGHT="19" STYLEREFS="TXT_2 PAR_LEFT">
						<TextLine ID="P475_TL00012" HPOS="630" VPOS="1168" WIDTH="80" HEIGHT="19">
							<String ID="P475_ST00057" HPOS="630" VPOS="1168" WIDTH="80" HEIGHT="19" CONTENT="Therm." WC="0.47" CC="087753"/>
						</TextLine>
					</TextBlock>
					<TextBlock ID="P475_TB00009" HPOS="778" VPOS="1169" WIDTH="46" HEIGHT="19" STYLEREFS="TXT_2 PAR_LEFT">
						<TextLine ID="P475_TL00013" HPOS="778" VPOS="1169" WIDTH="46" HEIGHT="19">
							<String ID="P475_ST00058" HPOS="778" VPOS="1169" WIDTH="46" HEIGHT="19" CONTENT="Bar." WC="0.61" CC="7610"/>
						</TextLine>
					</TextBlock>
					<TextBlock ID="P475_TB00010" HPOS="948" VPOS="1168" WIDTH="65" HEIGHT="25" STYLEREFS="TXT_2 PAR_RIGHT">
						<TextLine ID="P475_TL00014" HPOS="948" VPOS="1168" WIDTH="65" HEIGHT="25">
							<String ID="P475_ST00059" HPOS="948" VPOS="1168" WIDTH="65" HEIGHT="25" CONTENT="Hygr." WC="0.51" CC="06845"/>
						</TextLine>
					</TextBlock>
					<TextBlock ID="P475_TB00011" HPOS="1299" VPOS="1165" WIDTH="68" HEIGHT="19" STYLEREFS="TXT_2 PAR_RIGHT">
						<TextLine ID="P475_TL00015" HPOS="1299" VPOS="1165" WIDTH="68" HEIGHT="19">
							<String ID="P475_ST00060" HPOS="1299" VPOS="1165" WIDTH="68" HEIGHT="19" CONTENT="Wind." WC="0.61" CC="37800"/>
						</TextLine>
					</TextBlock>
					<TextBlock ID="P475_TB00012" HPOS="289" VPOS="1269" WIDTH="112" HEIGHT="34" STYLEREFS="TXT_2 PAR_LEFT">
						<TextLine ID="P475_TL00016" HPOS="289" VPOS="1269" WIDTH="112" HEIGHT="34">
							<String ID="P475_ST00061" HPOS="289" VPOS="1269" WIDTH="73" HEIGHT="34" CONTENT="Sept." WC="0.90" CC="01200"/>
							<SP ID="P475_SP00045" HPOS="362" VPOS="1303" WIDTH="24"/>
							<String ID="P475_ST00062" HPOS="386" VPOS="1270" WIDTH="15" HEIGHT="22" CONTENT="8" WC="0.46" CC="5"/>
						</TextLine>
					</TextBlock>
					<TextBlock ID="P475_TB00013" HPOS="455" VPOS="1265" WIDTH="121" HEIGHT="872" STYLEREFS="TXT_1 PAR_LEFT">
						<TextLine ID="P475_TL00017" HPOS="459" VPOS="1265" WIDTH="117" HEIGHT="32">
							<String ID="P475_ST00063" HPOS="459" VPOS="1268" WIDTH="14" HEIGHT="29" CONTENT="7" WC="0.46" CC="5"/>
							<SP ID="P475_SP00046" HPOS="473" VPOS="1297" WIDTH="18"/>
							<String ID="P475_ST00064" HPOS="491" VPOS="1265" WIDTH="85" HEIGHT="25" CONTENT="A.M." WC="0.94" CC="0200"/>
						</TextLine>
						<TextLine ID="P475_TL00018" HPOS="474" VPOS="1302" WIDTH="87" HEIGHT="25">
							<String ID="P475_ST00065" HPOS="474" VPOS="1302" WIDTH="87" HEIGHT="25" CONTENT="Noon." WC="0.86" CC="06000"/>
						</TextLine>
						<TextLine ID="P475_TL00019" HPOS="461" VPOS="1338" WIDTH="114" HEIGHT="26">
							<String ID="P475_ST00066" HPOS="461" VPOS="1341" WIDTH="16" HEIGHT="23" CONTENT="6" WC="0.19" CC="8"/>
							<SP ID="P475_SP00047" HPOS="477" VPOS="1364" WIDTH="17"/>
							<String ID="P475_ST00067" HPOS="494" VPOS="1338" WIDTH="28" HEIGHT="26" CONTENT="P." WC="0.65" CC="42"/>
							<SP ID="P475_SP00048" HPOS="522" VPOS="1364" WIDTH="13"/>
							<String ID="P475_ST00068" HPOS="535" VPOS="1338" WIDTH="40" HEIGHT="26" CONTENT="M." WC="0.97" CC="00"/>
						</TextLine>
						<TextLine ID="P475_TL00020" HPOS="455" VPOS="1374" WIDTH="119" HEIGHT="26">
							<String ID="P475_ST00069" HPOS="455" VPOS="1378" WIDTH="16" HEIGHT="22" CONTENT="6" WC="0.15" CC="8"/>
							<SP ID="P475_SP00049" HPOS="471" VPOS="1400" WIDTH="16"/>
							<String ID="P475_ST00070" HPOS="487" VPOS="1374" WIDTH="87" HEIGHT="25" CONTENT="A.M." WC="0.97" CC="1000"/>
						</TextLine>
						<TextLine ID="P475_TL00021" HPOS="474" VPOS="1411" WIDTH="87" HEIGHT="25">
							<String ID="P475_ST00071" HPOS="474" VPOS="1411" WIDTH="87" HEIGHT="25" CONTENT="Noon." WC="0.76" CC="18020"/>
						</TextLine>
						<TextLine ID="P475_TL00022" HPOS="459" VPOS="1447" WIDTH="114" HEIGHT="26">
							<String ID="P475_ST00072" HPOS="459" VPOS="1451" WIDTH="16" HEIGHT="22" CONTENT="6" WC="0.20" CC="7"/>
							<SP ID="P475_SP00050" HPOS="475" VPOS="1473" WIDTH="18"/>
							<String ID="P475_ST00073" HPOS="493" VPOS="1447" WIDTH="29" HEIGHT="26" CONTENT="P." WC="0.96" CC="00"/>
							<SP ID="P475_SP00051" HPOS="522" VPOS="1473" WIDTH="11"/>
							<String ID="P475_ST00074" HPOS="533" VPOS="1447" WIDTH="40" HEIGHT="25" CONTENT="M." WC="0.97" CC="00"/>
						</TextLine>
						<TextLine ID="P475_TL00023" HPOS="460" VPOS="1483" WIDTH="112" HEIGHT="31">
							<String ID="P475_ST00075" HPOS="460" VPOS="1487" WIDTH="13" HEIGHT="27" CONTENT="7" WC="0.13" CC="8"/>
							<SP ID="P475_SP00052" HPOS="473" VPOS="1514" WIDTH="15"/>
							<String ID="P475_ST00076" HPOS="488" VPOS="1483" WIDTH="84" HEIGHT="26" CONTENT="A.M." WC="0.86" CC="5000"/>
						</TextLine>
						<TextLine ID="P475_TL00024" HPOS="472" VPOS="1520" WIDTH="88" HEIGHT="26">
							<String ID="P475_ST00077" HPOS="472" VPOS="1520" WIDTH="88" HEIGHT="26" CONTENT="Noon." WC="0.69" CC="67100"/>
						</TextLine>
						<TextLine ID="P475_TL00025" HPOS="458" VPOS="1557" WIDTH="114" HEIGHT="26">
							<String ID="P475_ST00078" HPOS="458" VPOS="1561" WIDTH="15" HEIGHT="22" CONTENT="6" WC="0.71" CC="2"/>
							<SP ID="P475_SP00053" HPOS="473" VPOS="1583" WIDTH="19"/>
							<String ID="P475_ST00079" HPOS="492" VPOS="1557" WIDTH="80" HEIGHT="25" CONTENT="P.M." WC="0.79" CC="6001"/>
						</TextLine>
						<TextLine ID="P475_TL00026" HPOS="457" VPOS="1593" WIDTH="114" HEIGHT="26">
							<String ID="P475_ST00080" HPOS="457" VPOS="1597" WIDTH="16" HEIGHT="22" CONTENT="6" WC="0.15" CC="8"/>
							<SP ID="P475_SP00054" HPOS="473" VPOS="1619" WIDTH="17"/>
							<String ID="P475_ST00081" HPOS="490" VPOS="1593" WIDTH="81" HEIGHT="25" CONTENT="A.M." WC="0.89" CC="0300"/>
						</TextLine>
						<TextLine ID="P475_TL00027" HPOS="472" VPOS="1630" WIDTH="87" HEIGHT="26">
							<String ID="P475_ST00082" HPOS="472" VPOS="1630" WIDTH="87" HEIGHT="26" CONTENT="Noon." WC="0.76" CC="00027"/>
						</TextLine>
						<TextLine ID="P475_TL00028" HPOS="457" VPOS="1666" WIDTH="114" HEIGHT="26">
							<String ID="P475_ST00083" HPOS="457" VPOS="1670" WIDTH="15" HEIGHT="22" CONTENT="6" WC="0.19" CC="8"/>
							<SP ID="P475_SP00055" HPOS="472" VPOS="1692" WIDTH="18"/>
							<String ID="P475_ST00084" HPOS="490" VPOS="1666" WIDTH="81" HEIGHT="26" CONTENT="P.M." WC="0.90" CC="4000"/>
						</TextLine>
						<TextLine ID="P475_TL00029" HPOS="458" VPOS="1702" WIDTH="115" HEIGHT="27">
							<String ID="P475_ST00085" HPOS="458" VPOS="1707" WIDTH="15" HEIGHT="22" CONTENT="6" WC="0.51" CC="4"/>
							<SP ID="P475_SP00056" HPOS="473" VPOS="1729" WIDTH="14"/>
							<String ID="P475_ST00086" HPOS="487" VPOS="1702" WIDTH="86" HEIGHT="27" CONTENT="A.M." WC="1.00" CC="0000"/>
						</TextLine>
						<TextLine ID="P475_TL00030" HPOS="471" VPOS="1740" WIDTH="88" HEIGHT="26">
							<String ID="P475_ST00087" HPOS="471" VPOS="1740" WIDTH="88" HEIGHT="26" CONTENT="Noon." WC="0.65" CC="65410"/>
						</TextLine>
						<TextLine ID="P475_TL00031" HPOS="457" VPOS="1775" WIDTH="116" HEIGHT="27">
							<String ID="P475_ST00088" HPOS="457" VPOS="1782" WIDTH="15" HEIGHT="20" CONTENT="6" WC="0.15" CC="8"/>
							<SP ID="P475_SP00057" HPOS="472" VPOS="1802" WIDTH="18"/>
							<String ID="P475_ST00089" HPOS="490" VPOS="1775" WIDTH="83" HEIGHT="27" CONTENT="P.M." WC="0.94" CC="2000"/>
						</TextLine>
						<TextLine ID="P475_TL00032" HPOS="455" VPOS="1813" WIDTH="118" HEIGHT="27">
							<String ID="P475_ST00090" HPOS="455" VPOS="1818" WIDTH="17" HEIGHT="22" CONTENT="6" WC="1.00" CC="0"/>
							<SP ID="P475_SP00058" HPOS="472" VPOS="1840" WIDTH="16"/>
							<String ID="P475_ST00091" HPOS="488" VPOS="1813" WIDTH="85" HEIGHT="26" CONTENT="A.M." WC="0.89" CC="4000"/>
						</TextLine>
						<TextLine ID="P475_TL00033" HPOS="470" VPOS="1850" WIDTH="90" HEIGHT="27">
							<String ID="P475_ST00092" HPOS="470" VPOS="1850" WIDTH="90" HEIGHT="27" CONTENT="Noon." WC="0.60" CC="40445"/>
						</TextLine>
						<TextLine ID="P475_TL00034" HPOS="459" VPOS="1886" WIDTH="116" HEIGHT="28">
							<String ID="P475_ST00093" HPOS="459" VPOS="1892" WIDTH="15" HEIGHT="22" CONTENT="6" WC="0.14" CC="8"/>
							<SP ID="P475_SP00059" HPOS="474" VPOS="1914" WIDTH="16"/>
							<String ID="P475_ST00094" HPOS="490" VPOS="1886" WIDTH="85" HEIGHT="27" CONTENT="P.M." WC="0.72" CC="8101"/>
						</TextLine>
						<TextLine ID="P475_TL00035" HPOS="458" VPOS="1923" WIDTH="116" HEIGHT="33">
							<String ID="P475_ST00095" HPOS="458" VPOS="1929" WIDTH="14" HEIGHT="27" CONTENT="7" WC="0.15" CC="8"/>
							<SP ID="P475_SP00060" HPOS="472" VPOS="1956" WIDTH="17"/>
							<String ID="P475_ST00096" HPOS="489" VPOS="1923" WIDTH="85" HEIGHT="27" CONTENT="A.M." WC="0.88" CC="4000"/>
						</TextLine>
						<TextLine ID="P475_TL00036" HPOS="470" VPOS="1962" WIDTH="89" HEIGHT="26">
							<String ID="P475_ST00097" HPOS="470" VPOS="1962" WIDTH="89" HEIGHT="26" CONTENT="Noon." WC="0.43" CC="66770"/>
						</TextLine>
						<TextLine ID="P475_TL00037" HPOS="457" VPOS="1998" WIDTH="114" HEIGHT="28">
							<String ID="P475_ST00098" HPOS="457" VPOS="2004" WIDTH="16" HEIGHT="22" CONTENT="6" WC="0.16" CC="8"/>
							<SP ID="P475_SP00061" HPOS="473" VPOS="2026" WIDTH="16"/>
							<String ID="P475_ST00099" HPOS="489" VPOS="1998" WIDTH="82" HEIGHT="27" CONTENT="P.M." WC="0.83" CC="6000"/>
						</TextLine>
						<TextLine ID="P475_TL00038" HPOS="456" VPOS="2034" WIDTH="118" HEIGHT="29">
							<String ID="P475_ST00100" HPOS="456" VPOS="2041" WIDTH="16" HEIGHT="22" CONTENT="6" WC="0.16" CC="8"/>
							<SP ID="P475_SP00062" HPOS="472" VPOS="2063" WIDTH="15"/>
							<String ID="P475_ST00101" HPOS="487" VPOS="2034" WIDTH="87" HEIGHT="29" CONTENT="A.M." WC="0.75" CC="6300"/>
						</TextLine>
						<TextLine ID="P475_TL00039" HPOS="471" VPOS="2074" WIDTH="89" HEIGHT="27">
							<String ID="P475_ST00102" HPOS="471" VPOS="2074" WIDTH="89" HEIGHT="27" CONTENT="Noon." WC="0.69" CC="70520"/>
						</TextLine>
						<TextLine ID="P475_TL00040" HPOS="459" VPOS="2109" WIDTH="113" HEIGHT="28">
							<String ID="P475_ST00103" HPOS="459" VPOS="2115" WIDTH="16" HEIGHT="22" CONTENT="6" WC="0.21" CC="7"/>
							<SP ID="P475_SP00063" HPOS="475" VPOS="2137" WIDTH="15"/>
							<String ID="P475_ST00104" HPOS="490" VPOS="2109" WIDTH="82" HEIGHT="28" CONTENT="P.M." WC="0.70" CC="7111"/>
						</TextLine>
					</TextBlock>
					<TextBlock ID="P475_TB00014" HPOS="629" VPOS="1264" WIDTH="88" HEIGHT="572" STYLEREFS="TXT_2 PAR_LEFT">
						<TextLine ID="P475_TL00041" HPOS="632" VPOS="1264" WIDTH="85" HEIGHT="29">
							<String ID="P475_ST00105" HPOS="632" VPOS="1265" WIDTH="42" HEIGHT="28" CONTENT="67." WC="0.47" CC="860"/>
							<SP ID="P475_SP00064" HPOS="674" VPOS="1293" WIDTH="14"/>
							<String ID="P475_ST00106" HPOS="688" VPOS="1264" WIDTH="29" HEIGHT="25" CONTENT="F." WC="0.96" CC="00"/>
						</TextLine>
						<TextLine ID="P475_TL00042" HPOS="633" VPOS="1303" WIDTH="43" HEIGHT="27">
							<String ID="P475_ST00107" HPOS="633" VPOS="1303" WIDTH="43" HEIGHT="27" CONTENT="77." WC="0.32" CC="874"/>
						</TextLine>
						<TextLine ID="P475_TL00043" HPOS="633" VPOS="1339" WIDTH="42" HEIGHT="25">
							<String ID="P475_ST00108" HPOS="633" VPOS="1339" WIDTH="42" HEIGHT="25" CONTENT="76." WC="0.50" CC="680"/>
						</TextLine>
						<TextLine ID="P475_TL00044" HPOS="632" VPOS="1375" WIDTH="44" HEIGHT="23">
							<String ID="P475_ST00109" HPOS="632" VPOS="1375" WIDTH="44" HEIGHT="23" CONTENT="68." WC="0.58" CC="560"/>
						</TextLine>
						<TextLine ID="P475_TL00045" HPOS="632" VPOS="1410" WIDTH="43" HEIGHT="29">
							<String ID="P475_ST00110" HPOS="632" VPOS="1410" WIDTH="43" HEIGHT="29" CONTENT="79." WC="0.30" CC="784"/>
						</TextLine>
						<TextLine ID="P475_TL00046" HPOS="632" VPOS="1448" WIDTH="43" HEIGHT="24">
							<String ID="P475_ST00111" HPOS="632" VPOS="1448" WIDTH="43" HEIGHT="24" CONTENT="76." WC="0.67" CC="810"/>
						</TextLine>
						<TextLine ID="P475_TL00047" HPOS="632" VPOS="1483" WIDTH="45" HEIGHT="28">
							<String ID="P475_ST00112" HPOS="632" VPOS="1483" WIDTH="45" HEIGHT="28" CONTENT="75." WC="0.35" CC="774"/>
						</TextLine>
						<TextLine ID="P475_TL00048" HPOS="631" VPOS="1520" WIDTH="43" HEIGHT="23">
							<String ID="P475_ST00113" HPOS="631" VPOS="1520" WIDTH="43" HEIGHT="23" CONTENT="80." WC="0.85" CC="003"/>
						</TextLine>
						<TextLine ID="P475_TL00049" HPOS="630" VPOS="1557" WIDTH="43" HEIGHT="22">
							<String ID="P475_ST00114" HPOS="630" VPOS="1557" WIDTH="43" HEIGHT="22" CONTENT="84." WC="0.72" CC="080"/>
						</TextLine>
						<TextLine ID="P475_TL00050" HPOS="629" VPOS="1593" WIDTH="43" HEIGHT="23">
							<String ID="P475_ST00115" HPOS="629" VPOS="1593" WIDTH="43" HEIGHT="23" CONTENT="68." WC="0.62" CC="613"/>
						</TextLine>
						<TextLine ID="P475_TL00051" HPOS="629" VPOS="1629" WIDTH="43" HEIGHT="23">
							<String ID="P475_ST00116" HPOS="629" VPOS="1629" WIDTH="43" HEIGHT="23" CONTENT="80." WC="0.79" CC="203"/>
						</TextLine>
						<TextLine ID="P475_TL00052" HPOS="629" VPOS="1664" WIDTH="43" HEIGHT="30">
							<String ID="P475_ST00117" HPOS="629" VPOS="1664" WIDTH="43" HEIGHT="30" CONTENT="76." WC="0.61" CC="560"/>
						</TextLine>
						<TextLine ID="P475_TL00053" HPOS="629" VPOS="1701" WIDTH="43" HEIGHT="30">
							<String ID="P475_ST00118" HPOS="629" VPOS="1701" WIDTH="43" HEIGHT="30" CONTENT="70." WC="0.81" CC="500"/>
						</TextLine>
						<TextLine ID="P475_TL00054" HPOS="629" VPOS="1740" WIDTH="44" HEIGHT="27">
							<String ID="P475_ST00119" HPOS="629" VPOS="1740" WIDTH="44" HEIGHT="27" CONTENT="78." WC="0.82" CC="130"/>
						</TextLine>
						<TextLine ID="P475_TL00055" HPOS="630" VPOS="1775" WIDTH="43" HEIGHT="29">
							<String ID="P475_ST00120" HPOS="630" VPOS="1775" WIDTH="43" HEIGHT="29" CONTENT="76." WC="0.53" CC="670"/>
						</TextLine>
						<TextLine ID="P475_TL00056" HPOS="629" VPOS="1813" WIDTH="44" HEIGHT="23">
							<String ID="P475_ST00121" HPOS="629" VPOS="1813" WIDTH="44" HEIGHT="23" CONTENT="68." WC="0.49" CC="680"/>
						</TextLine>
					</TextBlock>
					<TextBlock ID="P475_TB00015" HPOS="760" VPOS="1267" WIDTH="82" HEIGHT="23" STYLEREFS="TXT_2 PAR_LEFT">
						<TextLine ID="P475_TL00057" HPOS="760" VPOS="1267" WIDTH="82" HEIGHT="23">
							<String ID="P475_ST00122" HPOS="760" VPOS="1267" WIDTH="82" HEIGHT="23" CONTENT="29.83" WC="0.58" CC="88003"/>
						</TextLine>
					</TextBlock>
					<TextBlock ID="P475_TB00016" HPOS="1299" VPOS="1259" WIDTH="70" HEIGHT="28" STYLEREFS="TXT_1 PAR_RIGHT">
						<TextLine ID="P475_TL00058" HPOS="1299" VPOS="1259" WIDTH="70" HEIGHT="28">
							<String ID="P475_ST00123" HPOS="1299" VPOS="1259" WIDTH="70" HEIGHT="28" CONTENT="S.E." WC="0.94" CC="2000"/>
						</TextLine>
					</TextBlock>
					<TextBlock ID="P475_TB00017" HPOS="386" VPOS="1380" WIDTH="16" HEIGHT="22" STYLEREFS="TXT_1 PAR_LEFT">
						<TextLine ID="P475_TL00059" HPOS="386" VPOS="1380" WIDTH="16" HEIGHT="22">
							<String ID="P475_ST00124" HPOS="386" VPOS="1380" WIDTH="16" HEIGHT="22" CONTENT="9" WC="0.69" CC="3"/>
						</TextLine>
					</TextBlock>
					<TextBlock ID="P475_TB00018" HPOS="760" VPOS="1375" WIDTH="62" HEIGHT="23" STYLEREFS="TXT_2 PAR_LEFT">
						<TextLine ID="P475_TL00060" HPOS="760" VPOS="1375" WIDTH="62" HEIGHT="23">
							<String ID="P475_ST00125" HPOS="760" VPOS="1375" WIDTH="62" HEIGHT="23" CONTENT="29.8" WC="0.73" CC="4203"/>
						</TextLine>
					</TextBlock>
					<TextBlock ID="P475_TB00019" HPOS="1288" VPOS="1367" WIDTH="92" HEIGHT="27" STYLEREFS="TXT_1 PAR_RIGHT">
						<TextLine ID="P475_TL00061" HPOS="1288" VPOS="1367" WIDTH="92" HEIGHT="27">
							<String ID="P475_ST00126" HPOS="1288" VPOS="1367" WIDTH="92" HEIGHT="27" CONTENT="N.W." WC="0.84" CC="6000"/>
						</TextLine>
					</TextBlock>
					<TextBlock ID="P475_TB00020" HPOS="368" VPOS="1489" WIDTH="33" HEIGHT="22" STYLEREFS="TXT_1 PAR_LEFT">
						<TextLine ID="P475_TL00062" HPOS="368" VPOS="1489" WIDTH="33" HEIGHT="22">
							<String ID="P475_ST00127" HPOS="368" VPOS="1489" WIDTH="33" HEIGHT="22" CONTENT="10" WC="1.00" CC="00"/>
						</TextLine>
					</TextBlock>
					<TextBlock ID="P475_TB00021" HPOS="759" VPOS="1481" WIDTH="82" HEIGHT="29" STYLEREFS="TXT_2 PAR_LEFT">
						<TextLine ID="P475_TL00063" HPOS="759" VPOS="1481" WIDTH="82" HEIGHT="29">
							<String ID="P475_ST00128" HPOS="759" VPOS="1481" WIDTH="82" HEIGHT="29" CONTENT="29.76" WC="0.41" CC="57168"/>
						</TextLine>
					</TextBlock>
					<TextBlock ID="P475_TB00022" HPOS="1291" VPOS="1475" WIDTH="87" HEIGHT="27" STYLEREFS="TXT_1 PAR_RIGHT">
						<TextLine ID="P475_TL00064" HPOS="1291" VPOS="1475" WIDTH="87" HEIGHT="27">
							<String ID="P475_ST00129" HPOS="1291" VPOS="1476" WIDTH="26" HEIGHT="26" CONTENT="S." WC="0.93" CC="10"/>
							<SP ID="P475_SP00065" HPOS="1317" VPOS="1502" WIDTH="13"/>
							<String ID="P475_ST00130" HPOS="1330" VPOS="1475" WIDTH="48" HEIGHT="27" CONTENT="W." WC="1.00" CC="00"/>
						</TextLine>
					</TextBlock>
					<TextBlock ID="P475_TB00023" HPOS="367" VPOS="1598" WIDTH="29" HEIGHT="23" STYLEREFS="TXT_1 PAR_LEFT">
						<TextLine ID="P475_TL00065" HPOS="367" VPOS="1598" WIDTH="29" HEIGHT="23">
							<String ID="P475_ST00131" HPOS="367" VPOS="1598" WIDTH="29" HEIGHT="23" CONTENT="11" WC="1.00" CC="00"/>
						</TextLine>
					</TextBlock>
					<TextBlock ID="P475_TB00024" HPOS="759" VPOS="1553" WIDTH="82" HEIGHT="29" STYLEREFS="TXT_2 PAR_LEFT">
						<TextLine ID="P475_TL00066" HPOS="759" VPOS="1553" WIDTH="82" HEIGHT="29">
							<String ID="P475_ST00132" HPOS="759" VPOS="1553" WIDTH="82" HEIGHT="29" CONTENT="29.72" WC="0.52" CC="27076"/>
						</TextLine>
					</TextBlock>
					<TextBlock ID="P475_TB00025" HPOS="1173" VPOS="1547" WIDTH="326" HEIGHT="37" STYLEREFS="TXT_2 PAR_RIGHT">
						<TextLine ID="P475_TL00067" HPOS="1173" VPOS="1547" WIDTH="326" HEIGHT="37">
							<String ID="P475_ST00133" HPOS="1173" VPOS="1550" WIDTH="33" HEIGHT="26" CONTENT="N." WC="0.67" CC="60"/>
							<SP ID="P475_SP00066" HPOS="1206" VPOS="1576" WIDTH="13"/>
							<String ID="P475_ST00134" HPOS="1219" VPOS="1549" WIDTH="32" HEIGHT="26" CONTENT="E." WC="0.79" CC="04"/>
							<SP ID="P475_SP00067" HPOS="1251" VPOS="1576" WIDTH="14"/>
							<String ID="P475_ST00135" HPOS="1265" VPOS="1557" WIDTH="62" HEIGHT="27" CONTENT="very" WC="0.69" CC="0055"/>
							<SP ID="P475_SP00068" HPOS="1327" VPOS="1584" WIDTH="12"/>
							<String ID="P475_ST00136" HPOS="1339" VPOS="1548" WIDTH="83" HEIGHT="35" CONTENT="heavy" WC="0.79" CC="00107"/>
							<SP ID="P475_SP00069" HPOS="1422" VPOS="1584" WIDTH="14"/>
							<String ID="P475_ST00137" HPOS="1436" VPOS="1547" WIDTH="63" HEIGHT="26" CONTENT="dew." WC="1.00" CC="0000"/>
						</TextLine>
					</TextBlock>
					<TextBlock ID="P475_TB00026" HPOS="364" VPOS="1710" WIDTH="35" HEIGHT="22" STYLEREFS="TXT_1 PAR_LEFT">
						<TextLine ID="P475_TL00068" HPOS="364" VPOS="1710" WIDTH="35" HEIGHT="22">
							<String ID="P475_ST00138" HPOS="364" VPOS="1710" WIDTH="35" HEIGHT="22" CONTENT="12" WC="0.38" CC="74"/>
						</TextLine>
					</TextBlock>
					<TextBlock ID="P475_TB00027" HPOS="756" VPOS="1700" WIDTH="83" HEIGHT="23" STYLEREFS="TXT_2 PAR_LEFT">
						<TextLine ID="P475_TL00069" HPOS="756" VPOS="1700" WIDTH="83" HEIGHT="23">
							<String ID="P475_ST00139" HPOS="756" VPOS="1700" WIDTH="83" HEIGHT="23" CONTENT="29.80" WC="0.50" CC="77073"/>
						</TextLine>
					</TextBlock>
					<TextBlock ID="P475_TB00028" HPOS="1290" VPOS="1693" WIDTH="85" HEIGHT="27" STYLEREFS="TXT_1 PAR_RIGHT">
						<TextLine ID="P475_TL00070" HPOS="1290" VPOS="1693" WIDTH="85" HEIGHT="27">
							<String ID="P475_ST00140" HPOS="1290" VPOS="1693" WIDTH="85" HEIGHT="27" CONTENT="S.W." WC="1.00" CC="0000"/>
						</TextLine>
					</TextBlock>
					<TextBlock ID="P475_TB00029" HPOS="366" VPOS="1819" WIDTH="32" HEIGHT="24" STYLEREFS="TXT_1 PAR_LEFT">
						<TextLine ID="P475_TL00071" HPOS="366" VPOS="1819" WIDTH="32" HEIGHT="24">
							<String ID="P475_ST00141" HPOS="366" VPOS="1819" WIDTH="32" HEIGHT="24" CONTENT="13" WC="0.66" CC="06"/>
						</TextLine>
					</TextBlock>
					<TextBlock ID="P475_TB00030" HPOS="758" VPOS="1809" WIDTH="79" HEIGHT="24" STYLEREFS="TXT_2 PAR_LEFT">
						<TextLine ID="P475_TL00072" HPOS="758" VPOS="1809" WIDTH="79" HEIGHT="24">
							<String ID="P475_ST00142" HPOS="758" VPOS="1809" WIDTH="79" HEIGHT="24" CONTENT="29.85" WC="0.51" CC="57073"/>
						</TextLine>
					</TextBlock>
					<TextBlock ID="P475_TB00031" HPOS="1294" VPOS="1800" WIDTH="70" HEIGHT="28" STYLEREFS="TXT_1 PAR_RIGHT">
						<TextLine ID="P475_TL00073" HPOS="1294" VPOS="1800" WIDTH="70" HEIGHT="28">
							<String ID="P475_ST00143" HPOS="1294" VPOS="1801" WIDTH="26" HEIGHT="27" CONTENT="S." WC="0.78" CC="40"/>
							<SP ID="P475_SP00070" HPOS="1320" VPOS="1828" WIDTH="13"/>
							<String ID="P475_ST00144" HPOS="1333" VPOS="1800" WIDTH="31" HEIGHT="28" CONTENT="E." WC="1.00" CC="00"/>
						</TextLine>
					</TextBlock>
					<TextBlock ID="P475_TB00032" HPOS="366" VPOS="1931" WIDTH="33" HEIGHT="23" STYLEREFS="TXT_1 PAR_LEFT">
						<TextLine ID="P475_TL00074" HPOS="366" VPOS="1931" WIDTH="33" HEIGHT="23">
							<String ID="P475_ST00145" HPOS="366" VPOS="1931" WIDTH="33" HEIGHT="23" CONTENT="14" WC="0.75" CC="50"/>
						</TextLine>
					</TextBlock>
					<TextBlock ID="P475_TB00033" HPOS="629" VPOS="1850" WIDTH="44" HEIGHT="208" STYLEREFS="TXT_2 PAR_LEFT">
						<TextLine ID="P475_TL00075" HPOS="630" VPOS="1850" WIDTH="43" HEIGHT="28">
							<String ID="P475_ST00146" HPOS="630" VPOS="1850" WIDTH="43" HEIGHT="28" CONTENT="82.." WC="0.44" CC="3774"/>
						</TextLine>
						<TextLine ID="P475_TL00076" HPOS="629" VPOS="1887" WIDTH="43" HEIGHT="23">
							<String ID="P475_ST00147" HPOS="629" VPOS="1887" WIDTH="43" HEIGHT="23" CONTENT="80." WC="0.59" CC="740"/>
						</TextLine>
						<TextLine ID="P475_TL00077" HPOS="630" VPOS="1922" WIDTH="42" HEIGHT="29">
							<String ID="P475_ST00148" HPOS="630" VPOS="1922" WIDTH="42" HEIGHT="29" CONTENT="67-" WC="0.23" CC="886"/>
						</TextLine>
						<TextLine ID="P475_TL00078" HPOS="631" VPOS="1960" WIDTH="42" HEIGHT="23">
							<String ID="P475_ST00149" HPOS="631" VPOS="1960" WIDTH="42" HEIGHT="23" CONTENT="80." WC="0.68" CC="620"/>
						</TextLine>
						<TextLine ID="P475_TL00079" HPOS="631" VPOS="1996" WIDTH="42" HEIGHT="29">
							<String ID="P475_ST00150" HPOS="631" VPOS="1996" WIDTH="42" HEIGHT="29" CONTENT="79." WC="0.40" CC="682"/>
						</TextLine>
						<TextLine ID="P475_TL00080" HPOS="630" VPOS="2035" WIDTH="43" HEIGHT="23">
							<String ID="P475_ST00151" HPOS="630" VPOS="2035" WIDTH="43" HEIGHT="23" CONTENT="65." WC="0.87" CC="300"/>
						</TextLine>
					</TextBlock>
					<TextBlock ID="P475_TB00034" HPOS="759" VPOS="1919" WIDTH="77" HEIGHT="24" STYLEREFS="TXT_2 PAR_LEFT">
						<TextLine ID="P475_TL00081" HPOS="759" VPOS="1919" WIDTH="77" HEIGHT="24">
							<String ID="P475_ST00152" HPOS="759" VPOS="1919" WIDTH="77" HEIGHT="24" CONTENT="29.81" WC="0.54" CC="78005"/>
						</TextLine>
					</TextBlock>
					<TextBlock ID="P475_TB00035" HPOS="1295" VPOS="1910" WIDTH="80" HEIGHT="27" STYLEREFS="TXT_1 PAR_RIGHT">
						<TextLine ID="P475_TL00082" HPOS="1295" VPOS="1910" WIDTH="80" HEIGHT="27">
							<String ID="P475_ST00153" HPOS="1295" VPOS="1910" WIDTH="80" HEIGHT="27" CONTENT="N.E." WC="0.85" CC="5000"/>
						</TextLine>
					</TextBlock>
					<TextBlock ID="P475_TB00036" HPOS="365" VPOS="2043" WIDTH="32" HEIGHT="23" STYLEREFS="TXT_1 PAR_LEFT">
						<TextLine ID="P475_TL00083" HPOS="365" VPOS="2043" WIDTH="32" HEIGHT="23">
							<String ID="P475_ST00154" HPOS="365" VPOS="2043" WIDTH="32" HEIGHT="23" CONTENT="15" WC="0.69" CC="41"/>
						</TextLine>
					</TextBlock>
					<TextBlock ID="P475_TB00037" HPOS="758" VPOS="2030" WIDTH="82" HEIGHT="24" STYLEREFS="TXT_2 PAR_LEFT">
						<TextLine ID="P475_TL00084" HPOS="758" VPOS="2030" WIDTH="82" HEIGHT="24">
							<String ID="P475_ST00155" HPOS="758" VPOS="2030" WIDTH="82" HEIGHT="24" CONTENT="29.64" WC="0.42" CC="67078"/>
						</TextLine>
					</TextBlock>
					<TextBlock ID="P475_TB00038" HPOS="1218" VPOS="2020" WIDTH="238" HEIGHT="28" STYLEREFS="TXT_1 PAR_RIGHT">
						<TextLine ID="P475_TL00085" HPOS="1218" VPOS="2020" WIDTH="238" HEIGHT="28">
							<String ID="P475_ST00156" HPOS="1218" VPOS="2020" WIDTH="26" HEIGHT="27" CONTENT="S." WC="0.85" CC="20"/>
							<SP ID="P475_SP00071" HPOS="1244" VPOS="2047" WIDTH="15"/>
							<String ID="P475_ST00157" HPOS="1259" VPOS="2021" WIDTH="47" HEIGHT="27" CONTENT="W." WC="1.00" CC="00"/>
							<SP ID="P475_SP00072" HPOS="1306" VPOS="2048" WIDTH="16"/>
							<String ID="P475_ST00158" HPOS="1322" VPOS="2025" WIDTH="28" HEIGHT="22" CONTENT="to" WC="1.00" CC="00"/>
							<SP ID="P475_SP00073" HPOS="1350" VPOS="2048" WIDTH="10"/>
							<String ID="P475_ST00159" HPOS="1360" VPOS="2020" WIDTH="34" HEIGHT="27" CONTENT="N." WC="0.75" CC="50"/>
							<SP ID="P475_SP00074" HPOS="1394" VPOS="2048" WIDTH="11"/>
							<String ID="P475_ST00160" HPOS="1405" VPOS="2020" WIDTH="51" HEIGHT="26" CONTENT="W." WC="1.00" CC="00"/>
						</TextLine>
					</TextBlock>
					<TextBlock ID="P475_TB00039" HPOS="630" VPOS="2072" WIDTH="45" HEIGHT="61" STYLEREFS="TXT_2 PAR_LEFT">
						<TextLine ID="P475_TL00086" HPOS="630" VPOS="2072" WIDTH="45" HEIGHT="24">
							<String ID="P475_ST00161" HPOS="630" VPOS="2072" WIDTH="45" HEIGHT="24" CONTENT="82." WC="0.81" CC="050"/>
						</TextLine>
						<TextLine ID="P475_TL00087" HPOS="632" VPOS="2110" WIDTH="42" HEIGHT="23">
							<String ID="P475_ST00162" HPOS="632" VPOS="2110" WIDTH="42" HEIGHT="23" CONTENT="80." WC="0.75" CC="150"/>
						</TextLine>
					</TextBlock>
				</ComposedBlock>
			</PrintSpace>
		</Page>
	</Layout>
</alto>
