<?xml version="1.0" encoding="UTF-8"?>
<alto xmlns:xsi="http://www.w3.org/2001/XMLSchema-instance" xsi:noNamespaceSchemaLocation="http://www.bl.uk/schemas/alto/alto-1-4.xsd" xmlns:xlink="http://www.w3.org/1999/xlink">
	<Description>
		<MeasurementUnit>mm10</MeasurementUnit>
		<sourceImageInformation>
			<fileName>//head1/IN/2008-13/A0011342463/003051.jp2</fileName>
		</sourceImageInformation>
		<OCRProcessing ID="OCRPROCESSING_1">
			<preProcessingStep>
				<processingSoftware>
					<softwareCreator>CCS Content Conversion Specialists GmbH, Germany</softwareCreator>
					<softwareName>CCS docWORKS</softwareName>
					<softwareVersion>6.1-0.67</softwareVersion>
				</processingSoftware>
			</preProcessingStep>
			<ocrProcessingStep>
				<processingSoftware>
					<softwareCreator>ABBYY (BIT Software), Russia</softwareCreator>
					<softwareName>Finereader</softwareName>
				</processingSoftware>
			</ocrProcessingStep>
		</OCRProcessing>
	</Description>
	<Styles>
		<TextStyle ID="TXT_0" FONTSIZE="10" FONTFAMILY="Courier New"/>
		<ParagraphStyle ID="PAR_LEFT" ALIGN="Left"/>
		<ParagraphStyle ID="PAR_RIGHT" ALIGN="Right"/>
	</Styles>
	<Layout>
		<Page ID="P133" PHYSICAL_IMG_NR="133" HEIGHT="2350" WIDTH="1784" PRINTED_IMG_NR="95" POSITION="Right" ACCURACY="78.22">
			<TopMargin ID="P133_TM00001" HPOS="0" VPOS="0" WIDTH="1783" HEIGHT="157">
				<TextBlock ID="P133_TB00001" HPOS="720" VPOS="124" WIDTH="231" HEIGHT="24" STYLEREFS="TXT_0 PAR_LEFT">
					<TextLine ID="P133_TL00001" HPOS="720" VPOS="125" WIDTH="231" HEIGHT="23">
						<String ID="P133_ST00001" HPOS="720" VPOS="125" WIDTH="231" HEIGHT="23" CONTENT="TUNG-CHOW." WC="0.83" CC="0231005400"/>
					</TextLine>
				</TextBlock>
				<TextBlock ID="P133_TB00002" HPOS="1454" VPOS="125" WIDTH="43" HEIGHT="30" STYLEREFS="TXT_0 PAR_RIGHT">
					<TextLine ID="P133_TL00002" HPOS="1454" VPOS="126" WIDTH="43" HEIGHT="29">
						<String ID="P133_ST00002" HPOS="1454" VPOS="126" WIDTH="43" HEIGHT="29" CONTENT="95" WC="0.24" CC="68"/>
					</TextLine>
				</TextBlock>
			</TopMargin>
			<LeftMargin ID="P133_LM00001" HPOS="0" VPOS="157" WIDTH="144" HEIGHT="1950"/>
			<RightMargin ID="P133_RM00001" HPOS="1497" VPOS="157" WIDTH="286" HEIGHT="1950"/>
			<BottomMargin ID="P133_BM00001" HPOS="0" VPOS="2107" WIDTH="1783" HEIGHT="243"/>
			<PrintSpace ID="P133_PS00001" HPOS="144" VPOS="157" WIDTH="1353" HEIGHT="1950">
				<TextBlock ID="P133_TB00003" HPOS="154" VPOS="201" WIDTH="1338" HEIGHT="157" STYLEREFS="TXT_0 PAR_LEFT">
					<TextLine ID="P133_TL00003" HPOS="155" VPOS="202" WIDTH="1337" HEIGHT="46">
						<String ID="P133_ST00003" HPOS="155" VPOS="213" WIDTH="36" HEIGHT="20" CONTENT="so" WC="0.75" CC="40"/>
						<SP ID="P133_SP00001" HPOS="191" VPOS="233" WIDTH="23"/>
						<String ID="P133_ST00004" HPOS="214" VPOS="203" WIDTH="148" HEIGHT="39" CONTENT="bruised," WC="0.83" CC="05000034"/>
						<SP ID="P133_SP00002" HPOS="362" VPOS="242" WIDTH="19"/>
						<String ID="P133_ST00005" HPOS="381" VPOS="215" WIDTH="34" HEIGHT="21" CONTENT="as" WC="0.42" CC="73"/>
						<SP ID="P133_SP00003" HPOS="415" VPOS="242" WIDTH="18"/>
						<String ID="P133_ST00006" HPOS="433" VPOS="209" WIDTH="36" HEIGHT="26" CONTENT="to" WC="0.80" CC="04"/>
						<SP ID="P133_SP00004" HPOS="469" VPOS="242" WIDTH="17"/>
						<String ID="P133_ST00007" HPOS="486" VPOS="202" WIDTH="66" HEIGHT="33" CONTENT="feel" WC="0.71" CC="5050"/>
						<SP ID="P133_SP00005" HPOS="552" VPOS="242" WIDTH="19"/>
						<String ID="P133_ST00008" HPOS="571" VPOS="215" WIDTH="44" HEIGHT="20" CONTENT="no" WC="0.25" CC="86"/>
						<SP ID="P133_SP00006" HPOS="615" VPOS="242" WIDTH="18"/>
						<String ID="P133_ST00009" HPOS="633" VPOS="203" WIDTH="109" HEIGHT="33" CONTENT="desire" WC="0.90" CC="400000"/>
						<SP ID="P133_SP00007" HPOS="742" VPOS="242" WIDTH="21"/>
						<String ID="P133_ST00010" HPOS="763" VPOS="203" WIDTH="51" HEIGHT="32" CONTENT="for" WC="0.95" CC="100"/>
						<SP ID="P133_SP00008" HPOS="814" VPOS="242" WIDTH="18"/>
						<String ID="P133_ST00011" HPOS="832" VPOS="216" WIDTH="18" HEIGHT="20" CONTENT="a" WC="1.00" CC="0"/>
						<SP ID="P133_SP00009" HPOS="850" VPOS="242" WIDTH="18"/>
						<String ID="P133_ST00012" HPOS="868" VPOS="204" WIDTH="182" HEIGHT="44" CONTENT="repetition" WC="0.78" CC="3060031015"/>
						<SP ID="P133_SP00010" HPOS="1050" VPOS="248" WIDTH="18"/>
						<String ID="P133_ST00013" HPOS="1068" VPOS="205" WIDTH="41" HEIGHT="32" CONTENT="of" WC="0.67" CC="06"/>
						<SP ID="P133_SP00011" HPOS="1109" VPOS="248" WIDTH="9"/>
						<String ID="P133_ST00014" HPOS="1118" VPOS="206" WIDTH="60" HEIGHT="33" CONTENT="the" WC="0.96" CC="100"/>
						<SP ID="P133_SP00012" HPOS="1178" VPOS="248" WIDTH="18"/>
						<String ID="P133_ST00015" HPOS="1196" VPOS="216" WIDTH="92" HEIGHT="22" CONTENT="same" WC="0.74" CC="0640"/>
						<SP ID="P133_SP00013" HPOS="1288" VPOS="248" WIDTH="17"/>
						<String ID="P133_ST00016" HPOS="1305" VPOS="203" WIDTH="187" HEIGHT="45" CONTENT="discipline." WC="0.75" CC="03404402006"/>
					</TextLine>
					<TextLine ID="P133_TL00004" HPOS="154" VPOS="257" WIDTH="1338" HEIGHT="49">
						<String ID="P133_ST00017" HPOS="154" VPOS="257" WIDTH="109" HEIGHT="34" CONTENT="Little" WC="0.72" CC="307040"/>
						<SP ID="P133_SP00014" HPOS="263" VPOS="291" WIDTH="17"/>
						<String ID="P133_ST00018" HPOS="280" VPOS="258" WIDTH="59" HEIGHT="33" CONTENT="did" WC="0.70" CC="260"/>
						<SP ID="P133_SP00015" HPOS="339" VPOS="291" WIDTH="17"/>
						<String ID="P133_ST00019" HPOS="356" VPOS="271" WIDTH="51" HEIGHT="20" CONTENT="we" WC="0.96" CC="00"/>
						<SP ID="P133_SP00016" HPOS="407" VPOS="291" WIDTH="18"/>
						<String ID="P133_ST00020" HPOS="425" VPOS="264" WIDTH="123" HEIGHT="39" CONTENT="expect" WC="0.97" CC="001000"/>
						<SP ID="P133_SP00017" HPOS="548" VPOS="303" WIDTH="17"/>
						<String ID="P133_ST00021" HPOS="565" VPOS="258" WIDTH="89" HEIGHT="33" CONTENT="what" WC="0.93" CC="0020"/>
						<SP ID="P133_SP00018" HPOS="654" VPOS="303" WIDTH="18"/>
						<String ID="P133_ST00022" HPOS="672" VPOS="271" WIDTH="66" HEIGHT="20" CONTENT="Avas" WC="0.59" CC="8240"/>
						<SP ID="P133_SP00019" HPOS="738" VPOS="303" WIDTH="26"/>
						<String ID="P133_ST00023" HPOS="764" VPOS="259" WIDTH="158" HEIGHT="45" CONTENT="awaiting" WC="0.80" CC="30335000"/>
						<SP ID="P133_SP00020" HPOS="922" VPOS="304" WIDTH="24"/>
						<String ID="P133_ST00024" HPOS="946" VPOS="272" WIDTH="39" HEIGHT="19" CONTENT="us" WC="0.69" CC="60"/>
						<SP ID="P133_SP00021" HPOS="985" VPOS="304" WIDTH="22"/>
						<String ID="P133_ST00025" HPOS="1007" VPOS="260" WIDTH="35" HEIGHT="31" CONTENT="in" WC="0.83" CC="30"/>
						<SP ID="P133_SP00022" HPOS="1042" VPOS="304" WIDTH="26"/>
						<String ID="P133_ST00026" HPOS="1068" VPOS="273" WIDTH="61" HEIGHT="20" CONTENT="our" WC="0.61" CC="550"/>
						<SP ID="P133_SP00023" HPOS="1129" VPOS="304" WIDTH="24"/>
						<String ID="P133_ST00027" HPOS="1153" VPOS="260" WIDTH="236" HEIGHT="46" CONTENT="Yuen-Ming-" WC="0.73" CC="0405211532"/>
						<String ID="P133_ST00028" HPOS="1393" VPOS="258" WIDTH="99" HEIGHT="34" CONTENT="Yuen" WC="0.82" CC="0106"/>
					</TextLine>
					<TextLine ID="P133_TL00005" HPOS="154" VPOS="314" WIDTH="209" HEIGHT="44">
						<String ID="P133_ST00029" HPOS="154" VPOS="314" WIDTH="209" HEIGHT="44" CONTENT="expedition." WC="0.91" CC="02600000000"/>
					</TextLine>
				</TextBlock>
				<TextBlock ID="P133_TB00004" HPOS="151" VPOS="369" WIDTH="1346" HEIGHT="1002" STYLEREFS="TXT_0 PAR_LEFT">
					<TextLine ID="P133_TL00006" HPOS="201" VPOS="370" WIDTH="1294" HEIGHT="35">
						<String ID="P133_ST00030" HPOS="201" VPOS="370" WIDTH="75" HEIGHT="33" CONTENT="The" WC="0.93" CC="010"/>
						<SP ID="P133_SP00024" HPOS="276" VPOS="403" WIDTH="27"/>
						<String ID="P133_ST00031" HPOS="303" VPOS="370" WIDTH="103" HEIGHT="34" CONTENT="Duke" WC="0.87" CC="2200"/>
						<SP ID="P133_SP00025" HPOS="406" VPOS="404" WIDTH="30"/>
						<String ID="P133_ST00032" HPOS="436" VPOS="370" WIDTH="157" HEIGHT="34" CONTENT="received" WC="0.86" CC="00004006"/>
						<SP ID="P133_SP00026" HPOS="593" VPOS="404" WIDTH="28"/>
						<String ID="P133_ST00033" HPOS="621" VPOS="370" WIDTH="59" HEIGHT="33" CONTENT="the" WC="0.82" CC="220"/>
						<SP ID="P133_SP00027" HPOS="680" VPOS="404" WIDTH="20"/>
						<String ID="P133_ST00034" HPOS="700" VPOS="370" WIDTH="284" HEIGHT="34" CONTENT="Commissioners" WC="0.82" CC="2101411030041"/>
						<SP ID="P133_SP00028" HPOS="984" VPOS="404" WIDTH="30"/>
						<String ID="P133_ST00035" HPOS="1014" VPOS="372" WIDTH="66" HEIGHT="32" CONTENT="and" WC="0.53" CC="841"/>
						<SP ID="P133_SP00029" HPOS="1080" VPOS="404" WIDTH="31"/>
						<String ID="P133_ST00036" HPOS="1111" VPOS="371" WIDTH="66" HEIGHT="33" CONTENT="Mr." WC="0.88" CC="030"/>
						<SP ID="P133_SP00030" HPOS="1177" VPOS="404" WIDTH="29"/>
						<String ID="P133_ST00037" HPOS="1206" VPOS="371" WIDTH="172" HEIGHT="34" CONTENT="Morrison" WC="0.62" CC="03822606"/>
						<SP ID="P133_SP00031" HPOS="1378" VPOS="405" WIDTH="30"/>
						<String ID="P133_ST00038" HPOS="1408" VPOS="373" WIDTH="35" HEIGHT="31" CONTENT="in" WC="0.96" CC="00"/>
						<SP ID="P133_SP00032" HPOS="1443" VPOS="405" WIDTH="34"/>
						<String ID="P133_ST00039" HPOS="1477" VPOS="384" WIDTH="18" HEIGHT="20" CONTENT="a" WC="1.00" CC="0"/>
					</TextLine>
					<TextLine ID="P133_TL00007" HPOS="155" VPOS="426" WIDTH="1338" HEIGHT="47">
						<String ID="P133_ST00040" HPOS="155" VPOS="426" WIDTH="98" HEIGHT="33" CONTENT="small" WC="0.85" CC="00051"/>
						<SP ID="P133_SP00033" HPOS="253" VPOS="459" WIDTH="16"/>
						<String ID="P133_ST00041" HPOS="269" VPOS="426" WIDTH="81" HEIGHT="40" CONTENT="hall," WC="0.49" CC="50586"/>
						<SP ID="P133_SP00034" HPOS="350" VPOS="466" WIDTH="27"/>
						<String ID="P133_ST00042" HPOS="377" VPOS="428" WIDTH="34" HEIGHT="31" CONTENT="in" WC="0.89" CC="02"/>
						<SP ID="P133_SP00035" HPOS="411" VPOS="466" WIDTH="19"/>
						<String ID="P133_ST00043" HPOS="430" VPOS="427" WIDTH="92" HEIGHT="33" CONTENT="front" WC="0.77" CC="70300"/>
						<SP ID="P133_SP00036" HPOS="522" VPOS="466" WIDTH="17"/>
						<String ID="P133_ST00044" HPOS="539" VPOS="427" WIDTH="41" HEIGHT="33" CONTENT="of" WC="0.86" CC="02"/>
						<SP ID="P133_SP00037" HPOS="580" VPOS="466" WIDTH="12"/>
						<String ID="P133_ST00045" HPOS="592" VPOS="427" WIDTH="111" HEIGHT="33" CONTENT="which" WC="0.95" CC="00002"/>
						<SP ID="P133_SP00038" HPOS="703" VPOS="466" WIDTH="17"/>
						<String ID="P133_ST00046" HPOS="720" VPOS="440" WIDTH="66" HEIGHT="20" CONTENT="was" WC="0.78" CC="033"/>
						<SP ID="P133_SP00039" HPOS="786" VPOS="466" WIDTH="18"/>
						<String ID="P133_ST00047" HPOS="804" VPOS="440" WIDTH="19" HEIGHT="20" CONTENT="a" WC="0.51" CC="4"/>
						<SP ID="P133_SP00040" HPOS="823" VPOS="466" WIDTH="18"/>
						<String ID="P133_ST00048" HPOS="841" VPOS="428" WIDTH="204" HEIGHT="45" CONTENT="court-yard." WC="0.78" CC="00020244270"/>
						<SP ID="P133_SP00041" HPOS="1045" VPOS="473" WIDTH="53"/>
						<String ID="P133_ST00049" HPOS="1098" VPOS="429" WIDTH="50" HEIGHT="32" CONTENT="As" WC="0.82" CC="30"/>
						<SP ID="P133_SP00042" HPOS="1148" VPOS="473" WIDTH="18"/>
						<String ID="P133_ST00050" HPOS="1166" VPOS="428" WIDTH="106" HEIGHT="38" CONTENT="usual," WC="1.00" CC="000000"/>
						<SP ID="P133_SP00043" HPOS="1272" VPOS="473" WIDTH="27"/>
						<String ID="P133_ST00051" HPOS="1299" VPOS="441" WIDTH="45" HEIGHT="19" CONTENT="no" WC="0.64" CC="33"/>
						<SP ID="P133_SP00044" HPOS="1344" VPOS="473" WIDTH="17"/>
						<String ID="P133_ST00052" HPOS="1361" VPOS="440" WIDTH="132" HEIGHT="21" CONTENT="accom" SUBS_TYPE="HypPart1" SUBS_CONTENT="accommodation" WC="0.90" CC="002003"/>
						<HYP CONTENT="-"/>
					</TextLine>
					<TextLine ID="P133_TL00008" HPOS="153" VPOS="482" WIDTH="1340" HEIGHT="46">
						<String ID="P133_ST00053" HPOS="153" VPOS="482" WIDTH="178" HEIGHT="34" CONTENT="modation" SUBS_TYPE="HypPart2" SUBS_CONTENT="accommodation" WC="0.80" CC="00016205"/>
						<SP ID="P133_SP00045" HPOS="331" VPOS="516" WIDTH="18"/>
						<String ID="P133_ST00054" HPOS="349" VPOS="496" WIDTH="66" HEIGHT="20" CONTENT="was" WC="0.93" CC="010"/>
						<SP ID="P133_SP00046" HPOS="415" VPOS="516" WIDTH="18"/>
						<String ID="P133_ST00055" HPOS="433" VPOS="483" WIDTH="167" HEIGHT="45" CONTENT="provided" WC="0.70" CC="53601006"/>
						<SP ID="P133_SP00047" HPOS="600" VPOS="528" WIDTH="18"/>
						<String ID="P133_ST00056" HPOS="618" VPOS="483" WIDTH="52" HEIGHT="32" CONTENT="for" WC="0.88" CC="200"/>
						<SP ID="P133_SP00048" HPOS="670" VPOS="528" WIDTH="25"/>
						<String ID="P133_ST00057" HPOS="695" VPOS="484" WIDTH="59" HEIGHT="32" CONTENT="the" WC="0.70" CC="340"/>
						<SP ID="P133_SP00049" HPOS="754" VPOS="528" WIDTH="18"/>
						<String ID="P133_ST00058" HPOS="772" VPOS="483" WIDTH="99" HEIGHT="34" CONTENT="other" WC="0.74" CC="06006"/>
						<SP ID="P133_SP00050" HPOS="871" VPOS="528" WIDTH="22"/>
						<String ID="P133_ST00059" HPOS="893" VPOS="485" WIDTH="181" HEIGHT="38" CONTENT="members," WC="0.81" CC="20000624"/>
						<SP ID="P133_SP00051" HPOS="1074" VPOS="528" WIDTH="27"/>
						<String ID="P133_ST00060" HPOS="1101" VPOS="484" WIDTH="76" HEIGHT="33" CONTENT="Avho" WC="0.59" CC="8304"/>
						<SP ID="P133_SP00052" HPOS="1177" VPOS="528" WIDTH="18"/>
						<String ID="P133_ST00061" HPOS="1195" VPOS="496" WIDTH="88" HEIGHT="21" CONTENT="were" WC="0.81" CC="0024"/>
						<SP ID="P133_SP00053" HPOS="1283" VPOS="528" WIDTH="25"/>
						<String ID="P133_ST00062" HPOS="1308" VPOS="483" WIDTH="185" HEIGHT="44" CONTENT="permitted" WC="0.57" CC="805040457"/>
					</TextLine>
					<TextLine ID="P133_TL00009" HPOS="153" VPOS="538" WIDTH="1341" HEIGHT="47">
						<String ID="P133_ST00063" HPOS="153" VPOS="545" WIDTH="37" HEIGHT="26" CONTENT="to" WC="0.75" CC="05"/>
						<SP ID="P133_SP00054" HPOS="190" VPOS="571" WIDTH="17"/>
						<String ID="P133_ST00064" HPOS="207" VPOS="539" WIDTH="79" HEIGHT="33" CONTENT="take" WC="1.00" CC="0000"/>
						<SP ID="P133_SP00055" HPOS="286" VPOS="572" WIDTH="17"/>
						<String ID="P133_ST00065" HPOS="303" VPOS="539" WIDTH="90" HEIGHT="33" CONTENT="their" WC="0.85" CC="30021"/>
						<SP ID="P133_SP00056" HPOS="393" VPOS="572" WIDTH="25"/>
						<String ID="P133_ST00066" HPOS="418" VPOS="539" WIDTH="119" HEIGHT="33" CONTENT="choice" WC="0.96" CC="020000"/>
						<SP ID="P133_SP00057" HPOS="537" VPOS="572" WIDTH="25"/>
						<String ID="P133_ST00067" HPOS="562" VPOS="540" WIDTH="155" HEIGHT="32" CONTENT="between" WC="0.93" CC="1000003"/>
						<SP ID="P133_SP00058" HPOS="717" VPOS="572" WIDTH="20"/>
						<String ID="P133_ST00068" HPOS="737" VPOS="551" WIDTH="17" HEIGHT="20" CONTENT="a" WC="0.37" CC="6"/>
						<SP ID="P133_SP00059" HPOS="754" VPOS="572" WIDTH="17"/>
						<String ID="P133_ST00069" HPOS="771" VPOS="539" WIDTH="190" HEIGHT="46" CONTENT="drenching" WC="0.76" CC="030002275"/>
						<SP ID="P133_SP00060" HPOS="961" VPOS="585" WIDTH="18"/>
						<String ID="P133_ST00070" HPOS="979" VPOS="540" WIDTH="34" HEIGHT="33" CONTENT="in" WC="0.91" CC="10"/>
						<SP ID="P133_SP00061" HPOS="1013" VPOS="585" WIDTH="18"/>
						<String ID="P133_ST00071" HPOS="1031" VPOS="552" WIDTH="19" HEIGHT="21" CONTENT="a" WC="0.83" CC="1"/>
						<SP ID="P133_SP00062" HPOS="1050" VPOS="585" WIDTH="15"/>
						<String ID="P133_ST00072" HPOS="1065" VPOS="540" WIDTH="110" HEIGHT="44" CONTENT="heavy" WC="0.85" CC="10005"/>
						<SP ID="P133_SP00063" HPOS="1175" VPOS="585" WIDTH="16"/>
						<String ID="P133_ST00073" HPOS="1191" VPOS="540" WIDTH="83" HEIGHT="38" CONTENT="rain," WC="0.57" CC="80354"/>
						<SP ID="P133_SP00064" HPOS="1274" VPOS="585" WIDTH="26"/>
						<String ID="P133_ST00074" HPOS="1300" VPOS="538" WIDTH="66" HEIGHT="33" CONTENT="and" WC="0.48" CC="067"/>
						<SP ID="P133_SP00065" HPOS="1366" VPOS="585" WIDTH="27"/>
						<String ID="P133_ST00075" HPOS="1393" VPOS="538" WIDTH="101" HEIGHT="31" CONTENT="suffo" SUBS_TYPE="HypPart1" SUBS_CONTENT="suffocation" WC="0.77" CC="200073"/>
						<HYP CONTENT="-"/>
					</TextLine>
					<TextLine ID="P133_TL00010" HPOS="153" VPOS="593" WIDTH="1337" HEIGHT="47">
						<String ID="P133_ST00076" HPOS="153" VPOS="595" WIDTH="114" HEIGHT="33" CONTENT="cation" SUBS_TYPE="HypPart2" SUBS_CONTENT="suffocation" WC="1.00" CC="000000"/>
						<SP ID="P133_SP00066" HPOS="267" VPOS="628" WIDTH="24"/>
						<String ID="P133_ST00077" HPOS="291" VPOS="595" WIDTH="37" HEIGHT="33" CONTENT="in" WC="0.80" CC="30"/>
						<SP ID="P133_SP00067" HPOS="328" VPOS="628" WIDTH="17"/>
						<String ID="P133_ST00078" HPOS="345" VPOS="607" WIDTH="20" HEIGHT="21" CONTENT="a" WC="0.88" CC="1"/>
						<SP ID="P133_SP00068" HPOS="365" VPOS="628" WIDTH="16"/>
						<String ID="P133_ST00079" HPOS="381" VPOS="595" WIDTH="158" HEIGHT="33" CONTENT="crowded" WC="0.81" CC="0400206"/>
						<SP ID="P133_SP00069" HPOS="539" VPOS="628" WIDTH="26"/>
						<String ID="P133_ST00080" HPOS="565" VPOS="606" WIDTH="96" HEIGHT="21" CONTENT="room" WC="0.84" CC="4001"/>
						<SP ID="P133_SP00070" HPOS="661" VPOS="628" WIDTH="21"/>
						<String ID="P133_ST00081" HPOS="682" VPOS="594" WIDTH="41" HEIGHT="33" CONTENT="of" WC="0.83" CC="03"/>
						<SP ID="P133_SP00071" HPOS="723" VPOS="628" WIDTH="19"/>
						<String ID="P133_ST00082" HPOS="742" VPOS="595" WIDTH="221" HEIGHT="33" CONTENT="ill-savoured" WC="0.71" CC="350124054304"/>
						<SP ID="P133_SP00072" HPOS="963" VPOS="628" WIDTH="24"/>
						<String ID="P133_ST00083" HPOS="987" VPOS="595" WIDTH="68" HEIGHT="33" CONTENT="and" WC="0.63" CC="306"/>
						<SP ID="P133_SP00073" HPOS="1055" VPOS="628" WIDTH="29"/>
						<String ID="P133_ST00084" HPOS="1084" VPOS="596" WIDTH="232" HEIGHT="44" CONTENT="importunate" WC="0.87" CC="10300017000"/>
						<SP ID="P133_SP00074" HPOS="1316" VPOS="640" WIDTH="19"/>
						<String ID="P133_ST00085" HPOS="1335" VPOS="593" WIDTH="155" HEIGHT="33" CONTENT="Chinese." WC="0.70" CC="76540000"/>
					</TextLine>
					<TextLine ID="P133_TL00011" HPOS="154" VPOS="649" WIDTH="1341" HEIGHT="46">
						<String ID="P133_ST00086" HPOS="154" VPOS="650" WIDTH="224" HEIGHT="45" CONTENT="Fortunately" WC="0.82" CC="50100500006"/>
						<SP ID="P133_SP00075" HPOS="378" VPOS="695" WIDTH="17"/>
						<String ID="P133_ST00087" HPOS="395" VPOS="650" WIDTH="52" HEIGHT="33" CONTENT="for" WC="0.72" CC="305"/>
						<SP ID="P133_SP00076" HPOS="447" VPOS="695" WIDTH="30"/>
						<String ID="P133_ST00088" HPOS="477" VPOS="662" WIDTH="50" HEIGHT="27" CONTENT="us," WC="0.73" CC="007"/>
						<SP ID="P133_SP00077" HPOS="527" VPOS="695" WIDTH="26"/>
						<String ID="P133_ST00089" HPOS="553" VPOS="650" WIDTH="59" HEIGHT="33" CONTENT="the" WC="0.89" CC="120"/>
						<SP ID="P133_SP00078" HPOS="612" VPOS="695" WIDTH="31"/>
						<String ID="P133_ST00090" HPOS="643" VPOS="650" WIDTH="164" HEIGHT="33" CONTENT="audience" WC="0.99" CC="00000000"/>
						<SP ID="P133_SP00079" HPOS="807" VPOS="695" WIDTH="29"/>
						<String ID="P133_ST00091" HPOS="836" VPOS="663" WIDTH="83" HEIGHT="21" CONTENT="soon" WC="0.83" CC="6000"/>
						<SP ID="P133_SP00080" HPOS="919" VPOS="695" WIDTH="25"/>
						<String ID="P133_ST00092" HPOS="944" VPOS="651" WIDTH="214" HEIGHT="34" CONTENT="terminated." WC="0.82" CC="00131600060"/>
						<SP ID="P133_SP00081" HPOS="1158" VPOS="695" WIDTH="52"/>
						<String ID="P133_ST00093" HPOS="1210" VPOS="650" WIDTH="74" HEIGHT="34" CONTENT="The" WC="1.00" CC="000"/>
						<SP ID="P133_SP00082" HPOS="1284" VPOS="695" WIDTH="17"/>
						<String ID="P133_ST00094" HPOS="1301" VPOS="650" WIDTH="104" HEIGHT="33" CONTENT="Duke" WC="0.55" CC="8620"/>
						<SP ID="P133_SP00083" HPOS="1405" VPOS="695" WIDTH="22"/>
						<String ID="P133_ST00095" HPOS="1427" VPOS="649" WIDTH="68" HEIGHT="32" CONTENT="had" WC="0.67" CC="405"/>
					</TextLine>
					<TextLine ID="P133_TL00012" HPOS="153" VPOS="705" WIDTH="1340" HEIGHT="47">
						<String ID="P133_ST00096" HPOS="153" VPOS="707" WIDTH="144" HEIGHT="33" CONTENT="insisted" WC="0.59" CC="34664007"/>
						<SP ID="P133_SP00084" HPOS="297" VPOS="740" WIDTH="16"/>
						<String ID="P133_ST00097" HPOS="313" VPOS="719" WIDTH="45" HEIGHT="20" CONTENT="on" WC="1.00" CC="00"/>
						<SP ID="P133_SP00085" HPOS="358" VPOS="740" WIDTH="17"/>
						<String ID="P133_ST00098" HPOS="375" VPOS="706" WIDTH="59" HEIGHT="33" CONTENT="the" WC="0.88" CC="110"/>
						<SP ID="P133_SP00086" HPOS="434" VPOS="740" WIDTH="18"/>
						<String ID="P133_ST00099" HPOS="452" VPOS="705" WIDTH="238" HEIGHT="46" CONTENT="performance" WC="0.67" CC="70542505400"/>
						<SP ID="P133_SP00087" HPOS="690" VPOS="751" WIDTH="17"/>
						<String ID="P133_ST00100" HPOS="707" VPOS="706" WIDTH="41" HEIGHT="33" CONTENT="of" WC="0.82" CC="30"/>
						<SP ID="P133_SP00088" HPOS="748" VPOS="751" WIDTH="18"/>
						<String ID="P133_ST00101" HPOS="766" VPOS="706" WIDTH="59" HEIGHT="33" CONTENT="the" WC="0.98" CC="000"/>
						<SP ID="P133_SP00089" HPOS="825" VPOS="751" WIDTH="19"/>
						<String ID="P133_ST00102" HPOS="844" VPOS="719" WIDTH="183" HEIGHT="32" CONTENT="ceremony" WC="0.82" CC="00503005"/>
						<SP ID="P133_SP00090" HPOS="1027" VPOS="751" WIDTH="17"/>
						<String ID="P133_ST00103" HPOS="1044" VPOS="707" WIDTH="41" HEIGHT="32" CONTENT="of" WC="0.72" CC="31"/>
						<SP ID="P133_SP00091" HPOS="1085" VPOS="751" WIDTH="17"/>
						<String ID="P133_ST00104" HPOS="1102" VPOS="706" WIDTH="219" HEIGHT="46" CONTENT="prostration," WC="0.68" CC="620052604025"/>
						<SP ID="P133_SP00092" HPOS="1321" VPOS="752" WIDTH="25"/>
						<String ID="P133_ST00105" HPOS="1346" VPOS="706" WIDTH="68" HEIGHT="32" CONTENT="and" WC="0.76" CC="123"/>
						<SP ID="P133_SP00093" HPOS="1414" VPOS="752" WIDTH="20"/>
						<String ID="P133_ST00106" HPOS="1434" VPOS="706" WIDTH="59" HEIGHT="31" CONTENT="the" WC="0.89" CC="300"/>
					</TextLine>
					<TextLine ID="P133_TL00013" HPOS="155" VPOS="761" WIDTH="1338" HEIGHT="46">
						<String ID="P133_ST00107" HPOS="155" VPOS="763" WIDTH="233" HEIGHT="33" CONTENT="Ambassador" WC="0.79" CC="0000041365"/>
						<SP ID="P133_SP00094" HPOS="388" VPOS="796" WIDTH="17"/>
						<String ID="P133_ST00108" HPOS="405" VPOS="762" WIDTH="68" HEIGHT="32" CONTENT="had" WC="0.79" CC="006"/>
						<SP ID="P133_SP00095" HPOS="473" VPOS="796" WIDTH="16"/>
						<String ID="P133_ST00109" HPOS="489" VPOS="762" WIDTH="248" HEIGHT="45" CONTENT="peremptorily" WC="0.69" CC="705007005037"/>
						<SP ID="P133_SP00096" HPOS="737" VPOS="807" WIDTH="17"/>
						<String ID="P133_ST00110" HPOS="754" VPOS="762" WIDTH="136" HEIGHT="33" CONTENT="refused" WC="0.79" CC="0005603"/>
						<SP ID="P133_SP00097" HPOS="890" VPOS="807" WIDTH="17"/>
						<String ID="P133_ST00111" HPOS="907" VPOS="770" WIDTH="35" HEIGHT="25" CONTENT="to" WC="0.62" CC="24"/>
						<SP ID="P133_SP00098" HPOS="942" VPOS="807" WIDTH="19"/>
						<String ID="P133_ST00112" HPOS="961" VPOS="762" WIDTH="136" HEIGHT="45" CONTENT="comply" WC="0.78" CC="000407"/>
						<SP ID="P133_SP00099" HPOS="1097" VPOS="807" WIDTH="18"/>
						<String ID="P133_ST00113" HPOS="1115" VPOS="762" WIDTH="83" HEIGHT="32" CONTENT="with" WC="0.76" CC="0143"/>
						<SP ID="P133_SP00100" HPOS="1198" VPOS="807" WIDTH="18"/>
						<String ID="P133_ST00114" HPOS="1216" VPOS="762" WIDTH="34" HEIGHT="32" CONTENT="it." WC="0.79" CC="230"/>
						<SP ID="P133_SP00101" HPOS="1250" VPOS="807" WIDTH="51"/>
						<String ID="P133_ST00115" HPOS="1301" VPOS="761" WIDTH="76" HEIGHT="33" CONTENT="The" WC="1.00" CC="000"/>
						<SP ID="P133_SP00102" HPOS="1377" VPOS="807" WIDTH="13"/>
						<String ID="P133_ST00116" HPOS="1390" VPOS="761" WIDTH="103" HEIGHT="32" CONTENT="Duke" WC="0.69" CC="6050"/>
					</TextLine>
					<TextLine ID="P133_TL00014" HPOS="151" VPOS="816" WIDTH="1342" HEIGHT="48">
						<String ID="P133_ST00117" HPOS="151" VPOS="819" WIDTH="69" HEIGHT="32" CONTENT="had" WC="1.00" CC="000"/>
						<SP ID="P133_SP00103" HPOS="220" VPOS="851" WIDTH="28"/>
						<String ID="P133_ST00118" HPOS="248" VPOS="818" WIDTH="202" HEIGHT="33" CONTENT="threatened" WC="0.78" CC="3060000704"/>
						<SP ID="P133_SP00104" HPOS="450" VPOS="851" WIDTH="29"/>
						<String ID="P133_ST00119" HPOS="479" VPOS="824" WIDTH="37" HEIGHT="26" CONTENT="to" WC="0.79" CC="03"/>
						<SP ID="P133_SP00105" HPOS="516" VPOS="851" WIDTH="29"/>
						<String ID="P133_ST00120" HPOS="545" VPOS="818" WIDTH="85" HEIGHT="32" CONTENT="send" WC="0.60" CC="6062"/>
						<SP ID="P133_SP00106" HPOS="630" VPOS="851" WIDTH="29"/>
						<String ID="P133_ST00121" HPOS="659" VPOS="818" WIDTH="72" HEIGHT="31" CONTENT="him" WC="0.88" CC="003"/>
						<SP ID="P133_SP00107" HPOS="731" VPOS="851" WIDTH="28"/>
						<String ID="P133_ST00122" HPOS="759" VPOS="817" WIDTH="88" HEIGHT="34" CONTENT="from" WC="0.86" CC="0310"/>
						<SP ID="P133_SP00108" HPOS="847" VPOS="851" WIDTH="29"/>
						<String ID="P133_ST00123" HPOS="876" VPOS="819" WIDTH="59" HEIGHT="33" CONTENT="the" WC="1.00" CC="000"/>
						<SP ID="P133_SP00109" HPOS="935" VPOS="852" WIDTH="27"/>
						<String ID="P133_ST00124" HPOS="962" VPOS="819" WIDTH="130" HEIGHT="45" CONTENT="empire" WC="0.80" CC="002440"/>
						<SP ID="P133_SP00110" HPOS="1092" VPOS="864" WIDTH="26"/>
						<String ID="P133_ST00125" HPOS="1118" VPOS="818" WIDTH="145" HEIGHT="32" CONTENT="without" WC="0.91" CC="0102020"/>
						<SP ID="P133_SP00111" HPOS="1263" VPOS="864" WIDTH="30"/>
						<String ID="P133_ST00126" HPOS="1293" VPOS="817" WIDTH="116" HEIGHT="44" CONTENT="seeing" WC="0.81" CC="500302"/>
						<SP ID="P133_SP00112" HPOS="1409" VPOS="864" WIDTH="23"/>
						<String ID="P133_ST00127" HPOS="1432" VPOS="816" WIDTH="61" HEIGHT="33" CONTENT="the" WC="0.88" CC="300"/>
					</TextLine>
					<TextLine ID="P133_TL00015" HPOS="153" VPOS="872" WIDTH="1340" HEIGHT="48">
						<String ID="P133_ST00128" HPOS="153" VPOS="875" WIDTH="148" HEIGHT="34" CONTENT="celestial" WC="0.88" CC="000004301"/>
						<SP ID="P133_SP00113" HPOS="301" VPOS="909" WIDTH="23"/>
						<String ID="P133_ST00129" HPOS="324" VPOS="874" WIDTH="72" HEIGHT="33" CONTENT="face" WC="0.92" CC="1100"/>
						<SP ID="P133_SP00114" HPOS="396" VPOS="909" WIDTH="18"/>
						<String ID="P133_ST00130" HPOS="414" VPOS="874" WIDTH="41" HEIGHT="33" CONTENT="of" WC="0.95" CC="01"/>
						<SP ID="P133_SP00115" HPOS="455" VPOS="909" WIDTH="18"/>
						<String ID="P133_ST00131" HPOS="473" VPOS="874" WIDTH="59" HEIGHT="33" CONTENT="the" WC="0.84" CC="040"/>
						<SP ID="P133_SP00116" HPOS="532" VPOS="909" WIDTH="18"/>
						<String ID="P133_ST00132" HPOS="550" VPOS="874" WIDTH="180" HEIGHT="45" CONTENT="Emperor," WC="0.71" CC="30508014"/>
						<SP ID="P133_SP00117" HPOS="730" VPOS="919" WIDTH="26"/>
						<String ID="P133_ST00133" HPOS="756" VPOS="875" WIDTH="68" HEIGHT="32" CONTENT="and" WC="0.64" CC="505"/>
						<SP ID="P133_SP00118" HPOS="824" VPOS="919" WIDTH="28"/>
						<String ID="P133_ST00134" HPOS="852" VPOS="875" WIDTH="65" HEIGHT="32" CONTENT="His" WC="0.65" CC="431"/>
						<SP ID="P133_SP00119" HPOS="917" VPOS="919" WIDTH="27"/>
						<String ID="P133_ST00135" HPOS="944" VPOS="875" WIDTH="207" HEIGHT="45" CONTENT="Excellency" WC="0.77" CC="1000130707"/>
						<SP ID="P133_SP00120" HPOS="1151" VPOS="920" WIDTH="16"/>
						<String ID="P133_ST00136" HPOS="1167" VPOS="875" WIDTH="67" HEIGHT="32" CONTENT="had" WC="0.60" CC="316"/>
						<SP ID="P133_SP00121" HPOS="1234" VPOS="920" WIDTH="27"/>
						<String ID="P133_ST00137" HPOS="1261" VPOS="873" WIDTH="156" HEIGHT="34" CONTENT="declared" WC="0.75" CC="00031706"/>
						<SP ID="P133_SP00122" HPOS="1417" VPOS="920" WIDTH="23"/>
						<String ID="P133_ST00138" HPOS="1440" VPOS="872" WIDTH="53" HEIGHT="33" CONTENT="his" WC="0.76" CC="122"/>
					</TextLine>
					<TextLine ID="P133_TL00016" HPOS="154" VPOS="928" WIDTH="1343" HEIGHT="48">
						<String ID="P133_ST00139" HPOS="154" VPOS="932" WIDTH="172" HEIGHT="33" CONTENT="readiness" WC="0.85" CC="501400001"/>
						<SP ID="P133_SP00123" HPOS="326" VPOS="965" WIDTH="29"/>
						<String ID="P133_ST00140" HPOS="355" VPOS="937" WIDTH="36" HEIGHT="27" CONTENT="to" WC="0.83" CC="30"/>
						<SP ID="P133_SP00124" HPOS="391" VPOS="965" WIDTH="28"/>
						<String ID="P133_ST00141" HPOS="419" VPOS="930" WIDTH="129" HEIGHT="46" CONTENT="depart." WC="0.77" CC="0072600"/>
						<SP ID="P133_SP00125" HPOS="548" VPOS="976" WIDTH="56"/>
						<String ID="P133_ST00142" HPOS="604" VPOS="930" WIDTH="75" HEIGHT="33" CONTENT="The" WC="1.00" CC="000"/>
						<SP ID="P133_SP00126" HPOS="679" VPOS="976" WIDTH="26"/>
						<String ID="P133_ST00143" HPOS="705" VPOS="930" WIDTH="110" HEIGHT="39" CONTENT="latter," WC="0.91" CC="0000014"/>
						<SP ID="P133_SP00127" HPOS="815" VPOS="976" WIDTH="25"/>
						<String ID="P133_ST00144" HPOS="840" VPOS="931" WIDTH="168" HEIGHT="39" CONTENT="however," WC="0.91" CC="01000005"/>
						<SP ID="P133_SP00128" HPOS="1008" VPOS="976" WIDTH="26"/>
						<String ID="P133_ST00145" HPOS="1034" VPOS="937" WIDTH="62" HEIGHT="39" CONTENT="put" WC="0.77" CC="510"/>
						<SP ID="P133_SP00129" HPOS="1096" VPOS="976" WIDTH="35"/>
						<String ID="P133_ST00146" HPOS="1131" VPOS="931" WIDTH="74" HEIGHT="32" CONTENT="into" WC="0.47" CC="2656"/>
						<SP ID="P133_SP00130" HPOS="1205" VPOS="976" WIDTH="31"/>
						<String ID="P133_ST00147" HPOS="1236" VPOS="931" WIDTH="60" HEIGHT="32" CONTENT="the" WC="0.90" CC="200"/>
						<SP ID="P133_SP00131" HPOS="1296" VPOS="976" WIDTH="26"/>
						<String ID="P133_ST00148" HPOS="1322" VPOS="929" WIDTH="109" HEIGHT="33" CONTENT="hands" WC="0.65" CC="40507"/>
						<SP ID="P133_SP00132" HPOS="1431" VPOS="976" WIDTH="26"/>
						<String ID="P133_ST00149" HPOS="1457" VPOS="928" WIDTH="40" HEIGHT="33" CONTENT="of" WC="0.91" CC="01"/>
					</TextLine>
					<TextLine ID="P133_TL00017" HPOS="154" VPOS="986" WIDTH="1339" HEIGHT="45">
						<String ID="P133_ST00150" HPOS="154" VPOS="988" WIDTH="60" HEIGHT="33" CONTENT="the" WC="0.94" CC="000"/>
						<SP ID="P133_SP00133" HPOS="214" VPOS="1021" WIDTH="36"/>
						<String ID="P133_ST00151" HPOS="250" VPOS="987" WIDTH="127" HEIGHT="33" CONTENT="former" WC="0.83" CC="233000"/>
						<SP ID="P133_SP00134" HPOS="377" VPOS="1021" WIDTH="25"/>
						<String ID="P133_ST00152" HPOS="402" VPOS="999" WIDTH="20" HEIGHT="21" CONTENT="a" WC="1.00" CC="0"/>
						<SP ID="P133_SP00135" HPOS="422" VPOS="1021" WIDTH="23"/>
						<String ID="P133_ST00153" HPOS="445" VPOS="987" WIDTH="102" HEIGHT="33" CONTENT="letter" WC="0.85" CC="007001"/>
						<SP ID="P133_SP00136" HPOS="547" VPOS="1021" WIDTH="27"/>
						<String ID="P133_ST00154" HPOS="574" VPOS="987" WIDTH="183" HEIGHT="33" CONTENT="addressed" WC="0.79" CC="040303006"/>
						<SP ID="P133_SP00137" HPOS="757" VPOS="1021" WIDTH="26"/>
						<String ID="P133_ST00155" HPOS="783" VPOS="993" WIDTH="36" HEIGHT="26" CONTENT="to" WC="0.59" CC="25"/>
						<SP ID="P133_SP00138" HPOS="819" VPOS="1021" WIDTH="26"/>
						<String ID="P133_ST00156" HPOS="845" VPOS="987" WIDTH="66" HEIGHT="33" CONTENT="His" WC="0.67" CC="710"/>
						<SP ID="P133_SP00139" HPOS="911" VPOS="1021" WIDTH="24"/>
						<String ID="P133_ST00157" HPOS="935" VPOS="987" WIDTH="145" HEIGHT="33" CONTENT="Chinese" WC="0.82" CC="4310020"/>
						<SP ID="P133_SP00140" HPOS="1080" VPOS="1021" WIDTH="27"/>
						<String ID="P133_ST00158" HPOS="1107" VPOS="986" WIDTH="159" HEIGHT="45" CONTENT="Majesty," WC="0.72" CC="00505075"/>
						<SP ID="P133_SP00141" HPOS="1266" VPOS="1031" WIDTH="30"/>
						<String ID="P133_ST00159" HPOS="1296" VPOS="986" WIDTH="197" HEIGHT="44" CONTENT="containing" WC="0.91" CC="0050100000"/>
					</TextLine>
					<TextLine ID="P133_TL00018" HPOS="152" VPOS="1041" WIDTH="1341" HEIGHT="47">
						<String ID="P133_ST00160" HPOS="152" VPOS="1046" WIDTH="53" HEIGHT="32" CONTENT="his" WC="0.60" CC="055"/>
						<SP ID="P133_SP00142" HPOS="205" VPOS="1078" WIDTH="26"/>
						<String ID="P133_ST00161" HPOS="231" VPOS="1057" WIDTH="136" HEIGHT="21" CONTENT="reasons" WC="0.77" CC="3003034"/>
						<SP ID="P133_SP00143" HPOS="367" VPOS="1078" WIDTH="34"/>
						<String ID="P133_ST00162" HPOS="401" VPOS="1043" WIDTH="51" HEIGHT="33" CONTENT="for" WC="0.63" CC="208"/>
						<SP ID="P133_SP00144" HPOS="452" VPOS="1078" WIDTH="39"/>
						<String ID="P133_ST00163" HPOS="491" VPOS="1043" WIDTH="173" HEIGHT="45" CONTENT="declining" WC="0.82" CC="000004351"/>
						<SP ID="P133_SP00145" HPOS="664" VPOS="1088" WIDTH="32"/>
						<String ID="P133_ST00164" HPOS="696" VPOS="1049" WIDTH="36" HEIGHT="27" CONTENT="to" WC="0.91" CC="01"/>
						<SP ID="P133_SP00146" HPOS="732" VPOS="1088" WIDTH="32"/>
						<String ID="P133_ST00165" HPOS="764" VPOS="1042" WIDTH="151" HEIGHT="46" CONTENT="perform" WC="0.79" CC="4051300"/>
						<SP ID="P133_SP00147" HPOS="915" VPOS="1088" WIDTH="25"/>
						<String ID="P133_ST00166" HPOS="940" VPOS="1042" WIDTH="59" HEIGHT="34" CONTENT="the" WC="0.72" CC="610"/>
						<SP ID="P133_SP00148" HPOS="999" VPOS="1088" WIDTH="25"/>
						<String ID="P133_ST00167" HPOS="1024" VPOS="1054" WIDTH="191" HEIGHT="33" CONTENT="ceremony." WC="0.81" CC="006030070"/>
						<SP ID="P133_SP00149" HPOS="1215" VPOS="1088" WIDTH="63"/>
						<String ID="P133_ST00168" HPOS="1278" VPOS="1041" WIDTH="83" HEIGHT="33" CONTENT="This" WC="0.62" CC="1543"/>
						<SP ID="P133_SP00150" HPOS="1361" VPOS="1088" WIDTH="32"/>
						<String ID="P133_ST00169" HPOS="1393" VPOS="1042" WIDTH="100" HEIGHT="32" CONTENT="letter" WC="0.71" CC="505006"/>
					</TextLine>
					<TextLine ID="P133_TL00019" HPOS="152" VPOS="1097" WIDTH="1341" HEIGHT="49">
						<String ID="P133_ST00170" HPOS="152" VPOS="1114" WIDTH="67" HEIGHT="20" CONTENT="was" WC="0.92" CC="020"/>
						<SP ID="P133_SP00151" HPOS="219" VPOS="1134" WIDTH="24"/>
						<String ID="P133_ST00171" HPOS="243" VPOS="1101" WIDTH="129" HEIGHT="45" CONTENT="readily" WC="0.79" CC="0030307"/>
						<SP ID="P133_SP00152" HPOS="372" VPOS="1146" WIDTH="17"/>
						<String ID="P133_ST00172" HPOS="389" VPOS="1100" WIDTH="157" HEIGHT="33" CONTENT="received" WC="0.85" CC="40001005"/>
						<SP ID="P133_SP00153" HPOS="546" VPOS="1146" WIDTH="26"/>
						<String ID="P133_ST00173" HPOS="572" VPOS="1101" WIDTH="45" HEIGHT="43" CONTENT="by" WC="0.63" CC="07"/>
						<SP ID="P133_SP00154" HPOS="617" VPOS="1146" WIDTH="17"/>
						<String ID="P133_ST00174" HPOS="634" VPOS="1099" WIDTH="60" HEIGHT="33" CONTENT="the" WC="0.67" CC="530"/>
						<SP ID="P133_SP00155" HPOS="694" VPOS="1146" WIDTH="24"/>
						<String ID="P133_ST00175" HPOS="718" VPOS="1099" WIDTH="113" HEIGHT="39" CONTENT="Duke," WC="0.89" CC="00004"/>
						<SP ID="P133_SP00156" HPOS="831" VPOS="1146" WIDTH="26"/>
						<String ID="P133_ST00176" HPOS="857" VPOS="1100" WIDTH="76" HEIGHT="32" CONTENT="who" WC="0.83" CC="050"/>
						<SP ID="P133_SP00157" HPOS="933" VPOS="1146" WIDTH="25"/>
						<String ID="P133_ST00177" HPOS="958" VPOS="1099" WIDTH="170" HEIGHT="45" CONTENT="appeared" WC="0.67" CC="16600406"/>
						<SP ID="P133_SP00158" HPOS="1128" VPOS="1146" WIDTH="23"/>
						<String ID="P133_ST00178" HPOS="1151" VPOS="1099" WIDTH="78" HEIGHT="44" CONTENT="glad" WC="0.95" CC="0001"/>
						<SP ID="P133_SP00159" HPOS="1229" VPOS="1146" WIDTH="17"/>
						<String ID="P133_ST00179" HPOS="1246" VPOS="1098" WIDTH="41" HEIGHT="33" CONTENT="of" WC="0.73" CC="50"/>
						<SP ID="P133_SP00160" HPOS="1287" VPOS="1146" WIDTH="18"/>
						<String ID="P133_ST00180" HPOS="1305" VPOS="1111" WIDTH="19" HEIGHT="19" CONTENT="a" WC="0.57" CC="4"/>
						<SP ID="P133_SP00161" HPOS="1324" VPOS="1146" WIDTH="15"/>
						<String ID="P133_ST00181" HPOS="1339" VPOS="1098" WIDTH="78" HEIGHT="44" CONTENT="plea" WC="0.83" CC="6000"/>
						<SP ID="P133_SP00162" HPOS="1417" VPOS="1146" WIDTH="24"/>
						<String ID="P133_ST00182" HPOS="1441" VPOS="1097" WIDTH="52" HEIGHT="33" CONTENT="for" WC="0.72" CC="034"/>
					</TextLine>
					<TextLine ID="P133_TL00020" HPOS="151" VPOS="1153" WIDTH="1342" HEIGHT="49">
						<String ID="P133_ST00183" HPOS="151" VPOS="1158" WIDTH="219" HEIGHT="44" CONTENT="moderating" WC="0.80" CC="2050030160"/>
						<SP ID="P133_SP00163" HPOS="370" VPOS="1202" WIDTH="32"/>
						<String ID="P133_ST00184" HPOS="402" VPOS="1157" WIDTH="59" HEIGHT="33" CONTENT="the" WC="1.00" CC="000"/>
						<SP ID="P133_SP00164" HPOS="461" VPOS="1202" WIDTH="33"/>
						<String ID="P133_ST00185" HPOS="494" VPOS="1156" WIDTH="84" HEIGHT="45" CONTENT="high" WC="0.68" CC="4205"/>
						<SP ID="P133_SP00165" HPOS="578" VPOS="1202" WIDTH="29"/>
						<String ID="P133_ST00186" HPOS="607" VPOS="1162" WIDTH="81" HEIGHT="26" CONTENT="tone" WC="0.90" CC="0400"/>
						<SP ID="P133_SP00166" HPOS="688" VPOS="1202" WIDTH="31"/>
						<String ID="P133_ST00187" HPOS="719" VPOS="1156" WIDTH="44" HEIGHT="32" CONTENT="he" WC="0.71" CC="50"/>
						<SP ID="P133_SP00167" HPOS="763" VPOS="1202" WIDTH="29"/>
						<String ID="P133_ST00188" HPOS="792" VPOS="1156" WIDTH="67" HEIGHT="33" CONTENT="had" WC="1.00" CC="000"/>
						<SP ID="P133_SP00168" HPOS="859" VPOS="1202" WIDTH="30"/>
						<String ID="P133_ST00189" HPOS="889" VPOS="1155" WIDTH="166" HEIGHT="33" CONTENT="assumed." WC="0.88" CC="30500000"/>
						<SP ID="P133_SP00169" HPOS="1055" VPOS="1202" WIDTH="53"/>
						<String ID="P133_ST00190" HPOS="1108" VPOS="1154" WIDTH="55" HEIGHT="32" CONTENT="On" WC="0.93" CC="10"/>
						<SP ID="P133_SP00170" HPOS="1163" VPOS="1202" WIDTH="30"/>
						<String ID="P133_ST00191" HPOS="1193" VPOS="1153" WIDTH="68" HEIGHT="33" CONTENT="this" WC="0.81" CC="0070"/>
						<SP ID="P133_SP00171" HPOS="1261" VPOS="1202" WIDTH="25"/>
						<String ID="P133_ST00192" HPOS="1286" VPOS="1153" WIDTH="102" HEIGHT="33" CONTENT="letter" WC="0.89" CC="001004"/>
						<SP ID="P133_SP00172" HPOS="1388" VPOS="1202" WIDTH="28"/>
						<String ID="P133_ST00193" HPOS="1416" VPOS="1164" WIDTH="77" HEIGHT="21" CONTENT="now" WC="0.57" CC="840"/>
					</TextLine>
					<TextLine ID="P133_TL00021" HPOS="152" VPOS="1208" WIDTH="1339" HEIGHT="50">
						<String ID="P133_ST00194" HPOS="152" VPOS="1214" WIDTH="140" HEIGHT="33" CONTENT="seemed" WC="1.00" CC="000000"/>
						<SP ID="P133_SP00173" HPOS="292" VPOS="1247" WIDTH="28"/>
						<String ID="P133_ST00195" HPOS="320" VPOS="1219" WIDTH="37" HEIGHT="28" CONTENT="to" WC="0.96" CC="00"/>
						<SP ID="P133_SP00174" HPOS="357" VPOS="1247" WIDTH="30"/>
						<String ID="P133_ST00196" HPOS="387" VPOS="1213" WIDTH="138" HEIGHT="45" CONTENT="depend" WC="0.75" CC="106006"/>
						<SP ID="P133_SP00175" HPOS="525" VPOS="1258" WIDTH="21"/>
						<String ID="P133_ST00197" HPOS="546" VPOS="1225" WIDTH="63" HEIGHT="20" CONTENT="our" WC="0.96" CC="000"/>
						<SP ID="P133_SP00176" HPOS="609" VPOS="1258" WIDTH="29"/>
						<String ID="P133_ST00198" HPOS="638" VPOS="1213" WIDTH="82" HEIGHT="44" CONTENT="only" WC="0.66" CC="0516"/>
						<SP ID="P133_SP00177" HPOS="720" VPOS="1258" WIDTH="17"/>
						<String ID="P133_ST00199" HPOS="737" VPOS="1213" WIDTH="127" HEIGHT="33" CONTENT="chance" WC="0.92" CC="000400"/>
						<SP ID="P133_SP00178" HPOS="864" VPOS="1258" WIDTH="17"/>
						<String ID="P133_ST00200" HPOS="881" VPOS="1211" WIDTH="41" HEIGHT="34" CONTENT="of" WC="0.77" CC="03"/>
						<SP ID="P133_SP00179" HPOS="922" VPOS="1258" WIDTH="18"/>
						<String ID="P133_ST00201" HPOS="940" VPOS="1211" WIDTH="139" HEIGHT="44" CONTENT="visiting" WC="0.77" CC="01050270"/>
						<SP ID="P133_SP00180" HPOS="1079" VPOS="1258" WIDTH="24"/>
						<String ID="P133_ST00202" HPOS="1103" VPOS="1210" WIDTH="117" HEIGHT="33" CONTENT="Pekin." WC="0.72" CC="801700"/>
						<SP ID="P133_SP00181" HPOS="1220" VPOS="1258" WIDTH="52"/>
						<String ID="P133_ST00203" HPOS="1272" VPOS="1208" WIDTH="136" HEIGHT="45" CONTENT="During" WC="0.83" CC="200060"/>
						<SP ID="P133_SP00182" HPOS="1408" VPOS="1258" WIDTH="24"/>
						<String ID="P133_ST00204" HPOS="1432" VPOS="1208" WIDTH="59" HEIGHT="33" CONTENT="the" WC="0.95" CC="100"/>
					</TextLine>
					<TextLine ID="P133_TL00022" HPOS="153" VPOS="1264" WIDTH="1342" HEIGHT="46">
						<String ID="P133_ST00205" HPOS="153" VPOS="1271" WIDTH="213" HEIGHT="38" CONTENT="conference," WC="0.78" CC="10650500005"/>
						<SP ID="P133_SP00183" HPOS="366" VPOS="1309" WIDTH="27"/>
						<String ID="P133_ST00206" HPOS="393" VPOS="1270" WIDTH="58" HEIGHT="33" CONTENT="the" WC="0.87" CC="020"/>
						<SP ID="P133_SP00184" HPOS="451" VPOS="1309" WIDTH="18"/>
						<String ID="P133_ST00207" HPOS="469" VPOS="1269" WIDTH="97" HEIGHT="33" CONTENT="voice" WC="0.96" CC="02000"/>
						<SP ID="P133_SP00185" HPOS="566" VPOS="1309" WIDTH="18"/>
						<String ID="P133_ST00208" HPOS="584" VPOS="1269" WIDTH="41" HEIGHT="33" CONTENT="of" WC="1.00" CC="00"/>
						<SP ID="P133_SP00186" HPOS="625" VPOS="1309" WIDTH="23"/>
						<String ID="P133_ST00209" HPOS="648" VPOS="1269" WIDTH="59" HEIGHT="33" CONTENT="the" WC="0.75" CC="430"/>
						<SP ID="P133_SP00187" HPOS="707" VPOS="1309" WIDTH="18"/>
						<String ID="P133_ST00210" HPOS="725" VPOS="1269" WIDTH="103" HEIGHT="33" CONTENT="Duke" WC="0.79" CC="6200"/>
						<SP ID="P133_SP00188" HPOS="828" VPOS="1309" WIDTH="17"/>
						<String ID="P133_ST00211" HPOS="845" VPOS="1280" WIDTH="66" HEIGHT="21" CONTENT="was" WC="0.81" CC="005"/>
						<SP ID="P133_SP00189" HPOS="911" VPOS="1309" WIDTH="24"/>
						<String ID="P133_ST00212" HPOS="935" VPOS="1267" WIDTH="106" HEIGHT="33" CONTENT="heard" WC="0.68" CC="20237"/>
						<SP ID="P133_SP00190" HPOS="1041" VPOS="1309" WIDTH="16"/>
						<String ID="P133_ST00213" HPOS="1057" VPOS="1279" WIDTH="82" HEIGHT="31" CONTENT="very" WC="0.82" CC="0007"/>
						<SP ID="P133_SP00191" HPOS="1139" VPOS="1310" WIDTH="16"/>
						<String ID="P133_ST00214" HPOS="1155" VPOS="1265" WIDTH="84" HEIGHT="45" CONTENT="high" WC="0.89" CC="1200"/>
						<SP ID="P133_SP00192" HPOS="1239" VPOS="1310" WIDTH="25"/>
						<String ID="P133_ST00215" HPOS="1264" VPOS="1265" WIDTH="68" HEIGHT="32" CONTENT="and" WC="0.66" CC="224"/>
						<SP ID="P133_SP00193" HPOS="1332" VPOS="1310" WIDTH="16"/>
						<String ID="P133_ST00216" HPOS="1348" VPOS="1264" WIDTH="147" HEIGHT="33" CONTENT="decisive" WC="0.88" CC="00014200"/>
					</TextLine>
					<TextLine ID="P133_TL00023" HPOS="152" VPOS="1325" WIDTH="566" HEIGHT="46">
						<String ID="P133_ST00217" HPOS="152" VPOS="1328" WIDTH="35" HEIGHT="33" CONTENT="in" WC="0.68" CC="06"/>
						<SP ID="P133_SP00194" HPOS="187" VPOS="1361" WIDTH="19"/>
						<String ID="P133_ST00218" HPOS="206" VPOS="1328" WIDTH="43" HEIGHT="33" CONTENT="all" WC="0.83" CC="004"/>
						<SP ID="P133_SP00195" HPOS="249" VPOS="1361" WIDTH="18"/>
						<String ID="P133_ST00219" HPOS="267" VPOS="1333" WIDTH="92" HEIGHT="38" CONTENT="parts" WC="0.54" CC="56505"/>
						<SP ID="P133_SP00196" HPOS="359" VPOS="1371" WIDTH="18"/>
						<String ID="P133_ST00220" HPOS="377" VPOS="1326" WIDTH="41" HEIGHT="33" CONTENT="of" WC="0.78" CC="12"/>
						<SP ID="P133_SP00197" HPOS="418" VPOS="1371" WIDTH="18"/>
						<String ID="P133_ST00221" HPOS="436" VPOS="1327" WIDTH="59" HEIGHT="32" CONTENT="the" WC="0.89" CC="020"/>
						<SP ID="P133_SP00198" HPOS="495" VPOS="1371" WIDTH="18"/>
						<String ID="P133_ST00222" HPOS="513" VPOS="1325" WIDTH="205" HEIGHT="45" CONTENT="court-yard." WC="0.66" CC="00664370800"/>
					</TextLine>
				</TextBlock>
				<TextBlock ID="P133_TB00005" HPOS="144" VPOS="1379" WIDTH="1353" HEIGHT="605" STYLEREFS="TXT_0 PAR_LEFT">
					<TextLine ID="P133_TL00024" HPOS="199" VPOS="1379" WIDTH="1294" HEIGHT="37">
						<String ID="P133_ST00223" HPOS="199" VPOS="1384" WIDTH="67" HEIGHT="32" CONTENT="We" WC="1.00" CC="00"/>
						<SP ID="P133_SP00199" HPOS="266" VPOS="1416" WIDTH="18"/>
						<String ID="P133_ST00224" HPOS="284" VPOS="1382" WIDTH="163" HEIGHT="34" CONTENT="returned" WC="0.72" CC="20007506"/>
						<SP ID="P133_SP00200" HPOS="447" VPOS="1416" WIDTH="16"/>
						<String ID="P133_ST00225" HPOS="463" VPOS="1381" WIDTH="88" HEIGHT="33" CONTENT="from" WC="0.63" CC="4414"/>
						<SP ID="P133_SP00201" HPOS="551" VPOS="1416" WIDTH="24"/>
						<String ID="P133_ST00226" HPOS="575" VPOS="1381" WIDTH="58" HEIGHT="33" CONTENT="the" WC="0.98" CC="000"/>
						<SP ID="P133_SP00202" HPOS="633" VPOS="1416" WIDTH="18"/>
						<String ID="P133_ST00227" HPOS="651" VPOS="1381" WIDTH="68" HEIGHT="33" CONTENT="hall" WC="0.93" CC="0002"/>
						<SP ID="P133_SP00203" HPOS="719" VPOS="1416" WIDTH="19"/>
						<String ID="P133_ST00228" HPOS="738" VPOS="1381" WIDTH="41" HEIGHT="33" CONTENT="of" WC="0.95" CC="00"/>
						<SP ID="P133_SP00204" HPOS="779" VPOS="1416" WIDTH="19"/>
						<String ID="P133_ST00229" HPOS="798" VPOS="1381" WIDTH="165" HEIGHT="33" CONTENT="audience" WC="0.79" CC="33040400"/>
						<SP ID="P133_SP00205" HPOS="963" VPOS="1416" WIDTH="17"/>
						<String ID="P133_ST00230" HPOS="980" VPOS="1380" WIDTH="34" HEIGHT="32" CONTENT="in" WC="0.90" CC="20"/>
						<SP ID="P133_SP00206" HPOS="1014" VPOS="1416" WIDTH="21"/>
						<String ID="P133_ST00231" HPOS="1035" VPOS="1379" WIDTH="61" HEIGHT="33" CONTENT="the" WC="0.94" CC="100"/>
						<SP ID="P133_SP00207" HPOS="1096" VPOS="1416" WIDTH="22"/>
						<String ID="P133_ST00232" HPOS="1118" VPOS="1390" WIDTH="91" HEIGHT="22" CONTENT="same" WC="0.93" CC="0100"/>
						<SP ID="P133_SP00208" HPOS="1209" VPOS="1416" WIDTH="17"/>
						<String ID="P133_ST00233" HPOS="1226" VPOS="1390" WIDTH="143" HEIGHT="21" CONTENT="manner" WC="0.88" CC="300003"/>
						<SP ID="P133_SP00209" HPOS="1369" VPOS="1416" WIDTH="21"/>
						<String ID="P133_ST00234" HPOS="1390" VPOS="1390" WIDTH="34" HEIGHT="20" CONTENT="as" WC="0.45" CC="37"/>
						<SP ID="P133_SP00210" HPOS="1424" VPOS="1416" WIDTH="18"/>
						<String ID="P133_ST00235" HPOS="1442" VPOS="1389" WIDTH="51" HEIGHT="21" CONTENT="we" WC="1.00" CC="00"/>
					</TextLine>
					<TextLine ID="P133_TL00025" HPOS="154" VPOS="1434" WIDTH="1339" HEIGHT="50">
						<String ID="P133_ST00236" HPOS="154" VPOS="1446" WIDTH="91" HEIGHT="27" CONTENT="went" WC="0.62" CC="0087"/>
						<SP ID="P133_SP00211" HPOS="245" VPOS="1473" WIDTH="22"/>
						<String ID="P133_ST00237" HPOS="267" VPOS="1446" WIDTH="37" HEIGHT="27" CONTENT="to" WC="0.86" CC="02"/>
						<SP ID="P133_SP00212" HPOS="304" VPOS="1473" WIDTH="22"/>
						<String ID="P133_ST00238" HPOS="326" VPOS="1440" WIDTH="37" HEIGHT="39" CONTENT="it," WC="0.76" CC="105"/>
						<SP ID="P133_SP00213" HPOS="363" VPOS="1479" WIDTH="26"/>
						<String ID="P133_ST00239" HPOS="389" VPOS="1439" WIDTH="98" HEIGHT="45" CONTENT="again" WC="1.00" CC="00000"/>
						<SP ID="P133_SP00214" HPOS="487" VPOS="1484" WIDTH="23"/>
						<String ID="P133_ST00240" HPOS="510" VPOS="1438" WIDTH="215" HEIGHT="45" CONTENT="undergoing" WC="0.80" CC="0010016082"/>
						<SP ID="P133_SP00215" HPOS="725" VPOS="1484" WIDTH="24"/>
						<String ID="P133_ST00241" HPOS="749" VPOS="1438" WIDTH="59" HEIGHT="33" CONTENT="the" WC="0.96" CC="100"/>
						<SP ID="P133_SP00216" HPOS="808" VPOS="1484" WIDTH="23"/>
						<String ID="P133_ST00242" HPOS="831" VPOS="1444" WIDTH="69" HEIGHT="27" CONTENT="cart" WC="0.89" CC="0040"/>
						<SP ID="P133_SP00217" HPOS="900" VPOS="1484" WIDTH="26"/>
						<String ID="P133_ST00243" HPOS="926" VPOS="1436" WIDTH="160" HEIGHT="38" CONTENT="exercise," WC="0.75" CC="620005304"/>
						<SP ID="P133_SP00218" HPOS="1086" VPOS="1484" WIDTH="26"/>
						<String ID="P133_ST00244" HPOS="1112" VPOS="1436" WIDTH="63" HEIGHT="32" CONTENT="but" WC="0.81" CC="500"/>
						<SP ID="P133_SP00219" HPOS="1175" VPOS="1484" WIDTH="24"/>
						<String ID="P133_ST00245" HPOS="1199" VPOS="1446" WIDTH="88" HEIGHT="22" CONTENT="were" WC="0.91" CC="0030"/>
						<SP ID="P133_SP00220" HPOS="1287" VPOS="1484" WIDTH="24"/>
						<String ID="P133_ST00246" HPOS="1311" VPOS="1434" WIDTH="124" HEIGHT="33" CONTENT="unable" WC="0.85" CC="020600"/>
						<SP ID="P133_SP00221" HPOS="1435" VPOS="1484" WIDTH="21"/>
						<String ID="P133_ST00247" HPOS="1456" VPOS="1440" WIDTH="37" HEIGHT="26" CONTENT="to" WC="0.76" CC="40"/>
					</TextLine>
					<TextLine ID="P133_TL00026" HPOS="151" VPOS="1489" WIDTH="1341" HEIGHT="50">
						<String ID="P133_ST00248" HPOS="151" VPOS="1498" WIDTH="144" HEIGHT="32" CONTENT="observe" WC="0.78" CC="3050600"/>
						<SP ID="P133_SP00222" HPOS="295" VPOS="1530" WIDTH="21"/>
						<String ID="P133_ST00249" HPOS="316" VPOS="1495" WIDTH="104" HEIGHT="33" CONTENT="much" WC="1.00" CC="0000"/>
						<SP ID="P133_SP00223" HPOS="420" VPOS="1530" WIDTH="24"/>
						<String ID="P133_ST00250" HPOS="444" VPOS="1495" WIDTH="99" HEIGHT="33" CONTENT="order" WC="0.62" CC="58103"/>
						<SP ID="P133_SP00224" HPOS="543" VPOS="1530" WIDTH="17"/>
						<String ID="P133_ST00251" HPOS="560" VPOS="1495" WIDTH="35" HEIGHT="31" CONTENT="in" WC="0.96" CC="00"/>
						<SP ID="P133_SP00225" HPOS="595" VPOS="1530" WIDTH="19"/>
						<String ID="P133_ST00252" HPOS="614" VPOS="1495" WIDTH="150" HEIGHT="44" CONTENT="starting." WC="0.83" CC="002300710"/>
						<SP ID="P133_SP00226" HPOS="764" VPOS="1539" WIDTH="52"/>
						<String ID="P133_ST00253" HPOS="816" VPOS="1494" WIDTH="75" HEIGHT="32" CONTENT="The" WC="0.97" CC="000"/>
						<SP ID="P133_SP00227" HPOS="891" VPOS="1539" WIDTH="19"/>
						<String ID="P133_ST00254" HPOS="910" VPOS="1493" WIDTH="147" HEIGHT="33" CONTENT="Chinese" WC="0.86" CC="0006020"/>
						<SP ID="P133_SP00228" HPOS="1057" VPOS="1539" WIDTH="24"/>
						<String ID="P133_ST00255" HPOS="1081" VPOS="1491" WIDTH="183" HEIGHT="33" CONTENT="muleteers" WC="0.86" CC="230000005"/>
						<SP ID="P133_SP00229" HPOS="1264" VPOS="1539" WIDTH="25"/>
						<String ID="P133_ST00256" HPOS="1289" VPOS="1489" WIDTH="139" HEIGHT="33" CONTENT="hurried" WC="0.81" CC="0713000"/>
						<SP ID="P133_SP00230" HPOS="1428" VPOS="1539" WIDTH="26"/>
						<String ID="P133_ST00257" HPOS="1454" VPOS="1501" WIDTH="38" HEIGHT="20" CONTENT="us" WC="0.92" CC="01"/>
					</TextLine>
					<TextLine ID="P133_TL00027" HPOS="151" VPOS="1546" WIDTH="1341" HEIGHT="49">
						<String ID="P133_ST00258" HPOS="151" VPOS="1554" WIDTH="74" HEIGHT="32" CONTENT="into" WC="0.81" CC="6000"/>
						<SP ID="P133_SP00231" HPOS="225" VPOS="1586" WIDTH="17"/>
						<String ID="P133_ST00259" HPOS="242" VPOS="1553" WIDTH="60" HEIGHT="32" CONTENT="the" WC="0.68" CC="270"/>
						<SP ID="P133_SP00232" HPOS="302" VPOS="1586" WIDTH="17"/>
						<String ID="P133_ST00260" HPOS="319" VPOS="1551" WIDTH="166" HEIGHT="40" CONTENT="vehicles;" WC="0.85" CC="101001026"/>
						<SP ID="P133_SP00233" HPOS="485" VPOS="1591" WIDTH="26"/>
						<String ID="P133_ST00261" HPOS="511" VPOS="1550" WIDTH="68" HEIGHT="34" CONTENT="and" WC="0.56" CC="353"/>
						<SP ID="P133_SP00234" HPOS="579" VPOS="1591" WIDTH="17"/>
						<String ID="P133_ST00262" HPOS="596" VPOS="1563" WIDTH="35" HEIGHT="21" CONTENT="as" WC="0.91" CC="01"/>
						<SP ID="P133_SP00235" HPOS="631" VPOS="1591" WIDTH="17"/>
						<String ID="P133_ST00263" HPOS="648" VPOS="1562" WIDTH="83" HEIGHT="22" CONTENT="soon" WC="0.80" CC="0007"/>
						<SP ID="P133_SP00236" HPOS="731" VPOS="1591" WIDTH="18"/>
						<String ID="P133_ST00264" HPOS="749" VPOS="1563" WIDTH="35" HEIGHT="21" CONTENT="as" WC="0.81" CC="03"/>
						<SP ID="P133_SP00237" HPOS="784" VPOS="1591" WIDTH="17"/>
						<String ID="P133_ST00265" HPOS="801" VPOS="1550" WIDTH="82" HEIGHT="45" CONTENT="they" WC="0.71" CC="2108"/>
						<SP ID="P133_SP00238" HPOS="883" VPOS="1595" WIDTH="19"/>
						<String ID="P133_ST00266" HPOS="902" VPOS="1561" WIDTH="65" HEIGHT="22" CONTENT="saw" WC="0.58" CC="560"/>
						<SP ID="P133_SP00239" HPOS="967" VPOS="1595" WIDTH="17"/>
						<String ID="P133_ST00267" HPOS="984" VPOS="1547" WIDTH="89" HEIGHT="34" CONTENT="their" WC="0.82" CC="41020"/>
						<SP ID="P133_SP00240" HPOS="1073" VPOS="1595" WIDTH="17"/>
						<String ID="P133_ST00268" HPOS="1090" VPOS="1546" WIDTH="186" HEIGHT="46" CONTENT="respective" WC="0.80" CC="5055000200"/>
						<SP ID="P133_SP00241" HPOS="1276" VPOS="1595" WIDTH="18"/>
						<String ID="P133_ST00269" HPOS="1294" VPOS="1557" WIDTH="198" HEIGHT="33" CONTENT="passengers" WC="0.70" CC="5023051055"/>
					</TextLine>
					<TextLine ID="P133_TL00028" HPOS="150" VPOS="1600" WIDTH="1339" HEIGHT="55">
						<String ID="P133_ST00270" HPOS="150" VPOS="1610" WIDTH="98" HEIGHT="45" CONTENT="fairly" WC="0.64" CC="151407"/>
						<SP ID="P133_SP00242" HPOS="248" VPOS="1655" WIDTH="19"/>
						<String ID="P133_ST00271" HPOS="267" VPOS="1609" WIDTH="124" HEIGHT="38" CONTENT="seated," WC="0.85" CC="4000005"/>
						<SP ID="P133_SP00243" HPOS="391" VPOS="1655" WIDTH="27"/>
						<String ID="P133_ST00272" HPOS="418" VPOS="1607" WIDTH="131" HEIGHT="34" CONTENT="carried" WC="0.80" CC="1540200"/>
						<SP ID="P133_SP00244" HPOS="549" VPOS="1655" WIDTH="16"/>
						<String ID="P133_ST00273" HPOS="565" VPOS="1607" WIDTH="94" HEIGHT="33" CONTENT="them" WC="0.81" CC="0106"/>
						<SP ID="P133_SP00245" HPOS="659" VPOS="1655" WIDTH="21"/>
						<String ID="P133_ST00274" HPOS="680" VPOS="1607" WIDTH="53" HEIGHT="32" CONTENT="off" WC="0.95" CC="000"/>
						<SP ID="P133_SP00246" HPOS="733" VPOS="1655" WIDTH="20"/>
						<String ID="P133_ST00275" HPOS="753" VPOS="1606" WIDTH="144" HEIGHT="33" CONTENT="without" WC="0.75" CC="3003045"/>
						<SP ID="P133_SP00247" HPOS="897" VPOS="1655" WIDTH="17"/>
						<String ID="P133_ST00276" HPOS="914" VPOS="1604" WIDTH="138" HEIGHT="44" CONTENT="waiting" WC="0.75" CC="5310060"/>
						<SP ID="P133_SP00248" HPOS="1052" VPOS="1655" WIDTH="24"/>
						<String ID="P133_ST00277" HPOS="1076" VPOS="1602" WIDTH="52" HEIGHT="33" CONTENT="for" WC="0.60" CC="334"/>
						<SP ID="P133_SP00249" HPOS="1128" VPOS="1655" WIDTH="24"/>
						<String ID="P133_ST00278" HPOS="1152" VPOS="1601" WIDTH="89" HEIGHT="32" CONTENT="their" WC="0.77" CC="26002"/>
						<SP ID="P133_SP00250" HPOS="1241" VPOS="1655" WIDTH="17"/>
						<String ID="P133_ST00279" HPOS="1258" VPOS="1600" WIDTH="231" HEIGHT="44" CONTENT="companions." WC="0.85" CC="00142400300"/>
					</TextLine>
					<TextLine ID="P133_TL00029" HPOS="152" VPOS="1655" WIDTH="1340" HEIGHT="54">
						<String ID="P133_ST00280" HPOS="152" VPOS="1666" WIDTH="55" HEIGHT="34" CONTENT="On" WC="0.63" CC="07"/>
						<SP ID="P133_SP00251" HPOS="207" VPOS="1700" WIDTH="17"/>
						<String ID="P133_ST00281" HPOS="224" VPOS="1666" WIDTH="79" HEIGHT="39" CONTENT="this," WC="0.82" CC="01023"/>
						<SP ID="P133_SP00252" HPOS="303" VPOS="1705" WIDTH="35"/>
						<String ID="P133_ST00282" HPOS="338" VPOS="1666" WIDTH="67" HEIGHT="33" CONTENT="and" WC="0.62" CC="505"/>
						<SP ID="P133_SP00253" HPOS="405" VPOS="1705" WIDTH="17"/>
						<String ID="P133_ST00283" HPOS="422" VPOS="1677" WIDTH="45" HEIGHT="21" CONTENT="on" WC="0.76" CC="40"/>
						<SP ID="P133_SP00254" HPOS="467" VPOS="1705" WIDTH="19"/>
						<String ID="P133_ST00284" HPOS="486" VPOS="1677" WIDTH="102" HEIGHT="32" CONTENT="every" WC="0.60" CC="03088"/>
						<SP ID="P133_SP00255" HPOS="588" VPOS="1709" WIDTH="23"/>
						<String ID="P133_ST00285" HPOS="611" VPOS="1665" WIDTH="98" HEIGHT="32" CONTENT="other" WC="0.73" CC="10308"/>
						<SP ID="P133_SP00256" HPOS="709" VPOS="1709" WIDTH="18"/>
						<String ID="P133_ST00286" HPOS="727" VPOS="1663" WIDTH="157" HEIGHT="34" CONTENT="occasion" WC="0.86" CC="00440020"/>
						<SP ID="P133_SP00257" HPOS="884" VPOS="1709" WIDTH="25"/>
						<String ID="P133_ST00287" HPOS="909" VPOS="1661" WIDTH="35" HEIGHT="33" CONTENT="in" WC="0.75" CC="50"/>
						<SP ID="P133_SP00258" HPOS="944" VPOS="1709" WIDTH="23"/>
						<String ID="P133_ST00288" HPOS="967" VPOS="1659" WIDTH="112" HEIGHT="34" CONTENT="which" WC="0.68" CC="25007"/>
						<SP ID="P133_SP00259" HPOS="1079" VPOS="1709" WIDTH="17"/>
						<String ID="P133_ST00289" HPOS="1096" VPOS="1658" WIDTH="59" HEIGHT="32" CONTENT="the" WC="0.86" CC="040"/>
						<SP ID="P133_SP00260" HPOS="1155" VPOS="1709" WIDTH="18"/>
						<String ID="P133_ST00290" HPOS="1173" VPOS="1655" WIDTH="126" HEIGHT="33" CONTENT="British" WC="0.58" CC="4834132"/>
						<SP ID="P133_SP00261" HPOS="1299" VPOS="1709" WIDTH="26"/>
						<String ID="P133_ST00291" HPOS="1325" VPOS="1655" WIDTH="167" HEIGHT="45" CONTENT="Embassy" WC="0.77" CC="3200207"/>
					</TextLine>
					<TextLine ID="P133_TL00030" HPOS="149" VPOS="1711" WIDTH="1342" HEIGHT="58">
						<String ID="P133_ST00292" HPOS="149" VPOS="1723" WIDTH="170" HEIGHT="46" CONTENT="appeared" WC="0.58" CC="76302507"/>
						<SP ID="P133_SP00262" HPOS="319" VPOS="1769" WIDTH="21"/>
						<String ID="P133_ST00293" HPOS="340" VPOS="1722" WIDTH="35" HEIGHT="33" CONTENT="in" WC="0.62" CC="24"/>
						<SP ID="P133_SP00263" HPOS="375" VPOS="1769" WIDTH="24"/>
						<String ID="P133_ST00294" HPOS="399" VPOS="1722" WIDTH="126" HEIGHT="45" CONTENT="public," WC="0.69" CC="2302614"/>
						<SP ID="P133_SP00264" HPOS="525" VPOS="1769" WIDTH="26"/>
						<String ID="P133_ST00295" HPOS="551" VPOS="1721" WIDTH="59" HEIGHT="33" CONTENT="the" WC="0.80" CC="060"/>
						<SP ID="P133_SP00265" HPOS="610" VPOS="1769" WIDTH="20"/>
						<String ID="P133_ST00296" HPOS="630" VPOS="1721" WIDTH="147" HEIGHT="33" CONTENT="Chinese" WC="0.72" CC="3640050"/>
						<SP ID="P133_SP00266" HPOS="777" VPOS="1769" WIDTH="31"/>
						<String ID="P133_ST00297" HPOS="808" VPOS="1717" WIDTH="139" HEIGHT="36" CONTENT="seemed" WC="0.77" CC="500106"/>
						<SP ID="P133_SP00267" HPOS="947" VPOS="1769" WIDTH="28"/>
						<String ID="P133_ST00298" HPOS="975" VPOS="1722" WIDTH="37" HEIGHT="27" CONTENT="to" WC="0.90" CC="01"/>
						<SP ID="P133_SP00268" HPOS="1012" VPOS="1769" WIDTH="25"/>
						<String ID="P133_ST00299" HPOS="1037" VPOS="1713" WIDTH="158" HEIGHT="46" CONTENT="imagine," WC="0.62" CC="55112804"/>
						<SP ID="P133_SP00269" HPOS="1195" VPOS="1769" WIDTH="30"/>
						<String ID="P133_ST00300" HPOS="1225" VPOS="1713" WIDTH="74" HEIGHT="31" CONTENT="that" WC="0.90" CC="0030"/>
						<SP ID="P133_SP00270" HPOS="1299" VPOS="1769" WIDTH="28"/>
						<String ID="P133_ST00301" HPOS="1327" VPOS="1711" WIDTH="58" HEIGHT="33" CONTENT="the" WC="0.91" CC="020"/>
						<SP ID="P133_SP00271" HPOS="1385" VPOS="1769" WIDTH="25"/>
						<String ID="P133_ST00302" HPOS="1410" VPOS="1712" WIDTH="81" HEIGHT="45" CONTENT="only" WC="0.50" CC="5607"/>
					</TextLine>
					<TextLine ID="P133_TL00031" HPOS="147" VPOS="1768" WIDTH="1344" HEIGHT="59">
						<String ID="P133_ST00303" HPOS="147" VPOS="1792" WIDTH="143" HEIGHT="35" CONTENT="persons" WC="0.67" CC="3013671"/>
						<SP ID="P133_SP00272" HPOS="290" VPOS="1827" WIDTH="28"/>
						<String ID="P133_ST00304" HPOS="318" VPOS="1791" WIDTH="179" HEIGHT="31" CONTENT="necessary" WC="0.77" CC="200003337"/>
						<SP ID="P133_SP00273" HPOS="497" VPOS="1827" WIDTH="17"/>
						<String ID="P133_ST00305" HPOS="514" VPOS="1784" WIDTH="36" HEIGHT="26" CONTENT="to" WC="0.76" CC="04"/>
						<SP ID="P133_SP00274" HPOS="550" VPOS="1827" WIDTH="18"/>
						<String ID="P133_ST00306" HPOS="568" VPOS="1777" WIDTH="258" HEIGHT="33" CONTENT="accommodate" WC="0.80" CC="00003825000"/>
						<SP ID="P133_SP00275" HPOS="826" VPOS="1827" WIDTH="18"/>
						<String ID="P133_ST00307" HPOS="844" VPOS="1788" WIDTH="37" HEIGHT="20" CONTENT="or" WC="0.80" CC="04"/>
						<SP ID="P133_SP00276" HPOS="881" VPOS="1827" WIDTH="27"/>
						<String ID="P133_ST00308" HPOS="908" VPOS="1773" WIDTH="124" HEIGHT="45" CONTENT="oblige," WC="0.75" CC="0702205"/>
						<SP ID="P133_SP00277" HPOS="1032" VPOS="1827" WIDTH="25"/>
						<String ID="P133_ST00309" HPOS="1057" VPOS="1782" WIDTH="88" HEIGHT="22" CONTENT="were" WC="0.83" CC="0060"/>
						<SP ID="P133_SP00278" HPOS="1145" VPOS="1827" WIDTH="25"/>
						<String ID="P133_ST00310" HPOS="1170" VPOS="1769" WIDTH="59" HEIGHT="33" CONTENT="the" WC="0.61" CC="650"/>
						<SP ID="P133_SP00279" HPOS="1229" VPOS="1827" WIDTH="21"/>
						<String ID="P133_ST00311" HPOS="1250" VPOS="1768" WIDTH="105" HEIGHT="33" CONTENT="heads" WC="0.66" CC="50074"/>
						<SP ID="P133_SP00280" HPOS="1355" VPOS="1827" WIDTH="17"/>
						<String ID="P133_ST00312" HPOS="1372" VPOS="1768" WIDTH="41" HEIGHT="33" CONTENT="of" WC="0.89" CC="20"/>
						<SP ID="P133_SP00281" HPOS="1413" VPOS="1827" WIDTH="18"/>
						<String ID="P133_ST00313" HPOS="1431" VPOS="1769" WIDTH="60" HEIGHT="33" CONTENT="the" WC="0.69" CC="440"/>
					</TextLine>
					<TextLine ID="P133_TL00032" HPOS="148" VPOS="1825" WIDTH="1349" HEIGHT="54">
						<String ID="P133_ST00314" HPOS="148" VPOS="1838" WIDTH="158" HEIGHT="33" CONTENT="Mission." WC="0.66" CC="05480070"/>
						<SP ID="P133_SP00282" HPOS="306" VPOS="1871" WIDTH="52"/>
						<String ID="P133_ST00315" HPOS="358" VPOS="1835" WIDTH="114" HEIGHT="33" CONTENT="When" WC="0.72" CC="3007"/>
						<SP ID="P133_SP00283" HPOS="472" VPOS="1871" WIDTH="18"/>
						<String ID="P133_ST00316" HPOS="490" VPOS="1835" WIDTH="83" HEIGHT="44" CONTENT="they" WC="0.64" CC="0607"/>
						<SP ID="P133_SP00284" HPOS="573" VPOS="1879" WIDTH="24"/>
						<String ID="P133_ST00317" HPOS="597" VPOS="1846" WIDTH="89" HEIGHT="21" CONTENT="were" WC="0.81" CC="2050"/>
						<SP ID="P133_SP00285" HPOS="686" VPOS="1879" WIDTH="25"/>
						<String ID="P133_ST00318" HPOS="711" VPOS="1832" WIDTH="152" HEIGHT="33" CONTENT="induced" WC="0.54" CC="5783007"/>
						<SP ID="P133_SP00286" HPOS="863" VPOS="1879" WIDTH="17"/>
						<String ID="P133_ST00319" HPOS="880" VPOS="1837" WIDTH="36" HEIGHT="27" CONTENT="to" WC="1.00" CC="00"/>
						<SP ID="P133_SP00287" HPOS="916" VPOS="1879" WIDTH="18"/>
						<String ID="P133_ST00320" HPOS="934" VPOS="1827" WIDTH="117" HEIGHT="35" CONTENT="attend" WC="1.00" CC="000000"/>
						<SP ID="P133_SP00288" HPOS="1051" VPOS="1879" WIDTH="22"/>
						<String ID="P133_ST00321" HPOS="1073" VPOS="1832" WIDTH="36" HEIGHT="28" CONTENT="to" WC="0.35" CC="75"/>
						<SP ID="P133_SP00289" HPOS="1109" VPOS="1879" WIDTH="17"/>
						<String ID="P133_ST00322" HPOS="1126" VPOS="1826" WIDTH="59" HEIGHT="33" CONTENT="the" WC="0.44" CC="456"/>
						<SP ID="P133_SP00290" HPOS="1185" VPOS="1879" WIDTH="26"/>
						<String ID="P133_ST00323" HPOS="1211" VPOS="1825" WIDTH="229" HEIGHT="34" CONTENT="convenience" WC="0.87" CC="00100600400"/>
						<SP ID="P133_SP00291" HPOS="1440" VPOS="1879" WIDTH="18"/>
						<String ID="P133_ST00324" HPOS="1458" VPOS="1826" WIDTH="39" HEIGHT="33" CONTENT="of" WC="0.67" CC="60"/>
					</TextLine>
					<TextLine ID="P133_TL00033" HPOS="145" VPOS="1882" WIDTH="1347" HEIGHT="55">
						<String ID="P133_ST00325" HPOS="145" VPOS="1896" WIDTH="44" HEIGHT="33" CONTENT="its" WC="0.86" CC="040"/>
						<SP ID="P133_SP00292" HPOS="189" VPOS="1929" WIDTH="18"/>
						<String ID="P133_ST00326" HPOS="207" VPOS="1894" WIDTH="99" HEIGHT="34" CONTENT="other" WC="0.83" CC="00503"/>
						<SP ID="P133_SP00293" HPOS="306" VPOS="1929" WIDTH="29"/>
						<String ID="P133_ST00327" HPOS="335" VPOS="1893" WIDTH="182" HEIGHT="38" CONTENT="members," WC="0.71" CC="60200245"/>
						<SP ID="P133_SP00294" HPOS="517" VPOS="1931" WIDTH="26"/>
						<String ID="P133_ST00328" HPOS="543" VPOS="1892" WIDTH="83" HEIGHT="45" CONTENT="they" WC="0.58" CC="4308"/>
						<SP ID="P133_SP00295" HPOS="626" VPOS="1937" WIDTH="17"/>
						<String ID="P133_ST00329" HPOS="643" VPOS="1903" WIDTH="88" HEIGHT="21" CONTENT="were" WC="0.81" CC="3030"/>
						<SP ID="P133_SP00296" HPOS="731" VPOS="1937" WIDTH="17"/>
						<String ID="P133_ST00330" HPOS="748" VPOS="1887" WIDTH="176" HEIGHT="49" CONTENT="generally" WC="0.69" CC="107060408"/>
						<SP ID="P133_SP00297" HPOS="924" VPOS="1937" WIDTH="18"/>
						<String ID="P133_ST00331" HPOS="942" VPOS="1883" WIDTH="193" HEIGHT="35" CONTENT="influenced" WC="0.70" CC="2500705007"/>
						<SP ID="P133_SP00298" HPOS="1135" VPOS="1937" WIDTH="30"/>
						<String ID="P133_ST00332" HPOS="1165" VPOS="1882" WIDTH="107" HEIGHT="33" CONTENT="either" WC="0.85" CC="000404"/>
						<SP ID="P133_SP00299" HPOS="1272" VPOS="1937" WIDTH="25"/>
						<String ID="P133_ST00333" HPOS="1297" VPOS="1883" WIDTH="45" HEIGHT="44" CONTENT="by" WC="0.61" CC="07"/>
						<SP ID="P133_SP00300" HPOS="1342" VPOS="1937" WIDTH="18"/>
						<String ID="P133_ST00334" HPOS="1360" VPOS="1882" WIDTH="69" HEIGHT="33" CONTENT="fear" WC="0.79" CC="6001"/>
						<SP ID="P133_SP00301" HPOS="1429" VPOS="1937" WIDTH="25"/>
						<String ID="P133_ST00335" HPOS="1454" VPOS="1894" WIDTH="38" HEIGHT="21" CONTENT="or" WC="0.65" CC="60"/>
					</TextLine>
					<TextLine ID="P133_TL00034" HPOS="145" VPOS="1954" WIDTH="150" HEIGHT="30">
						<String ID="P133_ST00336" HPOS="145" VPOS="1954" WIDTH="150" HEIGHT="30" CONTENT="interest." WC="0.77" CC="660030400"/>
					</TextLine>
				</TextBlock>
				<TextBlock ID="P133_TB00006" HPOS="145" VPOS="1995" WIDTH="1342" HEIGHT="112" STYLEREFS="TXT_0 PAR_LEFT">
					<TextLine ID="P133_TL00035" HPOS="196" VPOS="1996" WIDTH="1291" HEIGHT="56">
						<String ID="P133_ST00337" HPOS="196" VPOS="2009" WIDTH="39" HEIGHT="33" CONTENT="In" WC="0.75" CC="05"/>
						<SP ID="P133_SP00302" HPOS="235" VPOS="2042" WIDTH="27"/>
						<String ID="P133_ST00338" HPOS="262" VPOS="2007" WIDTH="178" HEIGHT="45" CONTENT="returning" WC="0.72" CC="200237061"/>
						<SP ID="P133_SP00303" HPOS="440" VPOS="2052" WIDTH="16"/>
						<String ID="P133_ST00339" HPOS="456" VPOS="2012" WIDTH="37" HEIGHT="27" CONTENT="to" WC="0.94" CC="01"/>
						<SP ID="P133_SP00304" HPOS="493" VPOS="2052" WIDTH="17"/>
						<String ID="P133_ST00340" HPOS="510" VPOS="2006" WIDTH="60" HEIGHT="33" CONTENT="the" WC="0.80" CC="050"/>
						<SP ID="P133_SP00305" HPOS="570" VPOS="2052" WIDTH="18"/>
						<String ID="P133_ST00341" HPOS="588" VPOS="2003" WIDTH="260" HEIGHT="35" CONTENT="Ambassador's" WC="0.78" CC="240030470300"/>
						<SP ID="P133_SP00306" HPOS="848" VPOS="2052" WIDTH="17"/>
						<String ID="P133_ST00342" HPOS="865" VPOS="2002" WIDTH="119" HEIGHT="36" CONTENT="house," WC="0.62" CC="606404"/>
						<SP ID="P133_SP00307" HPOS="984" VPOS="2052" WIDTH="26"/>
						<String ID="P133_ST00343" HPOS="1010" VPOS="2010" WIDTH="50" HEIGHT="21" CONTENT="Ave" WC="0.47" CC="860"/>
						<SP ID="P133_SP00308" HPOS="1060" VPOS="2052" WIDTH="17"/>
						<String ID="P133_ST00344" HPOS="1077" VPOS="2009" WIDTH="88" HEIGHT="22" CONTENT="were" WC="0.81" CC="5010"/>
						<SP ID="P133_SP00309" HPOS="1165" VPOS="2052" WIDTH="25"/>
						<String ID="P133_ST00345" HPOS="1190" VPOS="1996" WIDTH="138" HEIGHT="46" CONTENT="obliged" WC="0.90" CC="0100004"/>
						<SP ID="P133_SP00310" HPOS="1328" VPOS="2052" WIDTH="22"/>
						<String ID="P133_ST00346" HPOS="1350" VPOS="2002" WIDTH="35" HEIGHT="27" CONTENT="to" WC="1.00" CC="00"/>
						<SP ID="P133_SP00311" HPOS="1385" VPOS="2052" WIDTH="24"/>
						<String ID="P133_ST00347" HPOS="1409" VPOS="2008" WIDTH="78" HEIGHT="21" CONTENT="con" SUBS_TYPE="HypPart1" SUBS_CONTENT="content" WC="0.83" CC="3002"/>
						<HYP CONTENT="-"/>
					</TextLine>
					<TextLine ID="P133_TL00036" HPOS="146" VPOS="2053" WIDTH="1341" HEIGHT="54">
						<String ID="P133_ST00348" HPOS="146" VPOS="2072" WIDTH="74" HEIGHT="28" CONTENT="tent" SUBS_TYPE="HypPart2" SUBS_CONTENT="content" WC="0.78" CC="0070"/>
						<SP ID="P133_SP00312" HPOS="220" VPOS="2100" WIDTH="11"/>
						<String ID="P133_ST00349" HPOS="231" VPOS="2065" WIDTH="172" HEIGHT="34" CONTENT="ourselves" WC="0.73" CC="612000608"/>
						<SP ID="P133_SP00313" HPOS="403" VPOS="2100" WIDTH="13"/>
						<String ID="P133_ST00350" HPOS="416" VPOS="2064" WIDTH="84" HEIGHT="33" CONTENT="with" WC="0.95" CC="0001"/>
						<SP ID="P133_SP00314" HPOS="500" VPOS="2100" WIDTH="11"/>
						<String ID="P133_ST00351" HPOS="511" VPOS="2076" WIDTH="19" HEIGHT="21" CONTENT="a" WC="0.86" CC="1"/>
						<SP ID="P133_SP00315" HPOS="530" VPOS="2100" WIDTH="11"/>
						<String ID="P133_ST00352" HPOS="541" VPOS="2075" WIDTH="93" HEIGHT="22" CONTENT="mere" WC="0.84" CC="2040"/>
						<SP ID="P133_SP00316" HPOS="634" VPOS="2100" WIDTH="14"/>
						<String ID="P133_ST00353" HPOS="648" VPOS="2062" WIDTH="137" HEIGHT="45" CONTENT="passing" WC="0.71" CC="7310061"/>
						<SP ID="P133_SP00317" HPOS="785" VPOS="2107" WIDTH="12"/>
						<String ID="P133_ST00354" HPOS="797" VPOS="2058" WIDTH="119" HEIGHT="48" CONTENT="glance" WC="0.75" CC="043600"/>
						<SP ID="P133_SP00318" HPOS="916" VPOS="2107" WIDTH="14"/>
						<String ID="P133_ST00355" HPOS="930" VPOS="2063" WIDTH="32" HEIGHT="27" CONTENT="at" WC="0.50" CC="54"/>
						<SP ID="P133_SP00319" HPOS="962" VPOS="2107" WIDTH="14"/>
						<String ID="P133_ST00356" HPOS="976" VPOS="2055" WIDTH="59" HEIGHT="33" CONTENT="the" WC="0.73" CC="250"/>
						<SP ID="P133_SP00320" HPOS="1035" VPOS="2107" WIDTH="13"/>
						<String ID="P133_ST00357" HPOS="1048" VPOS="2054" WIDTH="69" HEIGHT="46" CONTENT="city" WC="0.85" CC="0006"/>
						<SP ID="P133_SP00321" HPOS="1117" VPOS="2107" WIDTH="12"/>
						<String ID="P133_ST00358" HPOS="1129" VPOS="2053" WIDTH="66" HEIGHT="36" CONTENT="and" WC="0.39" CC="376"/>
						<SP ID="P133_SP00322" HPOS="1195" VPOS="2107" WIDTH="18"/>
						<String ID="P133_ST00359" HPOS="1213" VPOS="2053" WIDTH="43" HEIGHT="33" CONTENT="its" WC="0.83" CC="004"/>
						<SP ID="P133_SP00323" HPOS="1256" VPOS="2107" WIDTH="14"/>
						<String ID="P133_ST00360" HPOS="1270" VPOS="2053" WIDTH="217" HEIGHT="33" CONTENT="inhabitants." WC="0.72" CC="365030057000"/>
					</TextLine>
				</TextBlock>
			</PrintSpace>
		</Page>
	</Layout>
</alto>
