<?xml version="1.0" encoding="UTF-8"?>
<alto xmlns:xsi="http://www.w3.org/2001/XMLSchema-instance" xsi:noNamespaceSchemaLocation="http://www.bl.uk/schemas/alto/alto-1-4.xsd" xmlns:xlink="http://www.w3.org/1999/xlink">
	<Description>
		<MeasurementUnit>mm10</MeasurementUnit>
		<sourceImageInformation>
			<fileName>//head1/IN/2008-13/A0011342463/003383.jp2</fileName>
		</sourceImageInformation>
		<OCRProcessing ID="OCRPROCESSING_1">
			<preProcessingStep>
				<processingSoftware>
					<softwareCreator>CCS Content Conversion Specialists GmbH, Germany</softwareCreator>
					<softwareName>CCS docWORKS</softwareName>
					<softwareVersion>6.1-0.67</softwareVersion>
				</processingSoftware>
			</preProcessingStep>
			<ocrProcessingStep>
				<processingSoftware>
					<softwareCreator>ABBYY (BIT Software), Russia</softwareCreator>
					<softwareName>Finereader</softwareName>
				</processingSoftware>
			</ocrProcessingStep>
		</OCRProcessing>
	</Description>
	<Styles>
		<TextStyle ID="TXT_0" FONTSIZE="10" FONTFAMILY="Courier New"/>
		<ParagraphStyle ID="PAR_RIGHT" ALIGN="Right"/>
		<ParagraphStyle ID="PAR_LEFT" ALIGN="Left"/>
		<ParagraphStyle ID="PAR_CENTER" ALIGN="Center"/>
	</Styles>
	<Layout>
		<Page ID="P463" PHYSICAL_IMG_NR="463" HEIGHT="2350" WIDTH="1784" PRINTED_IMG_NR="393" POSITION="Right" ACCURACY="74.15">
			<TopMargin ID="P463_TM00001" HPOS="0" VPOS="0" WIDTH="1783" HEIGHT="169">
				<TextBlock ID="P463_TB00001" HPOS="633" VPOS="128" WIDTH="598" HEIGHT="27" STYLEREFS="TXT_0 PAR_RIGHT">
					<TextLine ID="P463_TL00001" HPOS="634" VPOS="129" WIDTH="592" HEIGHT="26">
						<String ID="P463_ST00001" HPOS="634" VPOS="129" WIDTH="156" HEIGHT="23" CONTENT="CHINESE" WC="0.62" CC="6425420"/>
						<SP ID="P463_SP00001" HPOS="790" VPOS="152" WIDTH="21"/>
						<String ID="P463_ST00002" HPOS="811" VPOS="129" WIDTH="165" HEIGHT="24" CONTENT="OFFICIAL" WC="0.65" CC="40070347"/>
						<SP ID="P463_SP00002" HPOS="976" VPOS="153" WIDTH="19"/>
						<String ID="P463_ST00003" HPOS="995" VPOS="131" WIDTH="231" HEIGHT="24" CONTENT="DOCUMENTS." WC="0.82" CC="0600002062"/>
					</TextLine>
				</TextBlock>
				<TextBlock ID="P463_TB00002" HPOS="1532" VPOS="138" WIDTH="66" HEIGHT="29" STYLEREFS="TXT_0 PAR_RIGHT">
					<TextLine ID="P463_TL00002" HPOS="1533" VPOS="138" WIDTH="65" HEIGHT="29">
						<String ID="P463_ST00004" HPOS="1533" VPOS="138" WIDTH="65" HEIGHT="29" CONTENT="393" WC="0.38" CC="747"/>
					</TextLine>
				</TextBlock>
			</TopMargin>
			<LeftMargin ID="P463_LM00001" HPOS="0" VPOS="169" WIDTH="247" HEIGHT="1941"/>
			<RightMargin ID="P463_RM00001" HPOS="1599" VPOS="169" WIDTH="184" HEIGHT="1941"/>
			<BottomMargin ID="P463_BM00001" HPOS="0" VPOS="2110" WIDTH="1783" HEIGHT="240"/>
			<PrintSpace ID="P463_PS00001" HPOS="247" VPOS="169" WIDTH="1353" HEIGHT="1941">
				<TextBlock ID="P463_TB00003" HPOS="253" VPOS="204" WIDTH="1343" HEIGHT="193" STYLEREFS="TXT_0 PAR_LEFT">
					<TextLine ID="P463_TL00003" HPOS="257" VPOS="205" WIDTH="1339" HEIGHT="46">
						<String ID="P463_ST00005" HPOS="257" VPOS="212" WIDTH="78" HEIGHT="30" CONTENT="pass," WC="0.82" CC="40201"/>
						<SP ID="P463_SP00003" HPOS="335" VPOS="242" WIDTH="19"/>
						<String ID="P463_ST00006" HPOS="354" VPOS="213" WIDTH="55" HEIGHT="21" CONTENT="nor" WC="0.62" CC="505"/>
						<SP ID="P463_SP00004" HPOS="409" VPOS="242" WIDTH="17"/>
						<String ID="P463_ST00007" HPOS="426" VPOS="215" WIDTH="50" HEIGHT="20" CONTENT="are" WC="0.85" CC="040"/>
						<SP ID="P463_SP00005" HPOS="476" VPOS="242" WIDTH="16"/>
						<String ID="P463_ST00008" HPOS="492" VPOS="206" WIDTH="75" HEIGHT="38" CONTENT="they" WC="0.65" CC="6105"/>
						<SP ID="P463_SP00006" HPOS="567" VPOS="244" WIDTH="17"/>
						<String ID="P463_ST00009" HPOS="584" VPOS="205" WIDTH="129" HEIGHT="30" CONTENT="allowed" WC="0.74" CC="0700604"/>
						<SP ID="P463_SP00007" HPOS="713" VPOS="244" WIDTH="16"/>
						<String ID="P463_ST00010" HPOS="729" VPOS="207" WIDTH="150" HEIGHT="39" CONTENT="privately" WC="0.92" CC="010000005"/>
						<SP ID="P463_SP00008" HPOS="879" VPOS="246" WIDTH="24"/>
						<String ID="P463_ST00011" HPOS="903" VPOS="207" WIDTH="50" HEIGHT="39" CONTENT="(or" WC="0.71" CC="214"/>
						<SP ID="P463_SP00009" HPOS="953" VPOS="246" WIDTH="16"/>
						<String ID="P463_ST00012" HPOS="969" VPOS="207" WIDTH="238" HEIGHT="43" CONTENT="clandestinely)" WC="0.85" CC="05030000070050"/>
						<SP ID="P463_SP00010" HPOS="1207" VPOS="250" WIDTH="27"/>
						<String ID="P463_ST00013" HPOS="1234" VPOS="215" WIDTH="32" HEIGHT="25" CONTENT="to" WC="0.95" CC="00"/>
						<SP ID="P463_SP00011" HPOS="1266" VPOS="250" WIDTH="16"/>
						<String ID="P463_ST00014" HPOS="1282" VPOS="212" WIDTH="88" HEIGHT="29" CONTENT="make" WC="0.89" CC="2010"/>
						<SP ID="P463_SP00012" HPOS="1370" VPOS="250" WIDTH="16"/>
						<String ID="P463_ST00015" HPOS="1386" VPOS="210" WIDTH="166" HEIGHT="41" CONTENT="purchases" WC="0.93" CC="000030300"/>
						<SP ID="P463_SP00013" HPOS="1552" VPOS="251" WIDTH="16"/>
						<String ID="P463_ST00016" HPOS="1568" VPOS="213" WIDTH="28" HEIGHT="28" CONTENT="of" WC="0.75" CC="05"/>
					</TextLine>
					<TextLine ID="P463_TL00004" HPOS="255" VPOS="256" WIDTH="1341" HEIGHT="45">
						<String ID="P463_ST00017" HPOS="255" VPOS="264" WIDTH="61" HEIGHT="31" CONTENT="any" WC="0.31" CC="487"/>
						<SP ID="P463_SP00014" HPOS="316" VPOS="295" WIDTH="16"/>
						<String ID="P463_ST00018" HPOS="332" VPOS="256" WIDTH="225" HEIGHT="29" CONTENT="commodities." WC="0.92" CC="000104300000"/>
						<SP ID="P463_SP00015" HPOS="557" VPOS="295" WIDTH="46"/>
						<String ID="P463_ST00019" HPOS="603" VPOS="256" WIDTH="52" HEIGHT="29" CONTENT="On" WC="0.59" CC="16"/>
						<SP ID="P463_SP00016" HPOS="655" VPOS="295" WIDTH="18"/>
						<String ID="P463_ST00020" HPOS="673" VPOS="267" WIDTH="93" HEIGHT="29" CONTENT="every" WC="0.70" CC="00086"/>
						<SP ID="P463_SP00017" HPOS="766" VPOS="296" WIDTH="15"/>
						<String ID="P463_ST00021" HPOS="781" VPOS="257" WIDTH="143" HEIGHT="29" CONTENT="occasion" WC="0.87" CC="04000400"/>
						<SP ID="P463_SP00018" HPOS="924" VPOS="296" WIDTH="16"/>
						<String ID="P463_ST00022" HPOS="940" VPOS="256" WIDTH="44" HEIGHT="30" CONTENT="let" WC="0.91" CC="200"/>
						<SP ID="P463_SP00019" HPOS="984" VPOS="296" WIDTH="21"/>
						<String ID="P463_ST00023" HPOS="1005" VPOS="267" WIDTH="68" HEIGHT="19" CONTENT="care" WC="1.00" CC="0000"/>
						<SP ID="P463_SP00020" HPOS="1073" VPOS="296" WIDTH="15"/>
						<String ID="P463_ST00024" HPOS="1088" VPOS="259" WIDTH="39" HEIGHT="29" CONTENT="be" WC="1.00" CC="00"/>
						<SP ID="P463_SP00021" HPOS="1127" VPOS="296" WIDTH="23"/>
						<String ID="P463_ST00025" HPOS="1150" VPOS="261" WIDTH="93" HEIGHT="29" CONTENT="taken" WC="0.88" CC="00006"/>
						<SP ID="P463_SP00022" HPOS="1243" VPOS="296" WIDTH="16"/>
						<String ID="P463_ST00026" HPOS="1259" VPOS="266" WIDTH="33" HEIGHT="24" CONTENT="to" WC="0.77" CC="40"/>
						<SP ID="P463_SP00023" HPOS="1292" VPOS="296" WIDTH="16"/>
						<String ID="P463_ST00027" HPOS="1308" VPOS="267" WIDTH="138" HEIGHT="34" CONTENT="prevent." WC="0.84" CC="16000500"/>
						<SP ID="P463_SP00024" HPOS="1446" VPOS="301" WIDTH="47"/>
						<String ID="P463_ST00028" HPOS="1493" VPOS="262" WIDTH="34" HEIGHT="29" CONTENT="If" WC="0.59" CC="07"/>
						<SP ID="P463_SP00025" HPOS="1527" VPOS="301" WIDTH="12"/>
						<String ID="P463_ST00029" HPOS="1539" VPOS="271" WIDTH="57" HEIGHT="30" CONTENT="any" WC="0.55" CC="417"/>
					</TextLine>
					<TextLine ID="P463_TL00005" HPOS="254" VPOS="306" WIDTH="1342" HEIGHT="42">
						<String ID="P463_ST00030" HPOS="254" VPOS="306" WIDTH="39" HEIGHT="28" CONTENT="of" WC="1.00" CC="00"/>
						<SP ID="P463_SP00026" HPOS="293" VPOS="334" WIDTH="10"/>
						<String ID="P463_ST00031" HPOS="303" VPOS="307" WIDTH="53" HEIGHT="29" CONTENT="the" WC="0.93" CC="020"/>
						<SP ID="P463_SP00027" HPOS="356" VPOS="336" WIDTH="16"/>
						<String ID="P463_ST00032" HPOS="372" VPOS="307" WIDTH="147" HEIGHT="29" CONTENT="boatmen" WC="0.97" CC="0100000"/>
						<SP ID="P463_SP00028" HPOS="519" VPOS="336" WIDTH="17"/>
						<String ID="P463_ST00033" HPOS="536" VPOS="307" WIDTH="72" HEIGHT="29" CONTENT="dare" WC="0.96" CC="0100"/>
						<SP ID="P463_SP00029" HPOS="608" VPOS="336" WIDTH="16"/>
						<String ID="P463_ST00034" HPOS="624" VPOS="312" WIDTH="33" HEIGHT="25" CONTENT="to" WC="1.00" CC="00"/>
						<SP ID="P463_SP00030" HPOS="657" VPOS="337" WIDTH="20"/>
						<String ID="P463_ST00035" HPOS="677" VPOS="308" WIDTH="151" HEIGHT="39" CONTENT="purchase" WC="0.95" CC="00000040"/>
						<SP ID="P463_SP00031" HPOS="828" VPOS="347" WIDTH="16"/>
						<String ID="P463_ST00036" HPOS="844" VPOS="307" WIDTH="47" HEIGHT="30" CONTENT="for" WC="1.00" CC="000"/>
						<SP ID="P463_SP00032" HPOS="891" VPOS="347" WIDTH="24"/>
						<String ID="P463_ST00037" HPOS="915" VPOS="307" WIDTH="85" HEIGHT="30" CONTENT="them" WC="0.94" CC="0002"/>
						<SP ID="P463_SP00033" HPOS="1000" VPOS="347" WIDTH="17"/>
						<String ID="P463_ST00038" HPOS="1017" VPOS="318" WIDTH="60" HEIGHT="30" CONTENT="any" WC="0.59" CC="065"/>
						<SP ID="P463_SP00034" HPOS="1077" VPOS="348" WIDTH="17"/>
						<String ID="P463_ST00039" HPOS="1094" VPOS="309" WIDTH="104" HEIGHT="36" CONTENT="books," WC="0.89" CC="040001"/>
						<SP ID="P463_SP00035" HPOS="1198" VPOS="348" WIDTH="24"/>
						<String ID="P463_ST00040" HPOS="1222" VPOS="312" WIDTH="139" HEIGHT="35" CONTENT="victuals," WC="0.79" CC="560000033"/>
						<SP ID="P463_SP00036" HPOS="1361" VPOS="348" WIDTH="25"/>
						<String ID="P463_ST00041" HPOS="1386" VPOS="323" WIDTH="34" HEIGHT="19" CONTENT="or" WC="0.91" CC="01"/>
						<SP ID="P463_SP00037" HPOS="1420" VPOS="348" WIDTH="23"/>
						<String ID="P463_ST00042" HPOS="1443" VPOS="313" WIDTH="88" HEIGHT="30" CONTENT="other" WC="0.98" CC="00000"/>
						<SP ID="P463_SP00038" HPOS="1531" VPOS="348" WIDTH="16"/>
						<String ID="P463_ST00043" HPOS="1547" VPOS="323" WIDTH="49" HEIGHT="20" CONTENT="ne" SUBS_TYPE="HypPart1" SUBS_CONTENT="necessaries," WC="0.69" CC="404"/>
						<HYP CONTENT="-"/>
					</TextLine>
					<TextLine ID="P463_TL00006" HPOS="254" VPOS="356" WIDTH="1155" HEIGHT="41">
						<String ID="P463_ST00044" HPOS="254" VPOS="357" WIDTH="155" HEIGHT="34" CONTENT="cessaries," SUBS_TYPE="HypPart2" SUBS_CONTENT="necessaries," WC="0.74" CC="0066031006"/>
						<SP ID="P463_SP00039" HPOS="409" VPOS="391" WIDTH="18"/>
						<String ID="P463_ST00045" HPOS="427" VPOS="356" WIDTH="75" HEIGHT="40" CONTENT="they" WC="0.58" CC="4407"/>
						<SP ID="P463_SP00040" HPOS="502" VPOS="396" WIDTH="16"/>
						<String ID="P463_ST00046" HPOS="518" VPOS="356" WIDTH="77" HEIGHT="29" CONTENT="shall" WC="0.81" CC="03041"/>
						<SP ID="P463_SP00041" HPOS="595" VPOS="396" WIDTH="15"/>
						<String ID="P463_ST00047" HPOS="610" VPOS="358" WIDTH="38" HEIGHT="30" CONTENT="be" WC="1.00" CC="00"/>
						<SP ID="P463_SP00042" HPOS="648" VPOS="396" WIDTH="16"/>
						<String ID="P463_ST00048" HPOS="664" VPOS="357" WIDTH="212" HEIGHT="40" CONTENT="immediately" WC="0.86" CC="20006000004"/>
						<SP ID="P463_SP00043" HPOS="876" VPOS="397" WIDTH="16"/>
						<String ID="P463_ST00049" HPOS="892" VPOS="358" WIDTH="101" HEIGHT="30" CONTENT="seized" WC="0.90" CC="000006"/>
						<SP ID="P463_SP00044" HPOS="993" VPOS="397" WIDTH="21"/>
						<String ID="P463_ST00050" HPOS="1014" VPOS="358" WIDTH="62" HEIGHT="30" CONTENT="and" WC="0.74" CC="051"/>
						<SP ID="P463_SP00045" HPOS="1076" VPOS="397" WIDTH="14"/>
						<String ID="P463_ST00051" HPOS="1090" VPOS="360" WIDTH="137" HEIGHT="37" CONTENT="severely" WC="0.89" CC="00101005"/>
						<SP ID="P463_SP00046" HPOS="1227" VPOS="397" WIDTH="21"/>
						<String ID="P463_ST00052" HPOS="1248" VPOS="362" WIDTH="161" HEIGHT="35" CONTENT="punished." WC="0.89" CC="004200020"/>
					</TextLine>
				</TextBlock>
				<TextBlock ID="P463_TB00004" HPOS="250" VPOS="406" WIDTH="1350" HEIGHT="440" STYLEREFS="TXT_0 PAR_LEFT">
					<TextLine ID="P463_TL00007" HPOS="296" VPOS="406" WIDTH="1302" HEIGHT="44">
						<String ID="P463_ST00053" HPOS="296" VPOS="406" WIDTH="70" HEIGHT="30" CONTENT="The" WC="1.00" CC="000"/>
						<SP ID="P463_SP00047" HPOS="366" VPOS="436" WIDTH="16"/>
						<String ID="P463_ST00054" HPOS="382" VPOS="407" WIDTH="99" HEIGHT="28" CONTENT="above" WC="0.95" CC="00020"/>
						<SP ID="P463_SP00048" HPOS="481" VPOS="436" WIDTH="16"/>
						<String ID="P463_ST00055" HPOS="497" VPOS="407" WIDTH="126" HEIGHT="40" CONTENT="coming" WC="0.85" CC="002050"/>
						<SP ID="P463_SP00049" HPOS="623" VPOS="447" WIDTH="15"/>
						<String ID="P463_ST00056" HPOS="638" VPOS="409" WIDTH="107" HEIGHT="30" CONTENT="before" WC="0.92" CC="002010"/>
						<SP ID="P463_SP00050" HPOS="745" VPOS="447" WIDTH="17"/>
						<String ID="P463_ST00057" HPOS="762" VPOS="419" WIDTH="58" HEIGHT="25" CONTENT="me," WC="0.76" CC="006"/>
						<SP ID="P463_SP00051" HPOS="820" VPOS="447" WIDTH="18"/>
						<String ID="P463_ST00058" HPOS="838" VPOS="408" WIDTH="53" HEIGHT="31" CONTENT="the" WC="0.97" CC="000"/>
						<SP ID="P463_SP00052" HPOS="891" VPOS="447" WIDTH="18"/>
						<String ID="P463_ST00059" HPOS="909" VPOS="408" WIDTH="102" HEIGHT="36" CONTENT="Heen," WC="0.66" CC="50073"/>
						<SP ID="P463_SP00053" HPOS="1011" VPOS="447" WIDTH="17"/>
						<String ID="P463_ST00060" HPOS="1028" VPOS="409" WIDTH="26" HEIGHT="30" CONTENT="it" WC="0.80" CC="40"/>
						<SP ID="P463_SP00054" HPOS="1054" VPOS="447" WIDTH="15"/>
						<String ID="P463_ST00061" HPOS="1069" VPOS="409" WIDTH="24" HEIGHT="30" CONTENT="is" WC="0.72" CC="50"/>
						<SP ID="P463_SP00055" HPOS="1093" VPOS="447" WIDTH="16"/>
						<String ID="P463_ST00062" HPOS="1109" VPOS="409" WIDTH="182" HEIGHT="30" CONTENT="incumbent" WC="0.93" CC="400000000"/>
						<SP ID="P463_SP00056" HPOS="1291" VPOS="447" WIDTH="15"/>
						<String ID="P463_ST00063" HPOS="1306" VPOS="421" WIDTH="83" HEIGHT="29" CONTENT="upon" WC="0.92" CC="0201"/>
						<SP ID="P463_SP00057" HPOS="1389" VPOS="450" WIDTH="15"/>
						<String ID="P463_ST00064" HPOS="1404" VPOS="422" WIDTH="49" HEIGHT="21" CONTENT="me" WC="0.85" CC="20"/>
						<SP ID="P463_SP00058" HPOS="1453" VPOS="450" WIDTH="17"/>
						<String ID="P463_ST00065" HPOS="1470" VPOS="418" WIDTH="33" HEIGHT="25" CONTENT="to" WC="1.00" CC="00"/>
						<SP ID="P463_SP00059" HPOS="1503" VPOS="450" WIDTH="16"/>
						<String ID="P463_ST00066" HPOS="1519" VPOS="414" WIDTH="79" HEIGHT="30" CONTENT="issue" WC="0.87" CC="42000"/>
					</TextLine>
					<TextLine ID="P463_TL00008" HPOS="253" VPOS="457" WIDTH="1344" HEIGHT="43">
						<String ID="P463_ST00067" HPOS="253" VPOS="468" WIDTH="18" HEIGHT="19" CONTENT="a" WC="1.00" CC="0"/>
						<SP ID="P463_SP00060" HPOS="271" VPOS="487" WIDTH="16"/>
						<String ID="P463_ST00068" HPOS="287" VPOS="457" WIDTH="229" HEIGHT="30" CONTENT="Proclamation" WC="0.81" CC="670001000203"/>
						<SP ID="P463_SP00061" HPOS="516" VPOS="487" WIDTH="16"/>
						<String ID="P463_ST00069" HPOS="532" VPOS="462" WIDTH="33" HEIGHT="26" CONTENT="to" WC="0.87" CC="02"/>
						<SP ID="P463_SP00062" HPOS="565" VPOS="488" WIDTH="22"/>
						<String ID="P463_ST00070" HPOS="587" VPOS="459" WIDTH="90" HEIGHT="30" CONTENT="make" WC="0.84" CC="4200"/>
						<SP ID="P463_SP00063" HPOS="677" VPOS="489" WIDTH="17"/>
						<String ID="P463_ST00071" HPOS="694" VPOS="460" WIDTH="121" HEIGHT="40" CONTENT="subject" WC="0.97" CC="0001000"/>
						<SP ID="P463_SP00064" HPOS="815" VPOS="500" WIDTH="14"/>
						<String ID="P463_ST00072" HPOS="829" VPOS="459" WIDTH="77" HEIGHT="41" CONTENT="fully" WC="0.68" CC="00618"/>
						<SP ID="P463_SP00065" HPOS="906" VPOS="500" WIDTH="25"/>
						<String ID="P463_ST00073" HPOS="931" VPOS="459" WIDTH="113" HEIGHT="30" CONTENT="known" WC="0.77" CC="04004"/>
						<SP ID="P463_SP00066" HPOS="1044" VPOS="500" WIDTH="16"/>
						<String ID="P463_ST00074" HPOS="1060" VPOS="465" WIDTH="32" HEIGHT="24" CONTENT="to" WC="1.00" CC="00"/>
						<SP ID="P463_SP00067" HPOS="1092" VPOS="500" WIDTH="18"/>
						<String ID="P463_ST00075" HPOS="1110" VPOS="460" WIDTH="54" HEIGHT="29" CONTENT="the" WC="1.00" CC="000"/>
						<SP ID="P463_SP00068" HPOS="1164" VPOS="500" WIDTH="21"/>
						<String ID="P463_ST00076" HPOS="1185" VPOS="459" WIDTH="133" HEIGHT="41" CONTENT="military" WC="0.90" CC="00000007"/>
						<SP ID="P463_SP00069" HPOS="1318" VPOS="500" WIDTH="15"/>
						<String ID="P463_ST00077" HPOS="1333" VPOS="462" WIDTH="120" HEIGHT="38" CONTENT="people." WC="0.90" CC="2000200"/>
						<SP ID="P463_SP00070" HPOS="1453" VPOS="500" WIDTH="44"/>
						<String ID="P463_ST00078" HPOS="1497" VPOS="464" WIDTH="100" HEIGHT="30" CONTENT="When" WC="0.84" CC="0006"/>
					</TextLine>
					<TextLine ID="P463_TL00009" HPOS="253" VPOS="509" WIDTH="1347" HEIGHT="41">
						<String ID="P463_ST00079" HPOS="253" VPOS="509" WIDTH="54" HEIGHT="29" CONTENT="the" WC="0.82" CC="050"/>
						<SP ID="P463_SP00071" HPOS="307" VPOS="538" WIDTH="17"/>
						<String ID="P463_ST00080" HPOS="324" VPOS="509" WIDTH="134" HEIGHT="30" CONTENT="Tribute" WC="0.91" CC="0050000"/>
						<SP ID="P463_SP00072" HPOS="458" VPOS="539" WIDTH="17"/>
						<String ID="P463_ST00081" HPOS="475" VPOS="510" WIDTH="137" HEIGHT="39" CONTENT="Envoys'" WC="0.80" CC="0001507"/>
						<SP ID="P463_SP00073" HPOS="612" VPOS="549" WIDTH="16"/>
						<String ID="P463_ST00082" HPOS="628" VPOS="511" WIDTH="89" HEIGHT="28" CONTENT="boats" WC="0.94" CC="01100"/>
						<SP ID="P463_SP00074" HPOS="717" VPOS="549" WIDTH="24"/>
						<String ID="P463_ST00083" HPOS="741" VPOS="521" WIDTH="88" HEIGHT="18" CONTENT="come" WC="0.94" CC="0020"/>
						<SP ID="P463_SP00075" HPOS="829" VPOS="549" WIDTH="27"/>
						<String ID="P463_ST00084" HPOS="856" VPOS="516" WIDTH="33" HEIGHT="23" CONTENT="to" WC="0.98" CC="00"/>
						<SP ID="P463_SP00076" HPOS="889" VPOS="549" WIDTH="22"/>
						<String ID="P463_ST00085" HPOS="911" VPOS="520" WIDTH="59" HEIGHT="29" CONTENT="any" WC="0.44" CC="277"/>
						<SP ID="P463_SP00077" HPOS="970" VPOS="549" WIDTH="15"/>
						<String ID="P463_ST00086" HPOS="985" VPOS="510" WIDTH="98" HEIGHT="39" CONTENT="place," WC="0.75" CC="221206"/>
						<SP ID="P463_SP00078" HPOS="1083" VPOS="549" WIDTH="23"/>
						<String ID="P463_ST00087" HPOS="1106" VPOS="521" WIDTH="63" HEIGHT="29" CONTENT="you" WC="0.73" CC="304"/>
						<SP ID="P463_SP00079" HPOS="1169" VPOS="550" WIDTH="22"/>
						<String ID="P463_ST00088" HPOS="1191" VPOS="510" WIDTH="110" HEIGHT="40" CONTENT="people" WC="0.90" CC="300200"/>
						<SP ID="P463_SP00080" HPOS="1301" VPOS="550" WIDTH="22"/>
						<String ID="P463_ST00089" HPOS="1323" VPOS="520" WIDTH="50" HEIGHT="19" CONTENT="are" WC="0.99" CC="000"/>
						<SP ID="P463_SP00081" HPOS="1373" VPOS="550" WIDTH="21"/>
						<String ID="P463_ST00090" HPOS="1394" VPOS="516" WIDTH="56" HEIGHT="24" CONTENT="not" WC="0.84" CC="400"/>
						<SP ID="P463_SP00082" HPOS="1450" VPOS="550" WIDTH="21"/>
						<String ID="P463_ST00091" HPOS="1471" VPOS="512" WIDTH="129" HEIGHT="30" CONTENT="allowed" WC="0.83" CC="0500600"/>
					</TextLine>
					<TextLine ID="P463_TL00010" HPOS="254" VPOS="561" WIDTH="1346" HEIGHT="39">
						<String ID="P463_ST00092" HPOS="254" VPOS="566" WIDTH="33" HEIGHT="24" CONTENT="to" WC="1.00" CC="00"/>
						<SP ID="P463_SP00083" HPOS="287" VPOS="590" WIDTH="15"/>
						<String ID="P463_ST00093" HPOS="302" VPOS="571" WIDTH="78" HEIGHT="29" CONTENT="gaze" WC="1.00" CC="0000"/>
						<SP ID="P463_SP00084" HPOS="380" VPOS="600" WIDTH="17"/>
						<String ID="P463_ST00094" HPOS="397" VPOS="561" WIDTH="62" HEIGHT="29" CONTENT="and" WC="0.81" CC="050"/>
						<SP ID="P463_SP00085" HPOS="459" VPOS="600" WIDTH="15"/>
						<String ID="P463_ST00095" HPOS="474" VPOS="561" WIDTH="83" HEIGHT="35" CONTENT="look," WC="0.83" CC="10006"/>
						<SP ID="P463_SP00086" HPOS="557" VPOS="600" WIDTH="26"/>
						<String ID="P463_ST00096" HPOS="583" VPOS="571" WIDTH="34" HEIGHT="19" CONTENT="so" WC="1.00" CC="00"/>
						<SP ID="P463_SP00087" HPOS="617" VPOS="600" WIDTH="15"/>
						<String ID="P463_ST00097" HPOS="632" VPOS="571" WIDTH="32" HEIGHT="19" CONTENT="as" WC="1.00" CC="00"/>
						<SP ID="P463_SP00088" HPOS="664" VPOS="600" WIDTH="16"/>
						<String ID="P463_ST00098" HPOS="680" VPOS="561" WIDTH="131" HEIGHT="39" CONTENT="thereby" WC="0.73" CC="0600074"/>
						<SP ID="P463_SP00089" HPOS="811" VPOS="600" WIDTH="15"/>
						<String ID="P463_ST00099" HPOS="826" VPOS="566" WIDTH="33" HEIGHT="24" CONTENT="to" WC="0.73" CC="50"/>
						<SP ID="P463_SP00090" HPOS="859" VPOS="600" WIDTH="23"/>
						<String ID="P463_ST00100" HPOS="882" VPOS="570" WIDTH="90" HEIGHT="20" CONTENT="cause" WC="1.00" CC="00000"/>
						<SP ID="P463_SP00091" HPOS="972" VPOS="600" WIDTH="22"/>
						<String ID="P463_ST00101" HPOS="994" VPOS="571" WIDTH="17" HEIGHT="18" CONTENT="a" WC="1.00" CC="0"/>
						<SP ID="P463_SP00092" HPOS="1011" VPOS="600" WIDTH="15"/>
						<String ID="P463_ST00102" HPOS="1026" VPOS="561" WIDTH="103" HEIGHT="29" CONTENT="crowd" WC="1.00" CC="00000"/>
						<SP ID="P463_SP00093" HPOS="1129" VPOS="600" WIDTH="16"/>
						<String ID="P463_ST00103" HPOS="1145" VPOS="561" WIDTH="61" HEIGHT="29" CONTENT="and" WC="0.73" CC="043"/>
						<SP ID="P463_SP00094" HPOS="1206" VPOS="600" WIDTH="20"/>
						<String ID="P463_ST00104" HPOS="1226" VPOS="561" WIDTH="172" HEIGHT="30" CONTENT="clamorous" WC="0.98" CC="010000000"/>
						<SP ID="P463_SP00095" HPOS="1398" VPOS="600" WIDTH="16"/>
						<String ID="P463_ST00105" HPOS="1414" VPOS="561" WIDTH="85" HEIGHT="30" CONTENT="noise" WC="0.74" CC="70500"/>
						<SP ID="P463_SP00096" HPOS="1499" VPOS="600" WIDTH="14"/>
						<String ID="P463_ST00106" HPOS="1513" VPOS="574" WIDTH="9" HEIGHT="25" CONTENT=";" WC="0.15" CC="8"/>
						<SP ID="P463_SP00097" HPOS="1522" VPOS="600" WIDTH="24"/>
						<String ID="P463_ST00107" HPOS="1546" VPOS="572" WIDTH="54" HEIGHT="19" CONTENT="nor" WC="0.73" CC="502"/>
					</TextLine>
					<TextLine ID="P463_TL00011" HPOS="254" VPOS="610" WIDTH="1346" HEIGHT="43">
						<String ID="P463_ST00108" HPOS="254" VPOS="622" WIDTH="51" HEIGHT="20" CONTENT="are" WC="0.84" CC="040"/>
						<SP ID="P463_SP00098" HPOS="305" VPOS="642" WIDTH="16"/>
						<String ID="P463_ST00109" HPOS="321" VPOS="622" WIDTH="63" HEIGHT="31" CONTENT="you" WC="0.79" CC="402"/>
						<SP ID="P463_SP00099" HPOS="384" VPOS="653" WIDTH="16"/>
						<String ID="P463_ST00110" HPOS="400" VPOS="611" WIDTH="131" HEIGHT="31" CONTENT="allowed" WC="0.79" CC="0350005"/>
						<SP ID="P463_SP00100" HPOS="531" VPOS="653" WIDTH="16"/>
						<String ID="P463_ST00111" HPOS="547" VPOS="616" WIDTH="33" HEIGHT="25" CONTENT="to" WC="0.92" CC="01"/>
						<SP ID="P463_SP00101" HPOS="580" VPOS="653" WIDTH="27"/>
						<String ID="P463_ST00112" HPOS="607" VPOS="610" WIDTH="64" HEIGHT="30" CONTENT="talk" WC="0.81" CC="0070"/>
						<SP ID="P463_SP00102" HPOS="671" VPOS="653" WIDTH="16"/>
						<String ID="P463_ST00113" HPOS="687" VPOS="610" WIDTH="74" HEIGHT="30" CONTENT="with" WC="0.79" CC="2500"/>
						<SP ID="P463_SP00103" HPOS="761" VPOS="653" WIDTH="18"/>
						<String ID="P463_ST00114" HPOS="779" VPOS="610" WIDTH="53" HEIGHT="30" CONTENT="the" WC="0.78" CC="060"/>
						<SP ID="P463_SP00104" HPOS="832" VPOS="653" WIDTH="15"/>
						<String ID="P463_ST00115" HPOS="847" VPOS="610" WIDTH="122" HEIGHT="40" CONTENT="foreign" WC="0.85" CC="0000801"/>
						<SP ID="P463_SP00105" HPOS="969" VPOS="653" WIDTH="15"/>
						<String ID="P463_ST00116" HPOS="984" VPOS="610" WIDTH="135" HEIGHT="41" CONTENT="Envoys." WC="0.76" CC="3204500"/>
						<SP ID="P463_SP00106" HPOS="1119" VPOS="653" WIDTH="46"/>
						<String ID="P463_ST00117" HPOS="1165" VPOS="612" WIDTH="31" HEIGHT="29" CONTENT="It" WC="0.92" CC="10"/>
						<SP ID="P463_SP00107" HPOS="1196" VPOS="653" WIDTH="19"/>
						<String ID="P463_ST00118" HPOS="1215" VPOS="612" WIDTH="25" HEIGHT="29" CONTENT="is" WC="0.94" CC="10"/>
						<SP ID="P463_SP00108" HPOS="1240" VPOS="653" WIDTH="16"/>
						<String ID="P463_ST00119" HPOS="1256" VPOS="612" WIDTH="60" HEIGHT="30" CONTENT="still" WC="0.72" CC="34320"/>
						<SP ID="P463_SP00109" HPOS="1316" VPOS="653" WIDTH="23"/>
						<String ID="P463_ST00120" HPOS="1339" VPOS="622" WIDTH="85" HEIGHT="20" CONTENT="more" WC="0.99" CC="0000"/>
						<SP ID="P463_SP00110" HPOS="1424" VPOS="653" WIDTH="15"/>
						<String ID="P463_ST00121" HPOS="1439" VPOS="622" WIDTH="161" HEIGHT="30" CONTENT="necessary" WC="0.75" CC="500006028"/>
					</TextLine>
					<TextLine ID="P463_TL00012" HPOS="254" VPOS="661" WIDTH="1346" HEIGHT="41">
						<String ID="P463_ST00122" HPOS="254" VPOS="664" WIDTH="69" HEIGHT="29" CONTENT="that" WC="0.62" CC="8600"/>
						<SP ID="P463_SP00111" HPOS="323" VPOS="693" WIDTH="15"/>
						<String ID="P463_ST00123" HPOS="338" VPOS="673" WIDTH="121" HEIGHT="20" CONTENT="women" WC="0.93" CC="00003"/>
						<SP ID="P463_SP00112" HPOS="459" VPOS="693" WIDTH="17"/>
						<String ID="P463_ST00124" HPOS="476" VPOS="663" WIDTH="62" HEIGHT="29" CONTENT="and" WC="0.72" CC="250"/>
						<SP ID="P463_SP00113" HPOS="538" VPOS="693" WIDTH="26"/>
						<String ID="P463_ST00125" HPOS="564" VPOS="662" WIDTH="75" HEIGHT="40" CONTENT="girls" WC="0.69" CC="05315"/>
						<SP ID="P463_SP00114" HPOS="639" VPOS="702" WIDTH="24"/>
						<String ID="P463_ST00126" HPOS="663" VPOS="661" WIDTH="110" HEIGHT="30" CONTENT="should" WC="0.91" CC="200200"/>
						<SP ID="P463_SP00115" HPOS="773" VPOS="702" WIDTH="22"/>
						<String ID="P463_ST00127" HPOS="795" VPOS="662" WIDTH="92" HEIGHT="29" CONTENT="retire" WC="0.95" CC="000030"/>
						<SP ID="P463_SP00116" HPOS="887" VPOS="702" WIDTH="14"/>
						<String ID="P463_ST00128" HPOS="901" VPOS="674" WIDTH="9" HEIGHT="25" CONTENT=";" WC="0.15" CC="8"/>
						<SP ID="P463_SP00117" HPOS="910" VPOS="702" WIDTH="24"/>
						<String ID="P463_ST00129" HPOS="934" VPOS="662" WIDTH="72" HEIGHT="40" CONTENT="they" WC="0.81" CC="0007"/>
						<SP ID="P463_SP00118" HPOS="1006" VPOS="702" WIDTH="25"/>
						<String ID="P463_ST00130" HPOS="1031" VPOS="672" WIDTH="51" HEIGHT="19" CONTENT="are" WC="1.00" CC="000"/>
						<SP ID="P463_SP00119" HPOS="1082" VPOS="702" WIDTH="27"/>
						<String ID="P463_ST00131" HPOS="1109" VPOS="666" WIDTH="55" HEIGHT="25" CONTENT="not" WC="0.81" CC="500"/>
						<SP ID="P463_SP00120" HPOS="1164" VPOS="702" WIDTH="22"/>
						<String ID="P463_ST00132" HPOS="1186" VPOS="662" WIDTH="129" HEIGHT="30" CONTENT="allowed" WC="0.82" CC="0410006"/>
						<SP ID="P463_SP00121" HPOS="1315" VPOS="702" WIDTH="15"/>
						<String ID="P463_ST00133" HPOS="1330" VPOS="668" WIDTH="33" HEIGHT="25" CONTENT="to" WC="1.00" CC="00"/>
						<SP ID="P463_SP00122" HPOS="1363" VPOS="702" WIDTH="21"/>
						<String ID="P463_ST00134" HPOS="1384" VPOS="673" WIDTH="113" HEIGHT="29" CONTENT="expose" WC="0.93" CC="004000"/>
						<SP ID="P463_SP00123" HPOS="1497" VPOS="702" WIDTH="22"/>
						<String ID="P463_ST00135" HPOS="1519" VPOS="662" WIDTH="81" HEIGHT="30" CONTENT="their" WC="0.66" CC="10068"/>
					</TextLine>
					<TextLine ID="P463_TL00013" HPOS="252" VPOS="712" WIDTH="1346" HEIGHT="42">
						<String ID="P463_ST00136" HPOS="252" VPOS="715" WIDTH="94" HEIGHT="34" CONTENT="faces," WC="0.72" CC="017043"/>
						<SP ID="P463_SP00124" HPOS="346" VPOS="749" WIDTH="18"/>
						<String ID="P463_ST00137" HPOS="364" VPOS="724" WIDTH="57" HEIGHT="19" CONTENT="nor" WC="0.44" CC="708"/>
						<SP ID="P463_SP00125" HPOS="421" VPOS="749" WIDTH="15"/>
						<String ID="P463_ST00138" HPOS="436" VPOS="725" WIDTH="41" HEIGHT="29" CONTENT="go" WC="1.00" CC="00"/>
						<SP ID="P463_SP00126" HPOS="477" VPOS="754" WIDTH="16"/>
						<String ID="P463_ST00139" HPOS="493" VPOS="718" WIDTH="56" HEIGHT="25" CONTENT="out" WC="0.92" CC="200"/>
						<SP ID="P463_SP00127" HPOS="549" VPOS="754" WIDTH="15"/>
						<String ID="P463_ST00140" HPOS="564" VPOS="713" WIDTH="60" HEIGHT="30" CONTENT="and" WC="0.59" CC="038"/>
						<SP ID="P463_SP00128" HPOS="624" VPOS="754" WIDTH="17"/>
						<String ID="P463_ST00141" HPOS="641" VPOS="712" WIDTH="72" HEIGHT="30" CONTENT="look" WC="0.89" CC="4000"/>
						<SP ID="P463_SP00129" HPOS="713" VPOS="754" WIDTH="17"/>
						<String ID="P463_ST00142" HPOS="730" VPOS="713" WIDTH="95" HEIGHT="29" CONTENT="about" WC="0.85" CC="06010"/>
						<SP ID="P463_SP00130" HPOS="825" VPOS="754" WIDTH="15"/>
						<String ID="P463_ST00143" HPOS="840" VPOS="712" WIDTH="86" HEIGHT="29" CONTENT="them" WC="0.98" CC="0000"/>
						<String ID="P463_ST00144" HPOS="938" VPOS="723" WIDTH="7" HEIGHT="18" CONTENT=":" WC="0.49" CC="5"/>
						<SP ID="P463_SP00131" HPOS="945" VPOS="754" WIDTH="24"/>
						<String ID="P463_ST00145" HPOS="969" VPOS="712" WIDTH="29" HEIGHT="28" CONTENT="if" WC="0.29" CC="85"/>
						<SP ID="P463_SP00132" HPOS="998" VPOS="754" WIDTH="18"/>
						<String ID="P463_ST00146" HPOS="1016" VPOS="722" WIDTH="59" HEIGHT="30" CONTENT="any" WC="0.53" CC="058"/>
						<SP ID="P463_SP00133" HPOS="1075" VPOS="754" WIDTH="17"/>
						<String ID="P463_ST00147" HPOS="1092" VPOS="712" WIDTH="72" HEIGHT="29" CONTENT="dare" WC="1.00" CC="0000"/>
						<SP ID="P463_SP00134" HPOS="1164" VPOS="754" WIDTH="16"/>
						<String ID="P463_ST00148" HPOS="1180" VPOS="712" WIDTH="130" HEIGHT="40" CONTENT="wilfully" WC="0.72" CC="04550005"/>
						<SP ID="P463_SP00135" HPOS="1310" VPOS="754" WIDTH="15"/>
						<String ID="P463_ST00149" HPOS="1325" VPOS="718" WIDTH="33" HEIGHT="24" CONTENT="to" WC="0.82" CC="30"/>
						<SP ID="P463_SP00136" HPOS="1358" VPOS="754" WIDTH="28"/>
						<String ID="P463_ST00150" HPOS="1386" VPOS="713" WIDTH="127" HEIGHT="39" CONTENT="disobey" WC="0.90" CC="0200005"/>
						<SP ID="P463_SP00137" HPOS="1513" VPOS="754" WIDTH="14"/>
						<String ID="P463_ST00151" HPOS="1527" VPOS="714" WIDTH="71" HEIGHT="33" CONTENT="this," WC="0.75" CC="00606"/>
					</TextLine>
					<TextLine ID="P463_TL00014" HPOS="254" VPOS="762" WIDTH="1346" HEIGHT="45">
						<String ID="P463_ST00152" HPOS="254" VPOS="766" WIDTH="75" HEIGHT="41" CONTENT="they" WC="0.52" CC="3707"/>
						<SP ID="P463_SP00138" HPOS="329" VPOS="807" WIDTH="16"/>
						<String ID="P463_ST00153" HPOS="345" VPOS="765" WIDTH="77" HEIGHT="30" CONTENT="shall" WC="1.00" CC="00000"/>
						<SP ID="P463_SP00139" HPOS="422" VPOS="807" WIDTH="15"/>
						<String ID="P463_ST00154" HPOS="437" VPOS="766" WIDTH="39" HEIGHT="29" CONTENT="be" WC="1.00" CC="00"/>
						<SP ID="P463_SP00140" HPOS="476" VPOS="807" WIDTH="16"/>
						<String ID="P463_ST00155" HPOS="492" VPOS="764" WIDTH="150" HEIGHT="40" CONTENT="instantly" WC="0.79" CC="140004007"/>
						<SP ID="P463_SP00141" HPOS="642" VPOS="807" WIDTH="15"/>
						<String ID="P463_ST00156" HPOS="657" VPOS="763" WIDTH="105" HEIGHT="30" CONTENT="seized" WC="0.84" CC="102004"/>
						<SP ID="P463_SP00142" HPOS="762" VPOS="807" WIDTH="14"/>
						<String ID="P463_ST00157" HPOS="776" VPOS="762" WIDTH="62" HEIGHT="30" CONTENT="and" WC="0.73" CC="043"/>
						<SP ID="P463_SP00143" HPOS="838" VPOS="807" WIDTH="14"/>
						<String ID="P463_ST00158" HPOS="852" VPOS="762" WIDTH="164" HEIGHT="41" CONTENT="punished." WC="0.82" CC="206200050"/>
						<SP ID="P463_SP00144" HPOS="1016" VPOS="807" WIDTH="45"/>
						<String ID="P463_ST00159" HPOS="1061" VPOS="762" WIDTH="178" HEIGHT="40" CONTENT="Decidedly" WC="0.76" CC="006070007"/>
						<SP ID="P463_SP00145" HPOS="1239" VPOS="807" WIDTH="15"/>
						<String ID="P463_ST00160" HPOS="1254" VPOS="772" WIDTH="41" HEIGHT="20" CONTENT="no" WC="0.79" CC="40"/>
						<SP ID="P463_SP00146" HPOS="1295" VPOS="807" WIDTH="25"/>
						<String ID="P463_ST00161" HPOS="1320" VPOS="763" WIDTH="188" HEIGHT="39" CONTENT="indulgence" WC="0.73" CC="3450700500"/>
						<SP ID="P463_SP00147" HPOS="1508" VPOS="807" WIDTH="16"/>
						<String ID="P463_ST00162" HPOS="1524" VPOS="763" WIDTH="76" HEIGHT="29" CONTENT="shall" WC="0.88" CC="00041"/>
					</TextLine>
					<TextLine ID="P463_TL00015" HPOS="254" VPOS="816" WIDTH="172" HEIGHT="30">
						<String ID="P463_ST00163" HPOS="254" VPOS="818" WIDTH="39" HEIGHT="28" CONTENT="be" WC="0.98" CC="00"/>
						<SP ID="P463_SP00148" HPOS="293" VPOS="846" WIDTH="17"/>
						<String ID="P463_ST00164" HPOS="310" VPOS="816" WIDTH="116" HEIGHT="30" CONTENT="shown." WC="0.83" CC="030240"/>
					</TextLine>
				</TextBlock>
				<TextBlock ID="P463_TB00005" HPOS="1283" VPOS="864" WIDTH="273" HEIGHT="38" STYLEREFS="TXT_0 PAR_RIGHT">
					<TextLine ID="P463_TL00016" HPOS="1284" VPOS="864" WIDTH="272" HEIGHT="38">
						<String ID="P463_ST00165" HPOS="1284" VPOS="865" WIDTH="26" HEIGHT="28" CONTENT="A" WC="0.82" CC="1"/>
						<SP ID="P463_SP00149" HPOS="1310" VPOS="893" WIDTH="18"/>
						<String ID="P463_ST00166" HPOS="1328" VPOS="864" WIDTH="119" HEIGHT="38" CONTENT="Special" WC="0.85" CC="0710000"/>
						<SP ID="P463_SP00150" HPOS="1447" VPOS="902" WIDTH="11"/>
						<String ID="P463_ST00167" HPOS="1458" VPOS="864" WIDTH="98" HEIGHT="29" CONTENT="Edict." WC="0.76" CC="340006"/>
					</TextLine>
				</TextBlock>
				<TextBlock ID="P463_TB00006" HPOS="591" VPOS="1029" WIDTH="666" HEIGHT="46" STYLEREFS="TXT_0 PAR_CENTER">
					<TextLine ID="P463_TL00017" HPOS="592" VPOS="1030" WIDTH="665" HEIGHT="45">
						<String ID="P463_ST00168" HPOS="592" VPOS="1037" WIDTH="106" HEIGHT="38" CONTENT="Paper" WC="0.61" CC="70505"/>
						<SP ID="P463_SP00151" HPOS="698" VPOS="1075" WIDTH="14"/>
						<String ID="P463_ST00169" HPOS="712" VPOS="1035" WIDTH="137" HEIGHT="40" CONTENT="referred" WC="0.72" CC="00528130"/>
						<SP ID="P463_SP00152" HPOS="849" VPOS="1075" WIDTH="14"/>
						<String ID="P463_ST00170" HPOS="863" VPOS="1038" WIDTH="28" HEIGHT="26" CONTENT="to" WC="0.65" CC="07"/>
						<SP ID="P463_SP00153" HPOS="891" VPOS="1075" WIDTH="16"/>
						<String ID="P463_ST00171" HPOS="907" VPOS="1033" WIDTH="28" HEIGHT="30" CONTENT="in" WC="0.54" CC="35"/>
						<SP ID="P463_SP00154" HPOS="935" VPOS="1075" WIDTH="12"/>
						<String ID="P463_ST00172" HPOS="947" VPOS="1041" WIDTH="83" HEIGHT="29" CONTENT="page" WC="0.57" CC="7053"/>
						<SP ID="P463_SP00155" HPOS="1030" VPOS="1075" WIDTH="15"/>
						<String ID="P463_ST00173" HPOS="1045" VPOS="1032" WIDTH="68" HEIGHT="28" CONTENT="118." WC="0.63" CC="8006"/>
						<String ID="P463_ST00174" HPOS="1119" VPOS="1048" WIDTH="42" HEIGHT="5" CONTENT="—" WC="0.20" CC="8"/>
						<String ID="P463_ST00175" HPOS="1166" VPOS="1030" WIDTH="91" HEIGHT="30" CONTENT="Note." WC="0.85" CC="33000"/>
					</TextLine>
				</TextBlock>
				<TextBlock ID="P463_TB00007" HPOS="258" VPOS="1120" WIDTH="1329" HEIGHT="32" STYLEREFS="TXT_0 PAR_CENTER">
					<TextLine ID="P463_TL00018" HPOS="259" VPOS="1120" WIDTH="1328" HEIGHT="32">
						<String ID="P463_ST00176" HPOS="259" VPOS="1132" WIDTH="14" HEIGHT="10" CONTENT='"' WC="0.48" CC="5"/>
						<SP ID="P463_SP00156" HPOS="273" VPOS="1142" WIDTH="17"/>
						<String ID="P463_ST00177" HPOS="290" VPOS="1129" WIDTH="119" HEIGHT="22" CONTENT="PEKING" WC="0.57" CC="660561"/>
						<SP ID="P463_SP00157" HPOS="409" VPOS="1151" WIDTH="17"/>
						<String ID="P463_ST00178" HPOS="426" VPOS="1128" WIDTH="156" HEIGHT="23" CONTENT="GAZETTE." WC="0.63" CC="66225050"/>
						<SP ID="P463_SP00158" HPOS="582" VPOS="1151" WIDTH="8"/>
						<String ID="P463_ST00179" HPOS="590" VPOS="1140" WIDTH="29" HEIGHT="5" CONTENT="—" WC="0.20" CC="8"/>
						<String ID="P463_ST00180" HPOS="625" VPOS="1127" WIDTH="165" HEIGHT="25" CONTENT="KEA-KING," WC="0.56" CC="067304780"/>
						<SP ID="P463_SP00159" HPOS="790" VPOS="1152" WIDTH="15"/>
						<String ID="P463_ST00181" HPOS="805" VPOS="1123" WIDTH="204" HEIGHT="24" CONTENT="NINETEENTH" WC="0.83" CC="6140030000"/>
						<SP ID="P463_SP00160" HPOS="1009" VPOS="1152" WIDTH="16"/>
						<String ID="P463_ST00182" HPOS="1025" VPOS="1122" WIDTH="92" HEIGHT="26" CONTENT="YEAR," WC="0.58" CC="06770"/>
						<SP ID="P463_SP00161" HPOS="1117" VPOS="1152" WIDTH="19"/>
						<String ID="P463_ST00183" HPOS="1136" VPOS="1121" WIDTH="106" HEIGHT="22" CONTENT="TENTH" WC="0.74" CC="05105"/>
						<SP ID="P463_SP00162" HPOS="1242" VPOS="1152" WIDTH="17"/>
						<String ID="P463_ST00184" HPOS="1259" VPOS="1120" WIDTH="100" HEIGHT="27" CONTENT="MOON," WC="0.85" CC="00510"/>
						<SP ID="P463_SP00163" HPOS="1359" VPOS="1152" WIDTH="16"/>
						<String ID="P463_ST00185" HPOS="1375" VPOS="1120" WIDTH="124" HEIGHT="23" CONTENT="SECOND" WC="0.71" CC="000375"/>
						<SP ID="P463_SP00164" HPOS="1499" VPOS="1152" WIDTH="17"/>
						<String ID="P463_ST00186" HPOS="1516" VPOS="1120" WIDTH="71" HEIGHT="21" CONTENT="DAY." WC="0.56" CC="8530"/>
					</TextLine>
				</TextBlock>
				<TextBlock ID="P463_TB00008" HPOS="767" VPOS="1161" WIDTH="320" HEIGHT="30" STYLEREFS="TXT_0 PAR_CENTER">
					<TextLine ID="P463_TL00019" HPOS="768" VPOS="1162" WIDTH="319" HEIGHT="29">
						<String ID="P463_ST00187" HPOS="768" VPOS="1162" WIDTH="184" HEIGHT="29" CONTENT="(NOVEMBER" WC="0.73" CC="630000047"/>
						<SP ID="P463_SP00165" HPOS="952" VPOS="1191" WIDTH="13"/>
						<String ID="P463_ST00188" HPOS="965" VPOS="1165" WIDTH="33" HEIGHT="18" CONTENT="13." WC="0.46" CC="780"/>
						<SP ID="P463_SP00166" HPOS="998" VPOS="1191" WIDTH="18"/>
						<String ID="P463_ST00189" HPOS="1016" VPOS="1162" WIDTH="71" HEIGHT="27" CONTENT="1814.)" WC="0.48" CC="766107"/>
					</TextLine>
				</TextBlock>
				<TextBlock ID="P463_TB00009" HPOS="629" VPOS="1240" WIDTH="594" HEIGHT="23" STYLEREFS="TXT_0 PAR_CENTER">
					<TextLine ID="P463_TL00020" HPOS="630" VPOS="1240" WIDTH="593" HEIGHT="23">
						<String ID="P463_ST00190" HPOS="630" VPOS="1240" WIDTH="18" HEIGHT="14" CONTENT='"' WC="0.47" CC="5"/>
						<SP ID="P463_SP00167" HPOS="648" VPOS="1254" WIDTH="17"/>
						<String ID="P463_ST00191" HPOS="665" VPOS="1245" WIDTH="42" HEIGHT="18" CONTENT="ON" WC="0.56" CC="26"/>
						<SP ID="P463_SP00168" HPOS="707" VPOS="1263" WIDTH="23"/>
						<String ID="P463_ST00192" HPOS="730" VPOS="1242" WIDTH="187" HEIGHT="21" CONTENT="GOVERNING" WC="0.60" CC="100077845"/>
						<SP ID="P463_SP00169" HPOS="917" VPOS="1263" WIDTH="23"/>
						<String ID="P463_ST00193" HPOS="940" VPOS="1241" WIDTH="84" HEIGHT="20" CONTENT="WITH" WC="0.85" CC="0202"/>
						<SP ID="P463_SP00170" HPOS="1024" VPOS="1263" WIDTH="25"/>
						<String ID="P463_ST00194" HPOS="1049" VPOS="1240" WIDTH="174" HEIGHT="21" CONTENT="SINCERITY." WC="0.76" CC="0300172530"/>
					</TextLine>
				</TextBlock>
				<TextBlock ID="P463_TB00010" HPOS="728" VPOS="1299" WIDTH="429" HEIGHT="19" STYLEREFS="TXT_0 PAR_CENTER">
					<TextLine ID="P463_TL00021" HPOS="729" VPOS="1300" WIDTH="428" HEIGHT="18">
						<String ID="P463_ST00195" HPOS="729" VPOS="1303" WIDTH="103" HEIGHT="15" CONTENT="DRAWN" WC="0.42" CC="76327"/>
						<SP ID="P463_SP00171" HPOS="832" VPOS="1318" WIDTH="19"/>
						<String ID="P463_ST00196" HPOS="851" VPOS="1301" WIDTH="34" HEIGHT="16" CONTENT="UP" WC="0.32" CC="58"/>
						<SP ID="P463_SP00172" HPOS="885" VPOS="1318" WIDTH="19"/>
						<String ID="P463_ST00197" HPOS="904" VPOS="1301" WIDTH="35" HEIGHT="16" CONTENT="BY" WC="0.38" CC="65"/>
						<SP ID="P463_SP00173" HPOS="939" VPOS="1318" WIDTH="18"/>
						<String ID="P463_ST00198" HPOS="957" VPOS="1300" WIDTH="46" HEIGHT="16" CONTENT="HIS" WC="0.93" CC="001"/>
						<SP ID="P463_SP00174" HPOS="1003" VPOS="1318" WIDTH="20"/>
						<String ID="P463_ST00199" HPOS="1023" VPOS="1300" WIDTH="134" HEIGHT="16" CONTENT="MAJESTY." WC="0.67" CC="16020870"/>
					</TextLine>
				</TextBlock>
				<TextBlock ID="P463_TB00011" HPOS="247" VPOS="1361" WIDTH="1351" HEIGHT="749" STYLEREFS="TXT_0 PAR_LEFT">
					<TextLine ID="P463_TL00022" HPOS="296" VPOS="1361" WIDTH="1299" HEIGHT="43">
						<String ID="P463_ST00200" HPOS="296" VPOS="1380" WIDTH="19" HEIGHT="13" CONTENT='"' WC="0.84" CC="1"/>
						<SP ID="P463_SP00175" HPOS="315" VPOS="1393" WIDTH="17"/>
						<String ID="P463_ST00201" HPOS="332" VPOS="1372" WIDTH="129" HEIGHT="31" CONTENT="Govern" WC="0.82" CC="601003"/>
						<SP ID="P463_SP00176" HPOS="461" VPOS="1403" WIDTH="17"/>
						<String ID="P463_ST00202" HPOS="478" VPOS="1370" WIDTH="73" HEIGHT="30" CONTENT="with" WC="0.68" CC="4304"/>
						<SP ID="P463_SP00177" HPOS="551" VPOS="1403" WIDTH="25"/>
						<String ID="P463_ST00203" HPOS="576" VPOS="1367" WIDTH="86" HEIGHT="32" CONTENT="truth" WC="0.71" CC="02703"/>
						<SP ID="P463_SP00178" HPOS="662" VPOS="1403" WIDTH="23"/>
						<String ID="P463_ST00204" HPOS="685" VPOS="1367" WIDTH="62" HEIGHT="29" CONTENT="and" WC="0.56" CC="065"/>
						<SP ID="P463_SP00179" HPOS="747" VPOS="1403" WIDTH="24"/>
						<String ID="P463_ST00205" HPOS="771" VPOS="1364" WIDTH="157" HEIGHT="40" CONTENT="sincerity," WC="0.69" CC="3610022265"/>
						<SP ID="P463_SP00180" HPOS="928" VPOS="1404" WIDTH="24"/>
						<String ID="P463_ST00206" HPOS="952" VPOS="1363" WIDTH="61" HEIGHT="30" CONTENT="and" WC="0.80" CC="050"/>
						<SP ID="P463_SP00181" HPOS="1013" VPOS="1404" WIDTH="24"/>
						<String ID="P463_ST00207" HPOS="1037" VPOS="1363" WIDTH="90" HEIGHT="30" CONTENT="order" WC="0.57" CC="08705"/>
						<SP ID="P463_SP00182" HPOS="1127" VPOS="1404" WIDTH="16"/>
						<String ID="P463_ST00208" HPOS="1143" VPOS="1361" WIDTH="60" HEIGHT="31" CONTENT="will" WC="0.56" CC="2760"/>
						<SP ID="P463_SP00183" HPOS="1203" VPOS="1404" WIDTH="17"/>
						<String ID="P463_ST00209" HPOS="1220" VPOS="1362" WIDTH="38" HEIGHT="29" CONTENT="be" WC="1.00" CC="00"/>
						<SP ID="P463_SP00184" HPOS="1258" VPOS="1404" WIDTH="17"/>
						<String ID="P463_ST00210" HPOS="1275" VPOS="1361" WIDTH="52" HEIGHT="30" CONTENT="the" WC="0.90" CC="030"/>
						<SP ID="P463_SP00185" HPOS="1327" VPOS="1404" WIDTH="16"/>
						<String ID="P463_ST00211" HPOS="1343" VPOS="1361" WIDTH="110" HEIGHT="38" CONTENT="result;" WC="0.71" CC="8012008"/>
						<SP ID="P463_SP00186" HPOS="1453" VPOS="1404" WIDTH="29"/>
						<String ID="P463_ST00212" HPOS="1482" VPOS="1362" WIDTH="29" HEIGHT="29" CONTENT="if" WC="0.96" CC="00"/>
						<SP ID="P463_SP00187" HPOS="1511" VPOS="1404" WIDTH="19"/>
						<String ID="P463_ST00213" HPOS="1530" VPOS="1367" WIDTH="65" HEIGHT="31" CONTENT="not," WC="0.58" CC="7036"/>
					</TextLine>
					<TextLine ID="P463_TL00023" HPOS="250" VPOS="1413" WIDTH="1345" HEIGHT="48">
						<String ID="P463_ST00214" HPOS="250" VPOS="1427" WIDTH="76" HEIGHT="29" CONTENT="then" WC="0.83" CC="0006"/>
						<SP ID="P463_SP00188" HPOS="326" VPOS="1456" WIDTH="17"/>
						<String ID="P463_ST00215" HPOS="343" VPOS="1422" WIDTH="137" HEIGHT="39" CONTENT="anarchy" WC="0.83" CC="0400042"/>
						<SP ID="P463_SP00189" HPOS="480" VPOS="1461" WIDTH="15"/>
						<String ID="P463_ST00216" HPOS="495" VPOS="1420" WIDTH="62" HEIGHT="31" CONTENT="will" WC="0.80" CC="2500"/>
						<SP ID="P463_SP00190" HPOS="557" VPOS="1461" WIDTH="17"/>
						<String ID="P463_ST00217" HPOS="574" VPOS="1429" WIDTH="104" HEIGHT="21" CONTENT="ensue." WC="0.86" CC="000800"/>
						<SP ID="P463_SP00191" HPOS="678" VPOS="1461" WIDTH="46"/>
						<String ID="P463_ST00218" HPOS="724" VPOS="1417" WIDTH="49" HEIGHT="30" CONTENT="To" WC="1.00" CC="00"/>
						<SP ID="P463_SP00192" HPOS="773" VPOS="1461" WIDTH="19"/>
						<String ID="P463_ST00219" HPOS="792" VPOS="1426" WIDTH="38" HEIGHT="19" CONTENT="an" WC="0.60" CC="07"/>
						<SP ID="P463_SP00193" HPOS="830" VPOS="1461" WIDTH="16"/>
						<String ID="P463_ST00220" HPOS="846" VPOS="1415" WIDTH="181" HEIGHT="35" CONTENT="individual," WC="0.72" CC="06700400055"/>
						<SP ID="P463_SP00194" HPOS="1027" VPOS="1461" WIDTH="17"/>
						<String ID="P463_ST00221" HPOS="1044" VPOS="1425" WIDTH="18" HEIGHT="19" CONTENT="a" WC="1.00" CC="0"/>
						<SP ID="P463_SP00195" HPOS="1062" VPOS="1461" WIDTH="15"/>
						<String ID="P463_ST00222" HPOS="1077" VPOS="1414" WIDTH="116" HEIGHT="40" CONTENT="family," WC="0.64" CC="8000364"/>
						<SP ID="P463_SP00196" HPOS="1193" VPOS="1461" WIDTH="18"/>
						<String ID="P463_ST00223" HPOS="1211" VPOS="1423" WIDTH="78" HEIGHT="21" CONTENT="even" WC="0.86" CC="0005"/>
						<SP ID="P463_SP00197" HPOS="1289" VPOS="1461" WIDTH="22"/>
						<String ID="P463_ST00224" HPOS="1311" VPOS="1418" WIDTH="33" HEIGHT="26" CONTENT="to" WC="0.61" CC="70"/>
						<SP ID="P463_SP00198" HPOS="1344" VPOS="1461" WIDTH="15"/>
						<String ID="P463_ST00225" HPOS="1359" VPOS="1413" WIDTH="53" HEIGHT="31" CONTENT="the" WC="0.62" CC="056"/>
						<SP ID="P463_SP00199" HPOS="1412" VPOS="1461" WIDTH="17"/>
						<String ID="P463_ST00226" HPOS="1429" VPOS="1414" WIDTH="166" HEIGHT="40" CONTENT="Sovereign" WC="0.85" CC="500000007"/>
					</TextLine>
					<TextLine ID="P463_TL00024" HPOS="249" VPOS="1465" WIDTH="1085" HEIGHT="47">
						<String ID="P463_ST00227" HPOS="249" VPOS="1477" WIDTH="64" HEIGHT="30" CONTENT="and" WC="0.63" CC="037"/>
						<SP ID="P463_SP00200" HPOS="313" VPOS="1507" WIDTH="15"/>
						<String ID="P463_ST00228" HPOS="328" VPOS="1476" WIDTH="54" HEIGHT="30" CONTENT="the" WC="0.79" CC="140"/>
						<SP ID="P463_SP00201" HPOS="382" VPOS="1507" WIDTH="17"/>
						<String ID="P463_ST00229" HPOS="399" VPOS="1473" WIDTH="99" HEIGHT="32" CONTENT="whole" WC="0.69" CC="45040"/>
						<SP ID="P463_SP00202" HPOS="498" VPOS="1507" WIDTH="15"/>
						<String ID="P463_ST00230" HPOS="513" VPOS="1472" WIDTH="135" HEIGHT="40" CONTENT="Empire," WC="0.83" CC="0060004"/>
						<SP ID="P463_SP00203" HPOS="648" VPOS="1512" WIDTH="18"/>
						<String ID="P463_ST00231" HPOS="666" VPOS="1469" WIDTH="133" HEIGHT="39" CONTENT="nothing" WC="0.66" CC="6004461"/>
						<SP ID="P463_SP00204" HPOS="799" VPOS="1512" WIDTH="15"/>
						<String ID="P463_ST00232" HPOS="814" VPOS="1466" WIDTH="121" HEIGHT="31" CONTENT="further" WC="0.86" CC="5000003"/>
						<SP ID="P463_SP00205" HPOS="935" VPOS="1512" WIDTH="15"/>
						<String ID="P463_ST00233" HPOS="950" VPOS="1466" WIDTH="24" HEIGHT="29" CONTENT="is" WC="0.81" CC="30"/>
						<SP ID="P463_SP00206" HPOS="974" VPOS="1512" WIDTH="16"/>
						<String ID="P463_ST00234" HPOS="990" VPOS="1465" WIDTH="145" HEIGHT="40" CONTENT="requisite" WC="0.83" CC="104050100"/>
						<SP ID="P463_SP00207" HPOS="1135" VPOS="1512" WIDTH="13"/>
						<String ID="P463_ST00235" HPOS="1148" VPOS="1465" WIDTH="74" HEIGHT="29" CONTENT="than" WC="0.85" CC="0500"/>
						<SP ID="P463_SP00208" HPOS="1222" VPOS="1512" WIDTH="16"/>
						<String ID="P463_ST00236" HPOS="1238" VPOS="1465" WIDTH="96" HEIGHT="29" CONTENT="truth." WC="0.82" CC="000036"/>
					</TextLine>
					<TextLine ID="P463_TL00025" HPOS="294" VPOS="1513" WIDTH="1302" HEIGHT="49">
						<String ID="P463_ST00237" HPOS="294" VPOS="1533" WIDTH="20" HEIGHT="14" CONTENT='"' WC="1.00" CC="0"/>
						<SP ID="P463_SP00209" HPOS="314" VPOS="1547" WIDTH="17"/>
						<String ID="P463_ST00238" HPOS="331" VPOS="1527" WIDTH="46" HEIGHT="30" CONTENT="At" WC="0.92" CC="10"/>
						<SP ID="P463_SP00210" HPOS="377" VPOS="1557" WIDTH="15"/>
						<String ID="P463_ST00239" HPOS="392" VPOS="1526" WIDTH="61" HEIGHT="30" CONTENT="this" WC="0.79" CC="2050"/>
						<SP ID="P463_SP00211" HPOS="453" VPOS="1557" WIDTH="22"/>
						<String ID="P463_ST00240" HPOS="475" VPOS="1527" WIDTH="138" HEIGHT="27" CONTENT="moment" WC="0.70" CC="640050"/>
						<SP ID="P463_SP00212" HPOS="613" VPOS="1557" WIDTH="19"/>
						<String ID="P463_ST00241" HPOS="632" VPOS="1526" WIDTH="89" HEIGHT="36" CONTENT="great" WC="0.95" CC="02000"/>
						<SP ID="P463_SP00213" HPOS="721" VPOS="1562" WIDTH="25"/>
						<String ID="P463_ST00242" HPOS="746" VPOS="1520" WIDTH="196" HEIGHT="39" CONTENT="degeneracy" WC="0.70" CC="0000807706"/>
						<SP ID="P463_SP00214" HPOS="942" VPOS="1562" WIDTH="14"/>
						<String ID="P463_ST00243" HPOS="956" VPOS="1516" WIDTH="131" HEIGHT="40" CONTENT="prevails" WC="0.86" CC="32000031"/>
						<SP ID="P463_SP00215" HPOS="1087" VPOS="1562" WIDTH="13"/>
						<String ID="P463_ST00244" HPOS="1100" VPOS="1528" WIDTH="8" HEIGHT="24" CONTENT=";" WC="0.19" CC="8"/>
						<SP ID="P463_SP00216" HPOS="1108" VPOS="1562" WIDTH="27"/>
						<String ID="P463_ST00245" HPOS="1135" VPOS="1515" WIDTH="53" HEIGHT="29" CONTENT="the" WC="0.82" CC="410"/>
						<SP ID="P463_SP00217" HPOS="1188" VPOS="1562" WIDTH="22"/>
						<String ID="P463_ST00246" HPOS="1210" VPOS="1515" WIDTH="198" HEIGHT="39" CONTENT="Magistrates" WC="0.85" CC="00000077000"/>
						<SP ID="P463_SP00218" HPOS="1408" VPOS="1562" WIDTH="22"/>
						<String ID="P463_ST00247" HPOS="1430" VPOS="1524" WIDTH="51" HEIGHT="19" CONTENT="are" WC="0.99" CC="000"/>
						<SP ID="P463_SP00219" HPOS="1481" VPOS="1562" WIDTH="24"/>
						<String ID="P463_ST00248" HPOS="1505" VPOS="1513" WIDTH="91" HEIGHT="30" CONTENT="desti" SUBS_TYPE="HypPart1" SUBS_CONTENT="destitute" WC="0.87" CC="000340"/>
						<HYP CONTENT="-"/>
					</TextLine>
					<TextLine ID="P463_TL00026" HPOS="250" VPOS="1565" WIDTH="1344" HEIGHT="49">
						<String ID="P463_ST00249" HPOS="250" VPOS="1585" WIDTH="69" HEIGHT="26" CONTENT="tute" SUBS_TYPE="HypPart2" SUBS_CONTENT="destitute" WC="0.80" CC="1600"/>
						<SP ID="P463_SP00220" HPOS="319" VPOS="1611" WIDTH="16"/>
						<String ID="P463_ST00250" HPOS="335" VPOS="1578" WIDTH="38" HEIGHT="31" CONTENT="of" WC="0.94" CC="10"/>
						<SP ID="P463_SP00221" HPOS="373" VPOS="1611" WIDTH="10"/>
						<String ID="P463_ST00251" HPOS="383" VPOS="1577" WIDTH="97" HEIGHT="35" CONTENT="truth," WC="0.58" CC="046245"/>
						<SP ID="P463_SP00222" HPOS="480" VPOS="1612" WIDTH="17"/>
						<String ID="P463_ST00252" HPOS="497" VPOS="1575" WIDTH="62" HEIGHT="30" CONTENT="and" WC="0.74" CC="250"/>
						<SP ID="P463_SP00223" HPOS="559" VPOS="1612" WIDTH="16"/>
						<String ID="P463_ST00253" HPOS="575" VPOS="1577" WIDTH="88" HEIGHT="37" CONTENT="great" WC="0.95" CC="00010"/>
						<SP ID="P463_SP00224" HPOS="663" VPOS="1614" WIDTH="15"/>
						<String ID="P463_ST00254" HPOS="678" VPOS="1572" WIDTH="145" HEIGHT="30" CONTENT="numbers" WC="0.75" CC="3070050"/>
						<SP ID="P463_SP00225" HPOS="823" VPOS="1614" WIDTH="17"/>
						<String ID="P463_ST00255" HPOS="840" VPOS="1569" WIDTH="37" HEIGHT="30" CONTENT="of" WC="0.93" CC="01"/>
						<SP ID="P463_SP00226" HPOS="877" VPOS="1614" WIDTH="15"/>
						<String ID="P463_ST00256" HPOS="892" VPOS="1569" WIDTH="53" HEIGHT="30" CONTENT="the" WC="0.56" CC="048"/>
						<SP ID="P463_SP00227" HPOS="945" VPOS="1614" WIDTH="15"/>
						<String ID="P463_ST00257" HPOS="960" VPOS="1567" WIDTH="112" HEIGHT="42" CONTENT="people" WC="0.76" CC="002380"/>
						<SP ID="P463_SP00228" HPOS="1072" VPOS="1614" WIDTH="16"/>
						<String ID="P463_ST00258" HPOS="1088" VPOS="1577" WIDTH="50" HEIGHT="20" CONTENT="are" WC="1.00" CC="000"/>
						<SP ID="P463_SP00229" HPOS="1138" VPOS="1614" WIDTH="16"/>
						<String ID="P463_ST00259" HPOS="1154" VPOS="1566" WIDTH="74" HEIGHT="30" CONTENT="false" WC="0.61" CC="65700"/>
						<SP ID="P463_SP00230" HPOS="1228" VPOS="1614" WIDTH="16"/>
						<String ID="P463_ST00260" HPOS="1244" VPOS="1566" WIDTH="61" HEIGHT="30" CONTENT="and" WC="0.52" CC="166"/>
						<SP ID="P463_SP00231" HPOS="1305" VPOS="1614" WIDTH="16"/>
						<String ID="P463_ST00261" HPOS="1321" VPOS="1565" WIDTH="159" HEIGHT="30" CONTENT="deceitful." WC="0.83" CC="1000106070"/>
						<SP ID="P463_SP00232" HPOS="1480" VPOS="1614" WIDTH="45"/>
						<String ID="P463_ST00262" HPOS="1525" VPOS="1565" WIDTH="69" HEIGHT="29" CONTENT="The" WC="0.99" CC="000"/>
					</TextLine>
					<TextLine ID="P463_TL00027" HPOS="251" VPOS="1616" WIDTH="1344" HEIGHT="56">
						<String ID="P463_ST00263" HPOS="251" VPOS="1632" WIDTH="203" HEIGHT="40" CONTENT="Magistrates" WC="0.96" CC="00101001000"/>
						<SP ID="P463_SP00233" HPOS="454" VPOS="1672" WIDTH="25"/>
						<String ID="P463_ST00264" HPOS="479" VPOS="1637" WIDTH="51" HEIGHT="21" CONTENT="are" WC="0.99" CC="000"/>
						<SP ID="P463_SP00234" HPOS="530" VPOS="1672" WIDTH="29"/>
						<String ID="P463_ST00265" HPOS="559" VPOS="1626" WIDTH="108" HEIGHT="30" CONTENT="remiss" WC="0.74" CC="606100"/>
						<SP ID="P463_SP00235" HPOS="667" VPOS="1672" WIDTH="29"/>
						<String ID="P463_ST00266" HPOS="696" VPOS="1623" WIDTH="61" HEIGHT="31" CONTENT="and" WC="0.80" CC="050"/>
						<SP ID="P463_SP00236" HPOS="757" VPOS="1672" WIDTH="29"/>
						<String ID="P463_ST00267" HPOS="786" VPOS="1621" WIDTH="203" HEIGHT="35" CONTENT="inattentive;" WC="0.74" CC="280000800307"/>
						<SP ID="P463_SP00237" HPOS="989" VPOS="1672" WIDTH="27"/>
						<String ID="P463_ST00268" HPOS="1016" VPOS="1619" WIDTH="53" HEIGHT="29" CONTENT="the" WC="0.90" CC="020"/>
						<SP ID="P463_SP00238" HPOS="1069" VPOS="1672" WIDTH="25"/>
						<String ID="P463_ST00269" HPOS="1094" VPOS="1618" WIDTH="113" HEIGHT="40" CONTENT="People" WC="0.76" CC="701210"/>
						<SP ID="P463_SP00239" HPOS="1207" VPOS="1672" WIDTH="27"/>
						<String ID="P463_ST00270" HPOS="1234" VPOS="1627" WIDTH="51" HEIGHT="20" CONTENT="are" WC="0.72" CC="160"/>
						<SP ID="P463_SP00240" HPOS="1285" VPOS="1672" WIDTH="27"/>
						<String ID="P463_ST00271" HPOS="1312" VPOS="1616" WIDTH="39" HEIGHT="30" CONTENT="all" WC="0.68" CC="054"/>
						<SP ID="P463_SP00241" HPOS="1351" VPOS="1672" WIDTH="25"/>
						<String ID="P463_ST00272" HPOS="1376" VPOS="1616" WIDTH="93" HEIGHT="40" CONTENT="given" WC="0.65" CC="24207"/>
						<SP ID="P463_SP00242" HPOS="1469" VPOS="1672" WIDTH="27"/>
						<String ID="P463_ST00273" HPOS="1496" VPOS="1626" WIDTH="40" HEIGHT="29" CONTENT="up" WC="0.81" CC="30"/>
						<SP ID="P463_SP00243" HPOS="1536" VPOS="1672" WIDTH="27"/>
						<String ID="P463_ST00274" HPOS="1563" VPOS="1621" WIDTH="32" HEIGHT="24" CONTENT="to" WC="1.00" CC="00"/>
					</TextLine>
					<TextLine ID="P463_TL00028" HPOS="249" VPOS="1667" WIDTH="1346" HEIGHT="57">
						<String ID="P463_ST00275" HPOS="249" VPOS="1686" WIDTH="157" HEIGHT="38" CONTENT="visionary" WC="0.65" CC="162207207"/>
						<SP ID="P463_SP00244" HPOS="406" VPOS="1724" WIDTH="16"/>
						<String ID="P463_ST00276" HPOS="422" VPOS="1681" WIDTH="140" HEIGHT="31" CONTENT="schemes" WC="0.71" CC="5360400"/>
						<SP ID="P463_SP00245" HPOS="562" VPOS="1724" WIDTH="16"/>
						<String ID="P463_ST00277" HPOS="578" VPOS="1678" WIDTH="62" HEIGHT="31" CONTENT="and" WC="0.57" CC="075"/>
						<SP ID="P463_SP00246" HPOS="640" VPOS="1724" WIDTH="15"/>
						<String ID="P463_ST00278" HPOS="655" VPOS="1675" WIDTH="131" HEIGHT="31" CONTENT="infernal" WC="0.65" CC="27005706"/>
						<SP ID="P463_SP00247" HPOS="786" VPOS="1724" WIDTH="15"/>
						<String ID="P463_ST00279" HPOS="801" VPOS="1678" WIDTH="71" HEIGHT="26" CONTENT="arts." WC="0.82" CC="60020"/>
						<SP ID="P463_SP00248" HPOS="872" VPOS="1724" WIDTH="45"/>
						<String ID="P463_ST00280" HPOS="917" VPOS="1671" WIDTH="69" HEIGHT="30" CONTENT="The" WC="0.82" CC="050"/>
						<SP ID="P463_SP00249" HPOS="986" VPOS="1724" WIDTH="15"/>
						<String ID="P463_ST00281" HPOS="1001" VPOS="1670" WIDTH="65" HEIGHT="29" CONTENT="link" WC="0.61" CC="0366"/>
						<SP ID="P463_SP00250" HPOS="1066" VPOS="1724" WIDTH="16"/>
						<String ID="P463_ST00282" HPOS="1082" VPOS="1670" WIDTH="67" HEIGHT="29" CONTENT="that" WC="0.67" CC="0353"/>
						<SP ID="P463_SP00251" HPOS="1149" VPOS="1724" WIDTH="15"/>
						<String ID="P463_ST00283" HPOS="1164" VPOS="1668" WIDTH="90" HEIGHT="30" CONTENT="binds" WC="0.68" CC="03713"/>
						<SP ID="P463_SP00252" HPOS="1254" VPOS="1724" WIDTH="22"/>
						<String ID="P463_ST00284" HPOS="1276" VPOS="1667" WIDTH="144" HEIGHT="40" CONTENT="together" WC="0.67" CC="05502706"/>
						<SP ID="P463_SP00253" HPOS="1420" VPOS="1724" WIDTH="22"/>
						<String ID="P463_ST00285" HPOS="1442" VPOS="1667" WIDTH="153" HEIGHT="39" CONTENT="superiors" WC="0.76" CC="000066052"/>
					</TextLine>
					<TextLine ID="P463_TL00029" HPOS="251" VPOS="1717" WIDTH="1347" HEIGHT="51">
						<String ID="P463_ST00286" HPOS="251" VPOS="1737" WIDTH="60" HEIGHT="31" CONTENT="and" WC="0.50" CC="086"/>
						<SP ID="P463_SP00254" HPOS="311" VPOS="1768" WIDTH="17"/>
						<String ID="P463_ST00287" HPOS="328" VPOS="1734" WIDTH="146" HEIGHT="31" CONTENT="inferiors" WC="0.60" CC="636015271"/>
						<SP ID="P463_SP00255" HPOS="474" VPOS="1768" WIDTH="15"/>
						<String ID="P463_ST00288" HPOS="489" VPOS="1732" WIDTH="25" HEIGHT="29" CONTENT="is" WC="0.20" CC="87"/>
						<SP ID="P463_SP00256" HPOS="514" VPOS="1768" WIDTH="15"/>
						<String ID="P463_ST00289" HPOS="529" VPOS="1730" WIDTH="128" HEIGHT="31" CONTENT="broken." WC="0.72" CC="0080083"/>
						<SP ID="P463_SP00257" HPOS="657" VPOS="1768" WIDTH="46"/>
						<String ID="P463_ST00290" HPOS="703" VPOS="1726" WIDTH="104" HEIGHT="32" CONTENT="There" WC="0.81" CC="08000"/>
						<SP ID="P463_SP00258" HPOS="807" VPOS="1768" WIDTH="22"/>
						<String ID="P463_ST00291" HPOS="829" VPOS="1725" WIDTH="25" HEIGHT="29" CONTENT="is" WC="0.52" CC="36"/>
						<SP ID="P463_SP00259" HPOS="854" VPOS="1768" WIDTH="22"/>
						<String ID="P463_ST00292" HPOS="876" VPOS="1722" WIDTH="80" HEIGHT="31" CONTENT="little" WC="0.87" CC="700000"/>
						<SP ID="P463_SP00260" HPOS="956" VPOS="1768" WIDTH="16"/>
						<String ID="P463_ST00293" HPOS="972" VPOS="1721" WIDTH="37" HEIGHT="31" CONTENT="of" WC="0.87" CC="20"/>
						<SP ID="P463_SP00261" HPOS="1009" VPOS="1768" WIDTH="17"/>
						<String ID="P463_ST00294" HPOS="1026" VPOS="1720" WIDTH="98" HEIGHT="31" CONTENT="either" WC="0.74" CC="020606"/>
						<SP ID="P463_SP00262" HPOS="1124" VPOS="1768" WIDTH="25"/>
						<String ID="P463_ST00295" HPOS="1149" VPOS="1719" WIDTH="182" HEIGHT="30" CONTENT="conscience" WC="0.77" CC="1080600500"/>
						<SP ID="P463_SP00263" HPOS="1331" VPOS="1768" WIDTH="23"/>
						<String ID="P463_ST00296" HPOS="1354" VPOS="1729" WIDTH="35" HEIGHT="19" CONTENT="or" WC="0.55" CC="53"/>
						<SP ID="P463_SP00264" HPOS="1389" VPOS="1768" WIDTH="24"/>
						<String ID="P463_ST00297" HPOS="1413" VPOS="1729" WIDTH="17" HEIGHT="19" CONTENT="a" WC="1.00" CC="0"/>
						<SP ID="P463_SP00265" HPOS="1430" VPOS="1768" WIDTH="23"/>
						<String ID="P463_ST00298" HPOS="1453" VPOS="1727" WIDTH="87" HEIGHT="20" CONTENT="sense" WC="0.81" CC="00620"/>
						<SP ID="P463_SP00266" HPOS="1540" VPOS="1768" WIDTH="23"/>
						<String ID="P463_ST00299" HPOS="1563" VPOS="1717" WIDTH="35" HEIGHT="29" CONTENT="of" WC="0.70" CC="05"/>
					</TextLine>
					<TextLine ID="P463_TL00030" HPOS="251" VPOS="1768" WIDTH="1343" HEIGHT="55">
						<String ID="P463_ST00300" HPOS="251" VPOS="1790" WIDTH="116" HEIGHT="29" CONTENT="shame." WC="0.74" CC="180500"/>
						<SP ID="P463_SP00267" HPOS="367" VPOS="1819" WIDTH="47"/>
						<String ID="P463_ST00301" HPOS="414" VPOS="1785" WIDTH="66" HEIGHT="30" CONTENT="Not" WC="0.89" CC="300"/>
						<SP ID="P463_SP00268" HPOS="480" VPOS="1819" WIDTH="22"/>
						<String ID="P463_ST00302" HPOS="502" VPOS="1782" WIDTH="74" HEIGHT="41" CONTENT="only" WC="0.48" CC="3637"/>
						<SP ID="P463_SP00269" HPOS="576" VPOS="1823" WIDTH="23"/>
						<String ID="P463_ST00303" HPOS="599" VPOS="1781" WIDTH="41" HEIGHT="30" CONTENT="do" WC="0.60" CC="25"/>
						<SP ID="P463_SP00270" HPOS="640" VPOS="1823" WIDTH="23"/>
						<String ID="P463_ST00304" HPOS="663" VPOS="1781" WIDTH="74" HEIGHT="39" CONTENT="they" WC="0.64" CC="0608"/>
						<SP ID="P463_SP00271" HPOS="737" VPOS="1823" WIDTH="20"/>
						<String ID="P463_ST00305" HPOS="757" VPOS="1776" WIDTH="126" HEIGHT="41" CONTENT="neglect" WC="0.70" CC="8064000"/>
						<SP ID="P463_SP00272" HPOS="883" VPOS="1823" WIDTH="21"/>
						<String ID="P463_ST00306" HPOS="904" VPOS="1779" WIDTH="32" HEIGHT="25" CONTENT="to" WC="0.66" CC="23"/>
						<SP ID="P463_SP00273" HPOS="936" VPOS="1823" WIDTH="19"/>
						<String ID="P463_ST00307" HPOS="955" VPOS="1773" WIDTH="78" HEIGHT="40" CONTENT="obey" WC="0.75" CC="1008"/>
						<SP ID="P463_SP00274" HPOS="1033" VPOS="1823" WIDTH="22"/>
						<String ID="P463_ST00308" HPOS="1055" VPOS="1771" WIDTH="54" HEIGHT="30" CONTENT="the" WC="0.77" CC="060"/>
						<SP ID="P463_SP00275" HPOS="1109" VPOS="1823" WIDTH="23"/>
						<String ID="P463_ST00309" HPOS="1132" VPOS="1770" WIDTH="206" HEIGHT="30" CONTENT="admonitions" WC="0.53" CC="17627543036"/>
						<SP ID="P463_SP00276" HPOS="1338" VPOS="1823" WIDTH="23"/>
						<String ID="P463_ST00310" HPOS="1361" VPOS="1768" WIDTH="99" HEIGHT="30" CONTENT="which" WC="0.46" CC="71637"/>
						<SP ID="P463_SP00277" HPOS="1460" VPOS="1823" WIDTH="23"/>
						<String ID="P463_ST00311" HPOS="1483" VPOS="1768" WIDTH="16" HEIGHT="29" CONTENT="I" WC="0.90" CC="0"/>
						<SP ID="P463_SP00278" HPOS="1499" VPOS="1823" WIDTH="24"/>
						<String ID="P463_ST00312" HPOS="1523" VPOS="1768" WIDTH="71" HEIGHT="40" CONTENT="give" WC="0.73" CC="4132"/>
					</TextLine>
					<TextLine ID="P463_TL00031" HPOS="249" VPOS="1819" WIDTH="1345" HEIGHT="57">
						<String ID="P463_ST00313" HPOS="249" VPOS="1842" WIDTH="87" HEIGHT="31" CONTENT="them" WC="0.79" CC="0700"/>
						<SP ID="P463_SP00279" HPOS="336" VPOS="1873" WIDTH="14"/>
						<String ID="P463_ST00314" HPOS="350" VPOS="1852" WIDTH="9" HEIGHT="24" CONTENT=";" WC="0.23" CC="7"/>
						<SP ID="P463_SP00280" HPOS="359" VPOS="1876" WIDTH="25"/>
						<String ID="P463_ST00315" HPOS="384" VPOS="1838" WIDTH="66" HEIGHT="34" CONTENT="but," WC="0.84" CC="0600"/>
						<SP ID="P463_SP00281" HPOS="450" VPOS="1876" WIDTH="25"/>
						<String ID="P463_ST00316" HPOS="475" VPOS="1844" WIDTH="78" HEIGHT="21" CONTENT="even" WC="0.69" CC="0605"/>
						<SP ID="P463_SP00282" HPOS="553" VPOS="1876" WIDTH="23"/>
						<String ID="P463_ST00317" HPOS="576" VPOS="1833" WIDTH="75" HEIGHT="31" CONTENT="with" WC="0.69" CC="8022"/>
						<SP ID="P463_SP00283" HPOS="651" VPOS="1876" WIDTH="23"/>
						<String ID="P463_ST00318" HPOS="674" VPOS="1834" WIDTH="122" HEIGHT="37" CONTENT="respect" WC="0.85" CC="1035000"/>
						<SP ID="P463_SP00284" HPOS="796" VPOS="1876" WIDTH="22"/>
						<String ID="P463_ST00319" HPOS="818" VPOS="1833" WIDTH="32" HEIGHT="25" CONTENT="to" WC="1.00" CC="00"/>
						<SP ID="P463_SP00285" HPOS="850" VPOS="1876" WIDTH="22"/>
						<String ID="P463_ST00320" HPOS="872" VPOS="1826" WIDTH="87" HEIGHT="31" CONTENT="those" WC="0.74" CC="06301"/>
						<SP ID="P463_SP00286" HPOS="959" VPOS="1876" WIDTH="24"/>
						<String ID="P463_ST00321" HPOS="983" VPOS="1823" WIDTH="162" HEIGHT="30" CONTENT="traitorous" WC="0.71" CC="1770045000"/>
						<SP ID="P463_SP00287" HPOS="1145" VPOS="1876" WIDTH="22"/>
						<String ID="P463_ST00322" HPOS="1167" VPOS="1820" WIDTH="142" HEIGHT="35" CONTENT="banditti," WC="0.73" CC="046000066"/>
						<SP ID="P463_SP00288" HPOS="1309" VPOS="1876" WIDTH="28"/>
						<String ID="P463_ST00323" HPOS="1337" VPOS="1819" WIDTH="70" HEIGHT="30" CONTENT="who" WC="0.27" CC="785"/>
						<SP ID="P463_SP00289" HPOS="1407" VPOS="1876" WIDTH="23"/>
						<String ID="P463_ST00324" HPOS="1430" VPOS="1819" WIDTH="89" HEIGHT="29" CONTENT="make" WC="0.76" CC="4500"/>
						<SP ID="P463_SP00290" HPOS="1519" VPOS="1876" WIDTH="22"/>
						<String ID="P463_ST00325" HPOS="1541" VPOS="1819" WIDTH="53" HEIGHT="29" CONTENT="the" WC="0.86" CC="040"/>
					</TextLine>
					<TextLine ID="P463_TL00032" HPOS="249" VPOS="1869" WIDTH="1343" HEIGHT="58">
						<String ID="P463_ST00326" HPOS="249" VPOS="1897" WIDTH="83" HEIGHT="27" CONTENT="most" WC="0.35" CC="8564"/>
						<SP ID="P463_SP00291" HPOS="332" VPOS="1924" WIDTH="14"/>
						<String ID="P463_ST00327" HPOS="346" VPOS="1888" WIDTH="135" HEIGHT="32" CONTENT="horrible" WC="0.72" CC="05850002"/>
						<SP ID="P463_SP00292" HPOS="481" VPOS="1924" WIDTH="17"/>
						<String ID="P463_ST00328" HPOS="498" VPOS="1885" WIDTH="176" HEIGHT="42" CONTENT="opposition" WC="0.54" CC="7305700567"/>
						<SP ID="P463_SP00293" HPOS="674" VPOS="1927" WIDTH="17"/>
						<String ID="P463_ST00329" HPOS="691" VPOS="1888" WIDTH="32" HEIGHT="25" CONTENT="to" WC="0.93" CC="10"/>
						<SP ID="P463_SP00294" HPOS="723" VPOS="1927" WIDTH="16"/>
						<String ID="P463_ST00330" HPOS="739" VPOS="1891" WIDTH="48" HEIGHT="21" CONTENT="me" WC="0.59" CC="80"/>
						<SP ID="P463_SP00295" HPOS="787" VPOS="1927" WIDTH="13"/>
						<String ID="P463_ST00331" HPOS="800" VPOS="1893" WIDTH="7" HEIGHT="25" CONTENT=";" WC="0.22" CC="7"/>
						<SP ID="P463_SP00296" HPOS="807" VPOS="1927" WIDTH="17"/>
						<String ID="P463_ST00332" HPOS="824" VPOS="1880" WIDTH="25" HEIGHT="29" CONTENT="it" WC="0.72" CC="50"/>
						<SP ID="P463_SP00297" HPOS="849" VPOS="1927" WIDTH="12"/>
						<String ID="P463_ST00333" HPOS="861" VPOS="1878" WIDTH="105" HEIGHT="30" CONTENT="affects" WC="0.63" CC="6331308"/>
						<SP ID="P463_SP00298" HPOS="966" VPOS="1927" WIDTH="15"/>
						<String ID="P463_ST00334" HPOS="981" VPOS="1880" WIDTH="55" HEIGHT="25" CONTENT="not" WC="0.42" CC="853"/>
						<SP ID="P463_SP00299" HPOS="1036" VPOS="1927" WIDTH="14"/>
						<String ID="P463_ST00335" HPOS="1050" VPOS="1874" WIDTH="81" HEIGHT="29" CONTENT="their" WC="0.70" CC="03046"/>
						<SP ID="P463_SP00300" HPOS="1131" VPOS="1927" WIDTH="14"/>
						<String ID="P463_ST00336" HPOS="1145" VPOS="1872" WIDTH="102" HEIGHT="30" CONTENT="minds" WC="0.32" CC="67487"/>
						<SP ID="P463_SP00301" HPOS="1247" VPOS="1927" WIDTH="11"/>
						<String ID="P463_ST00337" HPOS="1258" VPOS="1871" WIDTH="31" HEIGHT="29" CONTENT="in" WC="0.41" CC="46"/>
						<SP ID="P463_SP00302" HPOS="1289" VPOS="1927" WIDTH="13"/>
						<String ID="P463_ST00338" HPOS="1302" VPOS="1870" WIDTH="52" HEIGHT="31" CONTENT="the" WC="0.51" CC="076"/>
						<SP ID="P463_SP00303" HPOS="1354" VPOS="1927" WIDTH="11"/>
						<String ID="P463_ST00339" HPOS="1365" VPOS="1870" WIDTH="78" HEIGHT="30" CONTENT="least" WC="0.65" CC="50262"/>
						<SP ID="P463_SP00304" HPOS="1443" VPOS="1927" WIDTH="15"/>
						<String ID="P463_ST00340" HPOS="1458" VPOS="1869" WIDTH="113" HEIGHT="41" CONTENT="degree" WC="0.75" CC="016700"/>
						<SP ID="P463_SP00305" HPOS="1571" VPOS="1927" WIDTH="13"/>
						<String ID="P463_ST00341" HPOS="1584" VPOS="1883" WIDTH="8" HEIGHT="24" CONTENT=";" WC="0.17" CC="8"/>
					</TextLine>
					<TextLine ID="P463_TL00033" HPOS="250" VPOS="1922" WIDTH="1341" HEIGHT="63">
						<String ID="P463_ST00342" HPOS="250" VPOS="1946" WIDTH="76" HEIGHT="39" CONTENT="they" WC="0.59" CC="0807"/>
						<SP ID="P463_SP00306" HPOS="326" VPOS="1985" WIDTH="16"/>
						<String ID="P463_ST00343" HPOS="342" VPOS="1952" WIDTH="95" HEIGHT="21" CONTENT="never" WC="0.67" CC="70503"/>
						<SP ID="P463_SP00307" HPOS="437" VPOS="1985" WIDTH="15"/>
						<String ID="P463_ST00344" HPOS="452" VPOS="1940" WIDTH="72" HEIGHT="40" CONTENT="give" WC="0.47" CC="4564"/>
						<SP ID="P463_SP00308" HPOS="524" VPOS="1985" WIDTH="23"/>
						<String ID="P463_ST00345" HPOS="547" VPOS="1937" WIDTH="54" HEIGHT="31" CONTENT="the" WC="0.77" CC="060"/>
						<SP ID="P463_SP00309" HPOS="601" VPOS="1985" WIDTH="23"/>
						<String ID="P463_ST00346" HPOS="624" VPOS="1935" WIDTH="122" HEIGHT="41" CONTENT="subject" WC="0.44" CC="7685308"/>
						<SP ID="P463_SP00310" HPOS="746" VPOS="1985" WIDTH="22"/>
						<String ID="P463_ST00347" HPOS="768" VPOS="1943" WIDTH="16" HEIGHT="19" CONTENT="a" WC="0.50" CC="4"/>
						<SP ID="P463_SP00311" HPOS="784" VPOS="1985" WIDTH="23"/>
						<String ID="P463_ST00348" HPOS="807" VPOS="1928" WIDTH="142" HEIGHT="41" CONTENT="thought." WC="0.57" CC="08534704"/>
						<SP ID="P463_SP00312" HPOS="949" VPOS="1985" WIDTH="46"/>
						<String ID="P463_ST00349" HPOS="995" VPOS="1927" WIDTH="30" HEIGHT="29" CONTENT="It" WC="0.97" CC="00"/>
						<SP ID="P463_SP00313" HPOS="1025" VPOS="1985" WIDTH="22"/>
						<String ID="P463_ST00350" HPOS="1047" VPOS="1926" WIDTH="25" HEIGHT="29" CONTENT="is" WC="0.53" CC="35"/>
						<SP ID="P463_SP00314" HPOS="1072" VPOS="1985" WIDTH="21"/>
						<String ID="P463_ST00351" HPOS="1093" VPOS="1924" WIDTH="114" HEIGHT="30" CONTENT="indeed" WC="0.72" CC="660003"/>
						<SP ID="P463_SP00315" HPOS="1207" VPOS="1985" WIDTH="22"/>
						<String ID="P463_ST00352" HPOS="1229" VPOS="1922" WIDTH="206" HEIGHT="41" CONTENT="monstrously" WC="0.48" CC="71870640838"/>
						<SP ID="P463_SP00316" HPOS="1435" VPOS="1985" WIDTH="16"/>
						<String ID="P463_ST00353" HPOS="1451" VPOS="1926" WIDTH="123" HEIGHT="35" CONTENT="strange" WC="0.63" CC="4004870"/>
						<String ID="P463_ST00354" HPOS="1586" VPOS="1922" WIDTH="5" HEIGHT="28" CONTENT="!" WC="1.00" CC="0"/>
					</TextLine>
					<TextLine ID="P463_TL00034" HPOS="250" VPOS="1971" WIDTH="1342" HEIGHT="60">
						<String ID="P463_ST00355" HPOS="250" VPOS="1997" WIDTH="86" HEIGHT="32" CONTENT="That" WC="0.93" CC="0002"/>
						<SP ID="P463_SP00317" HPOS="336" VPOS="2029" WIDTH="14"/>
						<String ID="P463_ST00356" HPOS="350" VPOS="1994" WIDTH="103" HEIGHT="31" CONTENT="which" WC="0.37" CC="77645"/>
						<SP ID="P463_SP00318" HPOS="453" VPOS="2029" WIDTH="17"/>
						<String ID="P463_ST00357" HPOS="470" VPOS="1991" WIDTH="117" HEIGHT="40" CONTENT="weighs" WC="0.53" CC="705761"/>
						<SP ID="P463_SP00319" HPOS="587" VPOS="2031" WIDTH="15"/>
						<String ID="P463_ST00358" HPOS="602" VPOS="1988" WIDTH="77" HEIGHT="31" CONTENT="with" WC="0.57" CC="8503"/>
						<SP ID="P463_SP00320" HPOS="679" VPOS="2031" WIDTH="16"/>
						<String ID="P463_ST00359" HPOS="695" VPOS="1986" WIDTH="84" HEIGHT="31" CONTENT="them" WC="0.73" CC="0306"/>
						<SP ID="P463_SP00321" HPOS="779" VPOS="2031" WIDTH="16"/>
						<String ID="P463_ST00360" HPOS="795" VPOS="1983" WIDTH="26" HEIGHT="30" CONTENT="is" WC="0.36" CC="75"/>
						<SP ID="P463_SP00322" HPOS="821" VPOS="2031" WIDTH="15"/>
						<String ID="P463_ST00361" HPOS="836" VPOS="1980" WIDTH="81" HEIGHT="32" CONTENT="their" WC="0.78" CC="06004"/>
						<SP ID="P463_SP00323" HPOS="917" VPOS="2031" WIDTH="17"/>
						<String ID="P463_ST00362" HPOS="934" VPOS="1987" WIDTH="125" HEIGHT="32" CONTENT="persons" WC="0.55" CC="1044668"/>
						<SP ID="P463_SP00324" HPOS="1059" VPOS="2031" WIDTH="15"/>
						<String ID="P463_ST00363" HPOS="1074" VPOS="1975" WIDTH="59" HEIGHT="31" CONTENT="and" WC="0.28" CC="767"/>
						<SP ID="P463_SP00325" HPOS="1133" VPOS="2031" WIDTH="17"/>
						<String ID="P463_ST00364" HPOS="1150" VPOS="1974" WIDTH="131" HEIGHT="30" CONTENT="families" WC="0.64" CC="65703005"/>
						<SP ID="P463_SP00326" HPOS="1281" VPOS="2031" WIDTH="14"/>
						<String ID="P463_ST00365" HPOS="1295" VPOS="1987" WIDTH="8" HEIGHT="25" CONTENT=";" WC="0.17" CC="8"/>
						<SP ID="P463_SP00327" HPOS="1303" VPOS="2031" WIDTH="24"/>
						<String ID="P463_ST00366" HPOS="1327" VPOS="1974" WIDTH="54" HEIGHT="30" CONTENT="the" WC="0.74" CC="070"/>
						<SP ID="P463_SP00328" HPOS="1381" VPOS="2031" WIDTH="22"/>
						<String ID="P463_ST00367" HPOS="1403" VPOS="1974" WIDTH="105" HEIGHT="30" CONTENT="nation" WC="0.50" CC="840528"/>
						<SP ID="P463_SP00329" HPOS="1508" VPOS="2031" WIDTH="24"/>
						<String ID="P463_ST00368" HPOS="1532" VPOS="1971" WIDTH="60" HEIGHT="30" CONTENT="and" WC="0.55" CC="580"/>
					</TextLine>
					<TextLine ID="P463_TL00035" HPOS="248" VPOS="2030" WIDTH="768" HEIGHT="62">
						<String ID="P463_ST00369" HPOS="248" VPOS="2051" WIDTH="218" HEIGHT="41" CONTENT="government," WC="0.60" CC="74047671203"/>
						<SP ID="P463_SP00330" HPOS="466" VPOS="2092" WIDTH="21"/>
						<String ID="P463_ST00370" HPOS="487" VPOS="2045" WIDTH="75" HEIGHT="40" CONTENT="they" WC="0.71" CC="0218"/>
						<SP ID="P463_SP00331" HPOS="562" VPOS="2092" WIDTH="16"/>
						<String ID="P463_ST00371" HPOS="578" VPOS="2040" WIDTH="142" HEIGHT="33" CONTENT="consider" WC="0.50" CC="06766804"/>
						<SP ID="P463_SP00332" HPOS="720" VPOS="2092" WIDTH="15"/>
						<String ID="P463_ST00372" HPOS="735" VPOS="2035" WIDTH="80" HEIGHT="42" CONTENT="light" WC="0.39" CC="56682"/>
						<SP ID="P463_SP00333" HPOS="815" VPOS="2092" WIDTH="14"/>
						<String ID="P463_ST00373" HPOS="829" VPOS="2044" WIDTH="32" HEIGHT="19" CONTENT="as" WC="0.39" CC="56"/>
						<SP ID="P463_SP00334" HPOS="861" VPOS="2092" WIDTH="15"/>
						<String ID="P463_ST00374" HPOS="876" VPOS="2030" WIDTH="140" HEIGHT="39" CONTENT="nothing." WC="0.28" CC="85886774"/>
					</TextLine>
				</TextBlock>
			</PrintSpace>
		</Page>
	</Layout>
</alto>
